Unnamed: 0,fecha,descripcion,tienda,precio
12814,2023-12-14,cigllo cjtlla pqte red marlboro 20 und,A1,9450.0
13182,2023-12-15,cigllo cjtlla pqte red marlboro 20 und,A1,9450.0
13552,2023-12-16,cigllo cjtlla pqte red marlboro 20 und,A1,9450.0
13957,2023-12-17,cigllo cjtlla pqte red marlboro 20 und,A1,9450.0
14362,2023-12-18,cigllo cjtlla pqte red marlboro 20 und,A1,9450.0
14766,2023-12-19,cigllo cjtlla pqte red marlboro 20 und,A1,9450.0
15170,2023-12-20,cigllo cjtlla pqte red marlboro 20 und,A1,9450.0
15572,2023-12-21,cigllo cjtlla pqte red marlboro 20 und,A1,9450.0
15966,2023-12-22,cigllo cjtlla pqte red marlboro 20 und,A1,9450.0
16363,2023-12-23,cigllo cjtlla pqte red marlboro 20 und,A1,9450.0
16759,2023-12-24,cigllo cjtlla pqte red marlboro 20 und,A1,9450.0
17153,2023-12-25,cigllo cjtlla pqte red marlboro 20 und,A1,9450.0
17546,2023-12-26,cigllo cjtlla pqte red marlboro 20 und,A1,9450.0
19340,2024-02-15,cigllo cjtlla pqte red marlboro 20 und,A1,9450.0
20001,2024-02-16,cigllo cjtlla pqte red marlboro 20 und,A1,9450.0
20634,2024-02-17,cigllo cjtlla pqte red marlboro 20 und,A1,9450.0
21274,2024-02-18,cigllo cjtlla pqte red marlboro 20 und,A1,9450.0
21911,2024-02-19,cigllo cjtlla pqte red marlboro 20 und,A1,9450.0
22547,2024-02-20,cigllo cjtlla pqte red marlboro 20 und,A1,9450.0
23166,2024-02-21,cigllo cjtlla pqte red marlboro 20 und,A1,9450.0
23794,2024-02-22,cigllo cjtlla pqte red marlboro 20 und,A1,9450.0
24229,2024-02-23,cigllo cjtlla pqte red marlboro 20 und,A1,9450.0
24629,2024-02-24,cigllo cjtlla pqte red marlboro 20 und,A1,9450.0
25204,2024-02-25,cigllo cjtlla pqte red marlboro 20 und,A1,9450.0
25839,2024-02-26,cigllo cjtlla pqte red marlboro 20 und,A1,9450.0
26452,2024-02-27,cigllo cjtlla pqte red marlboro 20 und,A1,9450.0
27182,2024-02-29,cigllo cjtlla pqte red marlboro 20 und,A1,9450.0
27661,2024-03-01,cigllo cjtlla pqte red marlboro 20 und,A1,9450.0
28468,2024-03-04,cigllo cjtlla pqte red marlboro 20 und,A1,9450.0
29096,2024-03-05,cigllo cjtlla pqte red marlboro 20 und,A1,9450.0
29730,2024-03-06,cigllo cjtlla pqte red marlboro 20 und,A1,9450.0
30367,2024-03-07,cigllo cjtlla pqte red marlboro 20 und,A1,9450.0
31024,2024-03-08,cigllo cjtlla pqte red marlboro 20 und,A1,9450.0
31679,2024-03-09,cigllo cjtlla pqte red marlboro 20 und,A1,9450.0
32334,2024-03-10,cigllo cjtlla pqte red marlboro 20 und,A1,9450.0
32905,2024-03-11,cigllo cjtlla pqte red marlboro 20 und,A1,9450.0
33483,2024-03-12,cigllo cjtlla pqte red marlboro 20 und,A1,9450.0
34135,2024-03-14,cigllo cjtlla pqte red marlboro 20 und,A1,9450.0
34718,2024-03-15,cigllo cjtlla pqte red marlboro 20 und,A1,9450.0
35287,2024-03-16,cigllo cjtlla pqte red marlboro 20 und,A1,9450.0
35955,2024-03-17,cigllo cjtlla pqte red marlboro 20 und,A1,9450.0
36459,2024-03-18,agua micelar effaclar la rocheposay 200 ml,A1,105000.0
36858,2024-03-18,base daiquiri fresa master 1000 ml,A1,34700.0
36904,2024-03-18,bebida alcoholica lychee eniwer ready to drink 269 ml,A1,8800.0
37571,2024-03-18,cigllo cjtlla pqte red marlboro 20 und,A1,9450.0
37650,2024-03-18,coche paseador bebe tipo maleta mikey blanco negro maxibaby,A1,399900.0
37678,2024-03-18,coctel de ron zombie bacardi 750 ml,A1,49000.0
38119,2024-03-18,filtro de agua para nevera samsung da29 00020b,A1,149900.0
38993,2024-03-18,jugo taeq naranja 1 und,A1,4700.0
39148,2024-03-18,leche en polvo clasica klim 2400 gr,A1,107400.0
39166,2024-03-18,leche en polvo gramos zymil 380 gr,A1,19050.0
39987,2024-03-18,ron roble blanco viejo de caldas 750 ml,A1,44300.0
40176,2024-03-18,te instantaneo sabor frutos rojos frescampo 300 gr,A1,7360.0
40226,2024-03-18,tequila 70 anejo cristalino don julio 700 ml,A1,370000.0
40510,2024-03-18,vino blanco sauvignon blanc volcanes 750 ml,A1,84000.0
40538,2024-03-18,vino carmenere cono sur 750 ml,A1,60900.0
40979,2024-03-18,whisky 10 anos talisker 700 ml,A1,252900.0
40982,2024-03-18,whisky 12 anos deluxe buchanan s 1000 ml,A1,181220.0
41288,2024-03-19,agua micelar effaclar la rocheposay 200 ml,A1,105000.0
41686,2024-03-19,base daiquiri fresa master 1000 ml,A1,34700.0
41733,2024-03-19,bebida alcoholica lychee eniwer ready to drink 269 ml,A1,8800.0
42380,2024-03-19,cigllo cjtlla pqte red marlboro 20 und,A1,9450.0
42458,2024-03-19,coche paseador bebe tipo maleta mikey blanco negro maxibaby,A1,399900.0
42486,2024-03-19,coctel de ron zombie bacardi 750 ml,A1,49000.0
42906,2024-03-19,filtro de agua para nevera samsung da29 00020b,A1,149900.0
43763,2024-03-19,jugo taeq naranja 1 und,A1,4700.0
43912,2024-03-19,leche en polvo clasica klim 2400 gr,A1,107400.0
43930,2024-03-19,leche en polvo gramos zymil 380 gr,A1,19050.0
44690,2024-03-19,ron roble blanco viejo de caldas 750 ml,A1,44300.0
44867,2024-03-19,te instantaneo sabor frutos rojos frescampo 300 gr,A1,7360.0
44917,2024-03-19,tequila 70 anejo cristalino don julio 700 ml,A1,370000.0
45193,2024-03-19,vino blanco sauvignon blanc volcanes 750 ml,A1,84000.0
45223,2024-03-19,vino carmenere cono sur 750 ml,A1,60900.0
45666,2024-03-19,whisky 10 anos talisker 700 ml,A1,252900.0
45669,2024-03-19,whisky 12 anos deluxe buchanan s 1000 ml,A1,181220.0
45986,2024-03-20,agua micelar effaclar la rocheposay 200 ml,A1,105000.0
47071,2024-03-20,cigllo cjtlla pqte red marlboro 20 und,A1,9450.0
47150,2024-03-20,coche paseador bebe tipo maleta mikey blanco negro maxibaby,A1,399900.0
47177,2024-03-20,coctel de ron zombie bacardi 750 ml,A1,49000.0
47605,2024-03-20,filtro de agua para nevera samsung da29 00020b,A1,149900.0
48465,2024-03-20,jugo taeq naranja 1 und,A1,4700.0
48613,2024-03-20,leche en polvo clasica klim 2400 gr,A1,107400.0
48631,2024-03-20,leche en polvo gramos zymil 380 gr,A1,19050.0
49442,2024-03-20,ron roble blanco viejo de caldas 750 ml,A1,44300.0
49628,2024-03-20,te instantaneo sabor frutos rojos frescampo 300 gr,A1,7360.0
49680,2024-03-20,tequila 70 anejo cristalino don julio 700 ml,A1,370000.0
49919,2024-03-20,vino blanco sauvignon blanc volcanes 750 ml,A1,84000.0
49948,2024-03-20,vino carmenere cono sur 750 ml,A1,60900.0
50346,2024-03-20,whisky 10 anos talisker 700 ml,A1,252900.0
50349,2024-03-20,whisky 12 anos deluxe buchanan s 1000 ml,A1,181220.0
50661,2024-03-21,agua micelar effaclar la rocheposay 200 ml,A1,105000.0
51066,2024-03-21,base daiquiri fresa master 1000 ml,A1,34700.0
51113,2024-03-21,bebida alcoholica lychee eniwer ready to drink 269 ml,A1,8800.0
51785,2024-03-21,cigllo cjtlla pqte red marlboro 20 und,A1,9450.0
51841,2024-03-21,coche paseador bebe tipo maleta mikey blanco negro maxibaby,A1,399900.0
51869,2024-03-21,coctel de ron zombie bacardi 750 ml,A1,49000.0
52318,2024-03-21,filtro de agua para nevera samsung da29 00020b,A1,149900.0
53175,2024-03-21,jugo taeq naranja 1 und,A1,4700.0
53323,2024-03-21,leche en polvo clasica klim 2400 gr,A1,80550.0
53341,2024-03-21,leche en polvo gramos zymil 380 gr,A1,19050.0
54179,2024-03-21,ron roble blanco viejo de caldas 750 ml,A1,44300.0
54369,2024-03-21,te instantaneo sabor frutos rojos frescampo 300 gr,A1,7360.0
54423,2024-03-21,tequila 70 anejo cristalino don julio 700 ml,A1,370000.0
54699,2024-03-21,vino blanco sauvignon blanc volcanes 750 ml,A1,84000.0
54729,2024-03-21,vino carmenere cono sur 750 ml,A1,60900.0
55171,2024-03-21,whisky 10 anos talisker 700 ml,A1,252900.0
55174,2024-03-21,whisky 12 anos deluxe buchanan s 1000 ml,A1,181220.0
55423,2024-03-22,acondicionador loreal inforcer 200ml serie expert,A1,108000.0
55509,2024-03-22,agua micelar effaclar la rocheposay 200 ml,A1,105000.0
56200,2024-03-22,base daiquiri fresa master 1000 ml,A1,34700.0
56276,2024-03-22,bebida alcoholica lychee eniwer ready to drink 269 ml,A1,7040.0
56962,2024-03-22,carne de diablo lata zenu 80 gr,A1,10550.0
57394,2024-03-22,cigllo cjtlla pqte red marlboro 20 und,A1,9450.0
57438,2024-03-22,coctel de ron zombie bacardi 750 ml,A1,49000.0
58203,2024-03-22,filete de pechuga finas hierba pollocoa 850 gr,A1,36600.0
58250,2024-03-22,filtro de agua para nevera samsung da29 00020b,A1,149900.0
58886,2024-03-22,harry potter mini pack harry amp cho,A1,71920.0
59079,2024-03-22,jamon de pavo ahumado delipavo,A1,22200.0
59734,2024-03-22,jugo taeq naranja 1 und,A1,4700.0
59935,2024-03-22,leche en polvo clasica klim 2400 gr,A1,106350.0
59953,2024-03-22,leche en polvo gramos zymil 380 gr,A1,19050.0
61373,2024-03-22,postre helado frutos del bosqu popsy 900 gr,A1,60800.0
61768,2024-03-22,ron roble blanco viejo de caldas 750 ml,A1,44300.0
62310,2024-03-22,te instantaneo sabor frutos rojos frescampo 300 gr,A1,7360.0
62372,2024-03-22,tequila 70 anejo cristalino don julio 700 ml,A1,370000.0
62771,2024-03-22,vino blanco sauvignon blanc volcanes 750 ml,A1,84000.0
62800,2024-03-22,vino carmenere cono sur 750 ml,A1,60900.0
63260,2024-03-22,whisky 10 anos talisker 700 ml,A1,252900.0
63263,2024-03-22,whisky 12 anos deluxe buchanan s 1000 ml,A1,181220.0
63555,2024-03-23,acondicionador loreal inforcer 200ml serie expert,A1,108000.0
63641,2024-03-23,agua micelar effaclar la rocheposay 200 ml,A1,105000.0
64336,2024-03-23,base daiquiri fresa master 1000 ml,A1,34700.0
64412,2024-03-23,bebida alcoholica lychee eniwer ready to drink 269 ml,A1,7040.0
64438,2024-03-23,bebida chocolatada chocolisto 200 gr,A1,6168.0
65049,2024-03-23,carne de diablo lata zenu 80 gr,A1,10550.0
65392,2024-03-23,chocolatina lyne leche 25 gr,A1,2730.0
65478,2024-03-23,cigllo cjtlla pqte red marlboro 20 und,A1,9450.0
65551,2024-03-23,coche paseador bebe tipo maleta mikey blanco negro maxibaby,A1,399900.0
65582,2024-03-23,coctel de ron zombie bacardi 750 ml,A1,49000.0
66349,2024-03-23,filete de pechuga finas hierba pollocoa 850 gr,A1,36600.0
66396,2024-03-23,filtro de agua para nevera samsung da29 00020b,A1,149900.0
67029,2024-03-23,harry potter mini pack harry amp cho,A1,89900.0
67227,2024-03-23,jamon de pavo ahumado delipavo,A1,21195.0
67866,2024-03-23,jugo taeq naranja 1 und,A1,4700.0
68072,2024-03-23,leche en polvo clasica klim 2400 gr,A1,80550.0
68090,2024-03-23,leche en polvo gramos zymil 380 gr,A1,19050.0
69430,2024-03-23,postre helado frutos del bosqu popsy 900 gr,A1,60800.0
69815,2024-03-23,ron roble blanco viejo de caldas 750 ml,A1,44300.0
70371,2024-03-23,te instantaneo sabor frutos rojos frescampo 300 gr,A1,7360.0
70432,2024-03-23,tequila 70 anejo cristalino don julio 700 ml,A1,370000.0
70829,2024-03-23,vino blanco sauvignon blanc volcanes 750 ml,A1,84000.0
70858,2024-03-23,vino carmenere cono sur 750 ml,A1,60900.0
71308,2024-03-23,whisky 10 anos talisker 700 ml,A1,252900.0
71311,2024-03-23,whisky 12 anos deluxe buchanan s 1000 ml,A1,181220.0
71598,2024-03-24,acondicionador loreal inforcer 200ml serie expert,A1,108000.0
71684,2024-03-24,agua micelar effaclar la rocheposay 200 ml,A1,105000.0
72429,2024-03-24,bebida alcoholica lychee eniwer ready to drink 269 ml,A1,7040.0
72455,2024-03-24,bebida chocolatada chocolisto 200 gr,A1,6168.0
73034,2024-03-24,carne de diablo lata zenu 80 gr,A1,10550.0
73379,2024-03-24,chocolatina lyne leche 25 gr,A1,2730.0
73465,2024-03-24,cigllo cjtlla pqte red marlboro 20 und,A1,9450.0
73533,2024-03-24,coche paseador bebe tipo maleta mikey blanco negro maxibaby,A1,399900.0
73564,2024-03-24,coctel de ron zombie bacardi 750 ml,A1,49000.0
74247,2024-03-24,filete de pechuga finas hierba pollocoa 850 gr,A1,36600.0
74293,2024-03-24,filtro de agua para nevera samsung da29 00020b,A1,149900.0
74930,2024-03-24,harry potter mini pack harry amp cho,A1,89900.0
75119,2024-03-24,jamon de pavo ahumado delipavo,A1,21195.0
75753,2024-03-24,jugo taeq naranja 1 und,A1,4700.0
75956,2024-03-24,leche en polvo clasica klim 2400 gr,A1,106350.0
75974,2024-03-24,leche en polvo gramos zymil 380 gr,A1,19050.0
77266,2024-03-24,postre helado frutos del bosqu popsy 900 gr,A1,60800.0
77640,2024-03-24,ron roble blanco viejo de caldas 750 ml,A1,44300.0
78184,2024-03-24,te instantaneo sabor frutos rojos frescampo 300 gr,A1,7360.0
78243,2024-03-24,tequila 70 anejo cristalino don julio 700 ml,A1,370000.0
78642,2024-03-24,vino blanco sauvignon blanc volcanes 750 ml,A1,84000.0
78671,2024-03-24,vino carmenere cono sur 750 ml,A1,60900.0
79146,2024-03-24,whisky 10 anos talisker 700 ml,A1,252900.0
79149,2024-03-24,whisky 12 anos deluxe buchanan s 1000 ml,A1,181220.0
79440,2024-03-25,acondicionador loreal inforcer 200ml serie expert,A1,108000.0
79527,2024-03-25,agua micelar effaclar la rocheposay 200 ml,A1,105000.0
80295,2024-03-25,bebida alcoholica lychee eniwer ready to drink 269 ml,A1,7040.0
80321,2024-03-25,bebida chocolatada chocolisto 200 gr,A1,6168.0
80943,2024-03-25,carne de diablo lata zenu 80 gr,A1,10550.0
81288,2024-03-25,chocolatina lyne leche 25 gr,A1,2730.0
81376,2024-03-25,cigllo cjtlla pqte red marlboro 20 und,A1,9450.0
81447,2024-03-25,coche paseador bebe tipo maleta mikey blanco negro maxibaby,A1,399900.0
81478,2024-03-25,coctel de ron zombie bacardi 750 ml,A1,49000.0
82236,2024-03-25,filete de pechuga finas hierba pollocoa 850 gr,A1,36600.0
82283,2024-03-25,filtro de agua para nevera samsung da29 00020b,A1,149900.0
82917,2024-03-25,harry potter mini pack harry amp cho,A1,89900.0
83108,2024-03-25,jamon de pavo ahumado delipavo,A1,21195.0
83752,2024-03-25,jugo taeq naranja 1 und,A1,4700.0
83952,2024-03-25,leche en polvo clasica klim 2400 gr,A1,106350.0
83971,2024-03-25,leche en polvo gramos zymil 380 gr,A1,19050.0
85313,2024-03-25,postre helado frutos del bosqu popsy 900 gr,A1,60800.0
85703,2024-03-25,ron roble blanco viejo de caldas 750 ml,A1,44300.0
86256,2024-03-25,te instantaneo sabor frutos rojos frescampo 300 gr,A1,7360.0
86316,2024-03-25,tequila 70 anejo cristalino don julio 700 ml,A1,370000.0
86735,2024-03-25,vino blanco sauvignon blanc volcanes 750 ml,A1,84000.0
86764,2024-03-25,vino carmenere cono sur 750 ml,A1,60900.0
87242,2024-03-25,whisky 10 anos talisker 700 ml,A1,252900.0
87245,2024-03-25,whisky 12 anos deluxe buchanan s 1000 ml,A1,181220.0
87538,2024-03-26,acondicionador loreal inforcer 200ml serie expert,A1,108000.0
87625,2024-03-26,agua micelar effaclar la rocheposay 200 ml,A1,105000.0
88371,2024-03-26,bebida alcoholica lychee eniwer ready to drink 269 ml,A1,7040.0
88396,2024-03-26,bebida chocolatada chocolisto 200 gr,A1,6168.0
88978,2024-03-26,carne de diablo lata zenu 80 gr,A1,10550.0
89315,2024-03-26,chocolatina lyne leche 25 gr,A1,2730.0
89405,2024-03-26,cigllo cjtlla pqte red marlboro 20 und,A1,9450.0
89477,2024-03-26,coche paseador bebe tipo maleta mikey blanco negro maxibaby,A1,399900.0
89507,2024-03-26,coctel de ron zombie bacardi 750 ml,A1,49000.0
90234,2024-03-26,filete de pechuga finas hierba pollocoa 850 gr,A1,36600.0
90281,2024-03-26,filtro de agua para nevera samsung da29 00020b,A1,149900.0
90899,2024-03-26,harry potter mini pack harry amp cho,A1,89900.0
91082,2024-03-26,jamon de pavo ahumado delipavo,A1,21195.0
91718,2024-03-26,jugo taeq naranja 1 und,A1,4700.0
91902,2024-03-26,leche en polvo clasica klim 2400 gr,A1,113440.0
91921,2024-03-26,leche en polvo gramos zymil 380 gr,A1,19050.0
93205,2024-03-26,postre helado frutos del bosqu popsy 900 gr,A1,60800.0
93586,2024-03-26,ron roble blanco viejo de caldas 750 ml,A1,44300.0
94114,2024-03-26,te instantaneo sabor frutos rojos frescampo 300 gr,A1,7360.0
94172,2024-03-26,tequila 70 anejo cristalino don julio 700 ml,A1,370000.0
94557,2024-03-26,vino blanco sauvignon blanc volcanes 750 ml,A1,84000.0
94586,2024-03-26,vino carmenere cono sur 750 ml,A1,60900.0
95031,2024-03-26,whisky 10 anos talisker 700 ml,A1,252900.0
95034,2024-03-26,whisky 12 anos deluxe buchanan s 1000 ml,A1,213200.0
95305,2024-03-27,acondicionador loreal inforcer 200ml serie expert,A1,108000.0
95391,2024-03-27,agua micelar effaclar la rocheposay 200 ml,A1,105000.0
96038,2024-03-27,bebida alcoholica lychee eniwer ready to drink 269 ml,A1,7040.0
96063,2024-03-27,bebida chocolatada chocolisto 200 gr,A1,6168.0
96953,2024-03-27,chocolatina lyne leche 25 gr,A1,2730.0
97043,2024-03-27,cigllo cjtlla pqte red marlboro 20 und,A1,9450.0
97113,2024-03-27,coche paseador bebe tipo maleta mikey blanco negro maxibaby,A1,399900.0
97143,2024-03-27,coctel de ron zombie bacardi 750 ml,A1,49000.0
97790,2024-03-27,filete de pechuga finas hierba pollocoa 850 gr,A1,36600.0
97839,2024-03-27,filtro de agua para nevera samsung da29 00020b,A1,149900.0
98453,2024-03-27,harry potter mini pack harry amp cho,A1,89900.0
98631,2024-03-27,jamon de pavo ahumado delipavo,A1,21195.0
98746,2024-03-27,jugo taeq naranja 1 und,A1,4700.0
98944,2024-03-27,leche en polvo clasica klim 2400 gr,A1,141800.0
98963,2024-03-27,leche en polvo gramos zymil 380 gr,A1,19050.0
100149,2024-03-27,postre helado frutos del bosqu popsy 900 gr,A1,61200.0
100517,2024-03-27,ron roble blanco viejo de caldas 750 ml,A1,44300.0
100953,2024-03-27,te instantaneo sabor frutos rojos frescampo 300 gr,A1,7360.0
100999,2024-03-27,tequila 70 anejo cristalino don julio 700 ml,A1,370000.0
101390,2024-03-27,vino blanco sauvignon blanc volcanes 750 ml,A1,84000.0
101419,2024-03-27,vino carmenere cono sur 750 ml,A1,60900.0
101892,2024-03-27,whisky 10 anos talisker 700 ml,A1,252900.0
101895,2024-03-27,whisky 12 anos deluxe buchanan s 1000 ml,A1,213200.0
102162,2024-03-28,acondicionador loreal inforcer 200ml serie expert,A1,108000.0
102252,2024-03-28,agua micelar effaclar la rocheposay 200 ml,A1,105000.0
103006,2024-03-28,bebida alcoholica lychee eniwer ready to drink 269 ml,A1,7040.0
103031,2024-03-28,bebida chocolatada chocolisto 200 gr,A1,6168.0
103936,2024-03-28,chocolatina lyne leche 25 gr,A1,2730.0
104025,2024-03-28,cigllo cjtlla pqte red marlboro 20 und,A1,9450.0
104086,2024-03-28,coche paseador bebe tipo maleta mikey blanco negro maxibaby,A1,399900.0
104111,2024-03-28,coctel de ron zombie bacardi 750 ml,A1,49000.0
104840,2024-03-28,filete de pechuga finas hierba pollocoa 850 gr,A1,36600.0
104891,2024-03-28,filtro de agua para nevera samsung da29 00020b,A1,149900.0
105530,2024-03-28,harry potter mini pack harry amp cho,A1,89900.0
105721,2024-03-28,jamon de pavo ahumado delipavo,A1,21195.0
106362,2024-03-28,jugo taeq naranja 1 und,A1,4700.0
106562,2024-03-28,leche en polvo clasica klim 2400 gr,A1,113440.0
106581,2024-03-28,leche en polvo gramos zymil 380 gr,A1,19050.0
107845,2024-03-28,postre helado frutos del bosqu popsy 900 gr,A1,61200.0
108231,2024-03-28,ron roble blanco viejo de caldas 750 ml,A1,44300.0
108773,2024-03-28,te instantaneo sabor frutos rojos frescampo 300 gr,A1,7360.0
108828,2024-03-28,tequila 70 anejo cristalino don julio 700 ml,A1,370000.0
109245,2024-03-28,vino blanco sauvignon blanc volcanes 750 ml,A1,84000.0
109274,2024-03-28,vino carmenere cono sur 750 ml,A1,60900.0
109753,2024-03-28,whisky 10 anos talisker 700 ml,A1,252900.0
109756,2024-03-28,whisky 12 anos deluxe buchanan s 1000 ml,A1,213200.0
110048,2024-03-29,acondicionador loreal inforcer 200ml serie expert,A1,108000.0
110138,2024-03-29,agua micelar effaclar la rocheposay 200 ml,A1,105000.0
110910,2024-03-29,bebida alcoholica lychee eniwer ready to drink 269 ml,A1,7040.0
110935,2024-03-29,bebida chocolatada chocolisto 200 gr,A1,6168.0
111879,2024-03-29,chocolatina lyne leche 25 gr,A1,2730.0
111968,2024-03-29,cigllo cjtlla pqte red marlboro 20 und,A1,9450.0
112041,2024-03-29,coche paseador bebe tipo maleta mikey blanco negro maxibaby,A1,399900.0
112072,2024-03-29,coctel de ron zombie bacardi 750 ml,A1,49000.0
112830,2024-03-29,filete de pechuga finas hierba pollocoa 850 gr,A1,36600.0
112881,2024-03-29,filtro de agua para nevera samsung da29 00020b,A1,149900.0
113515,2024-03-29,harry potter mini pack harry amp cho,A1,89900.0
113706,2024-03-29,jamon de pavo ahumado delipavo,A1,21195.0
114344,2024-03-29,jugo taeq naranja 1 und,A1,4700.0
114550,2024-03-29,leche en polvo clasica klim 2400 gr,A1,113440.0
114569,2024-03-29,leche en polvo gramos zymil 380 gr,A1,19050.0
115892,2024-03-29,postre helado frutos del bosqu popsy 900 gr,A1,61200.0
116287,2024-03-29,ron roble blanco viejo de caldas 750 ml,A1,44300.0
116844,2024-03-29,te instantaneo sabor frutos rojos frescampo 300 gr,A1,7360.0
116904,2024-03-29,tequila 70 anejo cristalino don julio 700 ml,A1,370000.0
117342,2024-03-29,vino blanco sauvignon blanc volcanes 750 ml,A1,84000.0
117371,2024-03-29,vino carmenere cono sur 750 ml,A1,60900.0
117854,2024-03-29,whisky 10 anos talisker 700 ml,A1,252900.0
117857,2024-03-29,whisky 12 anos deluxe buchanan s 1000 ml,A1,213200.0
118151,2024-03-30,acondicionador loreal inforcer 200ml serie expert,A1,108000.0
118241,2024-03-30,agua micelar effaclar la rocheposay 200 ml,A1,105000.0
119018,2024-03-30,bebida alcoholica lychee eniwer ready to drink 269 ml,A1,7040.0
119043,2024-03-30,bebida chocolatada chocolisto 200 gr,A1,6168.0
119989,2024-03-30,chocolatina lyne leche 25 gr,A1,2730.0
120079,2024-03-30,cigllo cjtlla pqte red marlboro 20 und,A1,9450.0
120153,2024-03-30,coche paseador bebe tipo maleta mikey blanco negro maxibaby,A1,399900.0
120184,2024-03-30,coctel de ron zombie bacardi 750 ml,A1,49000.0
120933,2024-03-30,filete de pechuga finas hierba pollocoa 850 gr,A1,36600.0
120984,2024-03-30,filtro de agua para nevera samsung da29 00020b,A1,149900.0
121618,2024-03-30,harry potter mini pack harry amp cho,A1,89900.0
121809,2024-03-30,jamon de pavo ahumado delipavo,A1,21195.0
122450,2024-03-30,jugo taeq naranja 1 und,A1,4700.0
122656,2024-03-30,leche en polvo clasica klim 2400 gr,A1,113440.0
122675,2024-03-30,leche en polvo gramos zymil 380 gr,A1,19050.0
123989,2024-03-30,postre helado frutos del bosqu popsy 900 gr,A1,61200.0
124384,2024-03-30,ron roble blanco viejo de caldas 750 ml,A1,44300.0
124945,2024-03-30,te instantaneo sabor frutos rojos frescampo 300 gr,A1,7360.0
125005,2024-03-30,tequila 70 anejo cristalino don julio 700 ml,A1,370000.0
125445,2024-03-30,vino blanco sauvignon blanc volcanes 750 ml,A1,84000.0
125473,2024-03-30,vino carmenere cono sur 750 ml,A1,60900.0
125957,2024-03-30,whisky 10 anos talisker 700 ml,A1,252900.0
125960,2024-03-30,whisky 12 anos deluxe buchanan s 1000 ml,A1,213200.0
126253,2024-04-01,acondicionador loreal inforcer 200ml serie expert,A1,108000.0
126344,2024-04-01,agua micelar effaclar la rocheposay 200 ml,A1,105000.0
127119,2024-04-01,bebida alcoholica lychee eniwer ready to drink 269 ml,A1,8800.0
127144,2024-04-01,bebida chocolatada chocolisto 200 gr,A1,7710.0
128087,2024-04-01,chocolatina lyne leche 25 gr,A1,2730.0
128177,2024-04-01,cigllo cjtlla pqte red marlboro 20 und,A1,9450.0
128250,2024-04-01,coche paseador bebe tipo maleta mikey blanco negro maxibaby,A1,399900.0
128280,2024-04-01,coctel de ron zombie bacardi 750 ml,A1,49000.0
129032,2024-04-01,filete de pechuga finas hierba pollocoa 850 gr,A1,36600.0
129084,2024-04-01,filtro de agua para nevera samsung da29 00020b,A1,149900.0
129718,2024-04-01,harry potter mini pack harry amp cho,A1,89900.0
129904,2024-04-01,jamon de pavo ahumado delipavo,A1,21195.0
130543,2024-04-01,jugo taeq naranja 1 und,A1,4700.0
130748,2024-04-01,leche en polvo clasica klim 2400 gr,A1,107400.0
130767,2024-04-01,leche en polvo gramos zymil 380 gr,A1,19050.0
132075,2024-04-01,postre helado frutos del bosqu popsy 900 gr,A1,61200.0
132465,2024-04-01,ron roble blanco viejo de caldas 750 ml,A1,44300.0
133027,2024-04-01,te instantaneo sabor frutos rojos frescampo 300 gr,A1,7360.0
133088,2024-04-01,tequila 70 anejo cristalino don julio 700 ml,A1,370000.0
133521,2024-04-01,vino blanco sauvignon blanc volcanes 750 ml,A1,84000.0
133549,2024-04-01,vino carmenere cono sur 750 ml,A1,60900.0
134032,2024-04-01,whisky 10 anos talisker 700 ml,A1,252900.0
134035,2024-04-01,whisky 12 anos deluxe buchanan s 1000 ml,A1,213200.0
134342,2024-04-02,acondicionador loreal inforcer 200ml serie expert,A1,108000.0
134434,2024-04-02,agua micelar effaclar la rocheposay 200 ml,A1,105000.0
135210,2024-04-02,bebida alcoholica lychee eniwer ready to drink 269 ml,A1,8800.0
135234,2024-04-02,bebida chocolatada chocolisto 200 gr,A1,7710.0
136184,2024-04-02,chocolatina lyne leche 25 gr,A1,2730.0
136273,2024-04-02,cigllo cjtlla pqte red marlboro 20 und,A1,9450.0
136347,2024-04-02,coche paseador bebe tipo maleta mikey blanco negro maxibaby,A1,399900.0
136377,2024-04-02,coctel de ron zombie bacardi 750 ml,A1,49000.0
137123,2024-04-02,filete de pechuga finas hierba pollocoa 850 gr,A1,36600.0
137175,2024-04-02,filtro de agua para nevera samsung da29 00020b,A1,149900.0
137811,2024-04-02,harry potter mini pack harry amp cho,A1,89900.0
137996,2024-04-02,jamon de pavo ahumado delipavo,A1,21195.0
138638,2024-04-02,jugo taeq naranja 1 und,A1,4700.0
138843,2024-04-02,leche en polvo clasica klim 2400 gr,A1,107400.0
138862,2024-04-02,leche en polvo gramos zymil 380 gr,A1,19050.0
140185,2024-04-02,postre helado frutos del bosqu popsy 900 gr,A1,61200.0
140588,2024-04-02,ron roble blanco viejo de caldas 750 ml,A1,44300.0
141150,2024-04-02,te instantaneo sabor frutos rojos frescampo 300 gr,A1,7360.0
141210,2024-04-02,tequila 70 anejo cristalino don julio 700 ml,A1,370000.0
141644,2024-04-02,vino blanco sauvignon blanc volcanes 750 ml,A1,84000.0
141672,2024-04-02,vino carmenere cono sur 750 ml,A1,60900.0
142157,2024-04-02,whisky 10 anos talisker 700 ml,A1,252900.0
142160,2024-04-02,whisky 12 anos deluxe buchanan s 1000 ml,A1,213200.0
142474,2024-04-03,acondicionador loreal inforcer 200ml serie expert,A1,108000.0
142569,2024-04-03,agua micelar effaclar la rocheposay 200 ml,A1,105000.0
143357,2024-04-03,bebida alcoholica lychee eniwer ready to drink 269 ml,A1,8800.0
144334,2024-04-03,chocolatina lyne leche 25 gr,A1,2730.0
144426,2024-04-03,cigllo cjtlla pqte red marlboro 20 und,A1,9450.0
144488,2024-04-03,coche paseador bebe tipo maleta mikey blanco negro maxibaby,A1,399900.0
144519,2024-04-03,coctel de ron zombie bacardi 750 ml,A1,49000.0
145257,2024-04-03,filete de pechuga finas hierba pollocoa 850 gr,A1,36600.0
145306,2024-04-03,filtro de agua para nevera samsung da29 00020b,A1,149900.0
145946,2024-04-03,harry potter mini pack harry amp cho,A1,89900.0
146137,2024-04-03,jamon de pavo ahumado delipavo,A1,21195.0
146783,2024-04-03,jugo taeq naranja 1 und,A1,4700.0
146974,2024-04-03,leche en polvo clasica klim 2400 gr,A1,141800.0
146990,2024-04-03,leche en polvo gramos zymil 380 gr,A1,19050.0
147748,2024-04-03,nuggets de pollo apanados friko 900 gr,A1,47300.0
148701,2024-04-03,ron roble blanco viejo de caldas 750 ml,A1,44300.0
149262,2024-04-03,te instantaneo sabor frutos rojos frescampo 300 gr,A1,7360.0
149324,2024-04-03,tequila 70 anejo cristalino don julio 700 ml,A1,370000.0
149747,2024-04-03,vino blanco sauvignon blanc volcanes 750 ml,A1,84000.0
149775,2024-04-03,vino carmenere cono sur 750 ml,A1,60900.0
150263,2024-04-03,whisky 10 anos talisker 700 ml,A1,252900.0
150266,2024-04-03,whisky 12 anos deluxe buchanan s 1000 ml,A1,213200.0
150583,2024-04-04,acondicionador loreal inforcer 200ml serie expert,A1,108000.0
150677,2024-04-04,agua micelar effaclar la rocheposay 200 ml,A1,105000.0
151415,2024-04-04,base daiquiri fresa master 1000 ml,A1,37000.0
151484,2024-04-04,bebida alcoholica lychee eniwer ready to drink 269 ml,A1,8800.0
152455,2024-04-04,chocolatina lyne leche 25 gr,A1,2730.0
152549,2024-04-04,cigllo cjtlla pqte red marlboro 20 und,A1,9450.0
152604,2024-04-04,coche paseador bebe tipo maleta mikey blanco negro maxibaby,A1,399900.0
152635,2024-04-04,coctel de ron zombie bacardi 750 ml,A1,49000.0
153401,2024-04-04,filete de pechuga finas hierba pollocoa 850 gr,A1,36600.0
153453,2024-04-04,filtro de agua para nevera samsung da29 00020b,A1,149900.0
154111,2024-04-04,harry potter mini pack harry amp cho,A1,89900.0
154302,2024-04-04,jamon de pavo ahumado delipavo,A1,22935.0
154965,2024-04-04,jugo taeq naranja 1 und,A1,4700.0
155159,2024-04-04,leche en polvo clasica klim 2400 gr,A1,141800.0
155175,2024-04-04,leche en polvo gramos zymil 380 gr,A1,19050.0
155930,2024-04-04,nuggets de pollo apanados friko 900 gr,A1,47300.0
156896,2024-04-04,ron roble blanco viejo de caldas 750 ml,A1,44300.0
157452,2024-04-04,te instantaneo sabor frutos rojos frescampo 300 gr,A1,7360.0
157515,2024-04-04,tequila 70 anejo cristalino don julio 700 ml,A1,370000.0
157915,2024-04-04,vino blanco sauvignon blanc volcanes 750 ml,A1,84000.0
157943,2024-04-04,vino carmenere cono sur 750 ml,A1,60900.0
158414,2024-04-04,whisky 10 anos talisker 700 ml,A1,252900.0
158417,2024-04-04,whisky 12 anos deluxe buchanan s 1000 ml,A1,213200.0
158736,2024-04-05,acondicionador loreal inforcer 200ml serie expert,A1,108000.0
158829,2024-04-05,agua micelar effaclar la rocheposay 200 ml,A1,105000.0
159558,2024-04-05,base daiquiri fresa master 1000 ml,A1,37000.0
159626,2024-04-05,bebida alcoholica lychee eniwer ready to drink 269 ml,A1,8800.0
160564,2024-04-05,chocolatina lyne leche 25 gr,A1,2730.0
160655,2024-04-05,cigllo cjtlla pqte red marlboro 20 und,A1,9450.0
160722,2024-04-05,coche paseador bebe tipo maleta mikey blanco negro maxibaby,A1,399900.0
160752,2024-04-05,coctel de ron zombie bacardi 750 ml,A1,39200.0
161487,2024-04-05,filete de pechuga finas hierba pollocoa 850 gr,A1,36600.0
161539,2024-04-05,filtro de agua para nevera samsung da29 00020b,A1,149900.0
162196,2024-04-05,harry potter mini pack harry amp cho,A1,89900.0
162388,2024-04-05,jamon de pavo ahumado delipavo,A1,22935.0
163044,2024-04-05,jugo taeq naranja 1 und,A1,4700.0
163238,2024-04-05,leche en polvo clasica klim 2400 gr,A1,141800.0
163254,2024-04-05,leche en polvo gramos zymil 380 gr,A1,19050.0
163981,2024-04-05,nuggets de pollo apanados friko 900 gr,A1,47300.0
164908,2024-04-05,ron roble blanco viejo de caldas 750 ml,A1,44300.0
165454,2024-04-05,te instantaneo sabor frutos rojos frescampo 300 gr,A1,7360.0
165510,2024-04-05,tequila 70 anejo cristalino don julio 700 ml,A1,370000.0
166131,2024-04-05,whisky 10 anos talisker 700 ml,A1,252900.0
166134,2024-04-05,whisky 12 anos deluxe buchanan s 1000 ml,A1,209000.0
166456,2024-04-06,acondicionador loreal inforcer 200ml serie expert,A1,108000.0
166551,2024-04-06,agua micelar effaclar la rocheposay 200 ml,A1,105000.0
167308,2024-04-06,base daiquiri fresa master 1000 ml,A1,37000.0
167377,2024-04-06,bebida alcoholica lychee eniwer ready to drink 269 ml,A1,8800.0
168351,2024-04-06,chocolatina lyne leche 25 gr,A1,2730.0
168448,2024-04-06,cigllo cjtlla pqte red marlboro 20 und,A1,9450.0
168518,2024-04-06,coche paseador bebe tipo maleta mikey blanco negro maxibaby,A1,399900.0
168549,2024-04-06,coctel de ron zombie bacardi 750 ml,A1,39200.0
169324,2024-04-06,filete de pechuga finas hierba pollocoa 850 gr,A1,36600.0
169376,2024-04-06,filtro de agua para nevera samsung da29 00020b,A1,149900.0
170033,2024-04-06,harry potter mini pack harry amp cho,A1,89900.0
170228,2024-04-06,jamon de pavo ahumado delipavo,A1,22935.0
170895,2024-04-06,jugo taeq naranja 1 und,A1,4700.0
171091,2024-04-06,leche en polvo clasica klim 2400 gr,A1,141800.0
171107,2024-04-06,leche en polvo gramos zymil 380 gr,A1,19050.0
171872,2024-04-06,nuggets de pollo apanados friko 900 gr,A1,47300.0
172833,2024-04-06,ron roble blanco viejo de caldas 750 ml,A1,44300.0
173408,2024-04-06,te instantaneo sabor frutos rojos frescampo 300 gr,A1,7360.0
173470,2024-04-06,tequila 70 anejo cristalino don julio 700 ml,A1,370000.0
173868,2024-04-06,vino blanco sauvignon blanc volcanes 750 ml,A1,84000.0
173897,2024-04-06,vino carmenere cono sur 750 ml,A1,60900.0
174367,2024-04-06,whisky 10 anos talisker 700 ml,A1,252900.0
174370,2024-04-06,whisky 12 anos deluxe buchanan s 1000 ml,A1,209000.0
174696,2024-04-09,acondicionador loreal inforcer 200ml serie expert,A1,108000.0
174790,2024-04-09,agua micelar effaclar la rocheposay 200 ml,A1,105000.0
175549,2024-04-09,base daiquiri fresa master 1000 ml,A1,34700.0
175616,2024-04-09,bebida alcoholica lychee eniwer ready to drink 269 ml,A1,8800.0
176590,2024-04-09,chocolatina lyne leche 25 gr,A1,2730.0
176688,2024-04-09,cigllo cjtlla pqte red marlboro 20 und,A1,9450.0
176759,2024-04-09,coche paseador bebe tipo maleta mikey blanco negro maxibaby,A1,399900.0
176789,2024-04-09,coctel de ron zombie bacardi 750 ml,A1,49000.0
177567,2024-04-09,filete de pechuga finas hierba pollocoa 850 gr,A1,36600.0
177618,2024-04-09,filtro de agua para nevera samsung da29 00020b,A1,149900.0
178263,2024-04-09,harry potter mini pack harry amp cho,A1,89900.0
178457,2024-04-09,jamon de pavo ahumado delipavo,A1,22935.0
179325,2024-04-09,leche en polvo clasica klim 2400 gr,A1,141800.0
179342,2024-04-09,leche en polvo gramos zymil 380 gr,A1,19050.0
180117,2024-04-09,nuggets de pollo apanados friko 900 gr,A1,47300.0
180861,2024-04-09,ravioli de carne frescampo 250 gr,A1,15950.0
181061,2024-04-09,ron roble blanco viejo de caldas 750 ml,A1,44300.0
181658,2024-04-09,te instantaneo sabor frutos rojos frescampo 300 gr,A1,7360.0
181719,2024-04-09,tequila 70 anejo cristalino don julio 700 ml,A1,370000.0
182125,2024-04-09,vino blanco sauvignon blanc volcanes 750 ml,A1,84000.0
182153,2024-04-09,vino carmenere cono sur 750 ml,A1,60900.0
182624,2024-04-09,whisky 10 anos talisker 700 ml,A1,252900.0
182627,2024-04-09,whisky 12 anos deluxe buchanan s 1000 ml,A1,209000.0
182953,2024-04-10,acondicionador loreal inforcer 200ml serie expert,A1,108000.0
183044,2024-04-10,agua micelar effaclar la rocheposay 200 ml,A1,105000.0
183677,2024-04-10,base daiquiri fresa master 1000 ml,A1,37000.0
183743,2024-04-10,bebida alcoholica lychee eniwer ready to drink 269 ml,A1,8800.0
183763,2024-04-10,bebida chocolatada chocolisto 200 gr,A1,7410.0
184618,2024-04-10,chocolate de mesa pastillado con azucar la especial 400 gr,A1,8490.0
184667,2024-04-10,chocolatina lyne leche 25 gr,A1,2730.0
184762,2024-04-10,cigllo cjtlla pqte red marlboro 20 und,A1,9450.0
184826,2024-04-10,coche paseador bebe tipo maleta mikey blanco negro maxibaby,A1,399900.0
184854,2024-04-10,coctel de ron zombie bacardi 750 ml,A1,49000.0
185587,2024-04-10,filete de pechuga finas hierba pollocoa 850 gr,A1,36600.0
185635,2024-04-10,filtro de agua para nevera samsung da29 00020b,A1,149900.0
186289,2024-04-10,harry potter mini pack harry amp cho,A1,89900.0
186479,2024-04-10,jamon de pavo ahumado delipavo,A1,22935.0
187332,2024-04-10,leche en polvo clasica klim 2400 gr,A1,141800.0
187348,2024-04-10,leche en polvo gramos zymil 380 gr,A1,19050.0
188085,2024-04-10,nuggets de pollo apanados friko 900 gr,A1,47300.0
188801,2024-04-10,ravioli de carne frescampo 250 gr,A1,15950.0
189011,2024-04-10,ron roble blanco viejo de caldas 750 ml,A1,44300.0
189506,2024-04-10,te instantaneo sabor frutos rojos frescampo 300 gr,A1,7360.0
189571,2024-04-10,tequila 70 anejo cristalino don julio 700 ml,A1,370000.0
189958,2024-04-10,vino blanco sauvignon blanc volcanes 750 ml,A1,84000.0
189987,2024-04-10,vino carmenere cono sur 750 ml,A1,60900.0
190460,2024-04-10,whisky 10 anos talisker 700 ml,A1,252900.0
190463,2024-04-10,whisky 12 anos deluxe buchanan s 1000 ml,A1,209000.0
190815,2024-04-12,acondicionador loreal inforcer 200ml serie expert,A1,108000.0
190908,2024-04-12,agua micelar effaclar la rocheposay 200 ml,A1,105000.0
191463,2024-04-12,audifonos bluetooth inalambricos f9 touch manos libre ultrabass,A1,115000.0
191641,2024-04-12,base daiquiri fresa master 1000 ml,A1,37000.0
191720,2024-04-12,bebida alcoholica lychee eniwer ready to drink 269 ml,A1,8800.0
191740,2024-04-12,bebida chocolatada chocolisto 200 gr,A1,7430.0
192843,2024-04-12,chocolate de mesa pastillado con azucar la especial 400 gr,A1,8490.0
192896,2024-04-12,chocolatina lyne leche 25 gr,A1,2730.0
192992,2024-04-12,cigllo cjtlla pqte red marlboro 20 und,A1,9450.0
193061,2024-04-12,coche paseador bebe tipo maleta mikey blanco negro maxibaby,A1,399900.0
193094,2024-04-12,coctel de ron zombie bacardi 750 ml,A1,49000.0
193136,2024-04-12,colchon baco 120x190 resortado,A1,1279900.0
193428,2024-04-12,cuaderno tamano 21 x 28 cm 160 paginas cuadriculado 80 hojas argollado tapa dura tinta negra,A1,31400.0
194026,2024-04-12,filete de pechuga finas hierba pollocoa 850 gr,A1,36600.0
194069,2024-04-12,filtro de agua para nevera samsung da29 00020b,A1,149900.0
194943,2024-04-12,harry potter mini pack harry amp cho,A1,89900.0
195146,2024-04-12,jamon de pavo ahumado delipavo,A1,22245.0
196046,2024-04-12,lavaloza liquido con vitamina e loza crem 850 ml,A1,14080.0
196102,2024-04-12,leche en polvo clasica klim 2400 gr,A1,141800.0
196119,2024-04-12,leche en polvo gramos zymil 380 gr,A1,19050.0
196960,2024-04-12,nuggets de pollo apanados friko 900 gr,A1,47300.0
197195,2024-04-12,pan tajado blanco a1 marca propia 450 gr,A1,4520.0
197818,2024-04-12,postre helado frutos del bosqu popsy 900 gr,A1,59400.0
197986,2024-04-12,ravioli de carne frescampo 250 gr,A1,15950.0
198201,2024-04-12,ron roble blanco viejo de caldas 750 ml,A1,44300.0
198376,2024-04-12,sandalias talco bata red label hendra mujer,A1,127900.0
198713,2024-04-12,strapless bustier 360 de perfeccion 011911,A1,109990.0
198862,2024-04-12,te instantaneo sabor frutos rojos frescampo 300 gr,A1,7360.0
198952,2024-04-12,tequila 70 anejo cristalino don julio 700 ml,A1,370000.0
199449,2024-04-12,vino blanco sauvignon blanc volcanes 750 ml,A1,84000.0
199478,2024-04-12,vino carmenere cono sur 750 ml,A1,60900.0
199872,2024-04-12,vodka spirits 750 ml,A1,87600.0
199944,2024-04-12,whisky 10 anos talisker 700 ml,A1,252900.0
199947,2024-04-12,whisky 12 anos deluxe buchanan s 1000 ml,A1,209000.0
200304,2024-04-14,acondicionador loreal inforcer 200ml serie expert,A1,108000.0
200396,2024-04-14,agua micelar effaclar la rocheposay 200 ml,A1,105000.0
200947,2024-04-14,audifonos bluetooth inalambricos f9 touch manos libre ultrabass,A1,115000.0
201124,2024-04-14,base daiquiri fresa master 1000 ml,A1,37000.0
201204,2024-04-14,bebida alcoholica lychee eniwer ready to drink 269 ml,A1,8800.0
201224,2024-04-14,bebida chocolatada chocolisto 200 gr,A1,7430.0
202349,2024-04-14,chocolate de mesa pastillado con azucar la especial 400 gr,A1,8490.0
202402,2024-04-14,chocolatina lyne leche 25 gr,A1,2730.0
202496,2024-04-14,cigllo cjtlla pqte red marlboro 20 und,A1,9450.0
202564,2024-04-14,coche paseador bebe tipo maleta mikey blanco negro maxibaby,A1,399900.0
202599,2024-04-14,coctel de ron zombie bacardi 750 ml,A1,49000.0
202642,2024-04-14,colchon baco 120x190 resortado,A1,1279900.0
202935,2024-04-14,cuaderno tamano 21 x 28 cm 160 paginas cuadriculado 80 hojas argollado tapa dura tinta negra,A1,31400.0
203523,2024-04-14,filete de pechuga finas hierba pollocoa 850 gr,A1,36600.0
203566,2024-04-14,filtro de agua para nevera samsung da29 00020b,A1,149900.0
204464,2024-04-14,harry potter mini pack harry amp cho,A1,89900.0
204667,2024-04-14,jamon de pavo ahumado delipavo,A1,22245.0
205575,2024-04-14,lavaloza liquido con vitamina e loza crem 850 ml,A1,13520.0
205631,2024-04-14,leche en polvo clasica klim 2400 gr,A1,141800.0
205648,2024-04-14,leche en polvo gramos zymil 380 gr,A1,19050.0
206494,2024-04-14,nuggets de pollo apanados friko 900 gr,A1,47300.0
206726,2024-04-14,pan tajado blanco a1 marca propia 450 gr,A1,4760.0
207352,2024-04-14,postre helado frutos del bosqu popsy 900 gr,A1,59400.0
207523,2024-04-14,ravioli de carne frescampo 250 gr,A1,15950.0
207753,2024-04-14,ron roble blanco viejo de caldas 750 ml,A1,44300.0
207928,2024-04-14,sandalias talco bata red label hendra mujer,A1,127900.0
208271,2024-04-14,strapless bustier 360 de perfeccion 011911,A1,109990.0
208423,2024-04-14,te instantaneo sabor frutos rojos frescampo 300 gr,A1,7360.0
208512,2024-04-14,tequila 70 anejo cristalino don julio 700 ml,A1,370000.0
209011,2024-04-14,vino blanco sauvignon blanc volcanes 750 ml,A1,84000.0
209041,2024-04-14,vino carmenere cono sur 750 ml,A1,60900.0
209430,2024-04-14,vodka spirits 750 ml,A1,87600.0
209506,2024-04-14,whisky 10 anos talisker 700 ml,A1,252900.0
209509,2024-04-14,whisky 12 anos deluxe buchanan s 1000 ml,A1,209000.0
209859,2024-04-15,acondicionador loreal inforcer 200ml serie expert,A1,108000.0
209952,2024-04-15,agua micelar effaclar la rocheposay 200 ml,A1,105000.0
210483,2024-04-15,audifonos bluetooth inalambricos f9 touch manos libre ultrabass,A1,115000.0
210652,2024-04-15,base daiquiri fresa master 1000 ml,A1,34700.0
210727,2024-04-15,bebida alcoholica lychee eniwer ready to drink 269 ml,A1,8800.0
210747,2024-04-15,bebida chocolatada chocolisto 200 gr,A1,7430.0
211859,2024-04-15,chocolate de mesa pastillado con azucar la especial 400 gr,A1,8490.0
211913,2024-04-15,chocolatina lyne leche 25 gr,A1,2730.0
212006,2024-04-15,cigllo cjtlla pqte red marlboro 20 und,A1,9450.0
212075,2024-04-15,coche paseador bebe tipo maleta mikey blanco negro maxibaby,A1,399900.0
212109,2024-04-15,coctel de ron zombie bacardi 750 ml,A1,49000.0
212149,2024-04-15,colchon baco 120x190 resortado,A1,1279900.0
212423,2024-04-15,cuaderno tamano 21 x 28 cm 160 paginas cuadriculado 80 hojas argollado tapa dura tinta negra,A1,31400.0
212998,2024-04-15,filete de pechuga finas hierba pollocoa 850 gr,A1,36600.0
213039,2024-04-15,filtro de agua para nevera samsung da29 00020b,A1,149900.0
213928,2024-04-15,harry potter mini pack harry amp cho,A1,89900.0
214126,2024-04-15,jamon de pavo ahumado delipavo,A1,22245.0
215025,2024-04-15,lavaloza liquido con vitamina e loza crem 850 ml,A1,13520.0
215083,2024-04-15,leche en polvo clasica klim 2400 gr,A1,141800.0
215100,2024-04-15,leche en polvo gramos zymil 380 gr,A1,19050.0
215911,2024-04-15,nuggets de pollo apanados friko 900 gr,A1,47300.0
216140,2024-04-15,pan tajado blanco a1 marca propia 450 gr,A1,4760.0
216740,2024-04-15,postre helado frutos del bosqu popsy 900 gr,A1,59400.0
216902,2024-04-15,ravioli de carne frescampo 250 gr,A1,15950.0
217121,2024-04-15,ron roble blanco viejo de caldas 750 ml,A1,44300.0
217300,2024-04-15,sandalias talco bata red label hendra mujer,A1,127900.0
217628,2024-04-15,strapless bustier 360 de perfeccion 011911,A1,109990.0
217778,2024-04-15,te instantaneo sabor frutos rojos frescampo 300 gr,A1,7360.0
217869,2024-04-15,tequila 70 anejo cristalino don julio 700 ml,A1,370000.0
218345,2024-04-15,vino blanco sauvignon blanc volcanes 750 ml,A1,84000.0
218375,2024-04-15,vino carmenere cono sur 750 ml,A1,60900.0
218765,2024-04-15,vodka spirits 750 ml,A1,87600.0
218840,2024-04-15,whisky 10 anos talisker 700 ml,A1,252900.0
218843,2024-04-15,whisky 12 anos deluxe buchanan s 1000 ml,A1,209000.0
219139,2024-04-17,acondicionador loreal inforcer 200ml serie expert,A1,108000.0
219235,2024-04-17,agua micelar effaclar la rocheposay 200 ml,A1,105000.0
219779,2024-04-17,audifonos bluetooth inalambricos f9 touch manos libre ultrabass,A1,115000.0
219961,2024-04-17,base daiquiri fresa master 1000 ml,A1,37000.0
220032,2024-04-17,bebida alcoholica lychee eniwer ready to drink 269 ml,A1,8800.0
220052,2024-04-17,bebida chocolatada chocolisto 200 gr,A1,7430.0
221180,2024-04-17,chocolate de mesa pastillado con azucar la especial 400 gr,A1,8490.0
221235,2024-04-17,chocolatina lyne leche 25 gr,A1,2730.0
221331,2024-04-17,cigllo cjtlla pqte red marlboro 20 und,A1,10450.0
221386,2024-04-17,coche mascotas para exteriores paseador,A1,599000.0
221400,2024-04-17,coche paseador bebe tipo maleta mikey blanco negro maxibaby,A1,399900.0
221434,2024-04-17,coctel de ron zombie bacardi 750 ml,A1,49000.0
221473,2024-04-17,colchon baco 120x190 resortado,A1,1279900.0
221763,2024-04-17,cuaderno tamano 21 x 28 cm 160 paginas cuadriculado 80 hojas argollado tapa dura tinta negra,A1,31400.0
222233,2024-04-17,filete de pechuga finas hierba pollocoa 850 gr,A1,36600.0
222280,2024-04-17,filtro de agua para nevera samsung da29 00020b,A1,149900.0
223138,2024-04-17,harry potter mini pack harry amp cho,A1,89900.0
223333,2024-04-17,jamon de pavo ahumado delipavo,A1,22245.0
224196,2024-04-17,lavaloza liquido con vitamina e loza crem 850 ml,A1,15950.0
224256,2024-04-17,leche en polvo clasica klim 2400 gr,A1,141800.0
224273,2024-04-17,leche en polvo gramos zymil 380 gr,A1,17900.0
225088,2024-04-17,nuggets de pollo apanados friko 900 gr,A1,47300.0
225305,2024-04-17,pan tajado blanco a1 marca propia 450 gr,A1,4520.0
225907,2024-04-17,postre helado frutos del bosqu popsy 900 gr,A1,59400.0
226105,2024-04-17,ravioli de carne frescampo 250 gr,A1,15950.0
226329,2024-04-17,ron roble blanco viejo de caldas 750 ml,A1,44300.0
226500,2024-04-17,sandalias talco bata red label hendra mujer,A1,127900.0
226821,2024-04-17,strapless bustier 360 de perfeccion 011911,A1,109990.0
226959,2024-04-17,te instantaneo sabor frutos rojos frescampo 300 gr,A1,7360.0
227049,2024-04-17,tequila 70 anejo cristalino don julio 700 ml,A1,370000.0
227506,2024-04-17,vino blanco sauvignon blanc volcanes 750 ml,A1,84000.0
227536,2024-04-17,vino carmenere cono sur 750 ml,A1,60900.0
227925,2024-04-17,vodka spirits 750 ml,A1,87600.0
228006,2024-04-17,whisky 10 anos talisker 700 ml,A1,252900.0
228009,2024-04-17,whisky 12 anos deluxe buchanan s 1000 ml,A1,209000.0
228367,2024-04-18,acondicionador loreal inforcer 200ml serie expert,A1,108000.0
228463,2024-04-18,agua micelar effaclar la rocheposay 200 ml,A1,105000.0
229004,2024-04-18,audifonos bluetooth inalambricos f9 touch manos libre ultrabass,A1,115000.0
229190,2024-04-18,base daiquiri fresa master 1000 ml,A1,34700.0
229266,2024-04-18,bebida alcoholica lychee eniwer ready to drink 269 ml,A1,8800.0
230396,2024-04-18,chocolate de mesa pastillado con azucar la especial 400 gr,A1,8490.0
230453,2024-04-18,chocolatina lyne leche 25 gr,A1,2730.0
230551,2024-04-18,cigllo cjtlla pqte red marlboro 20 und,A1,10450.0
230587,2024-04-18,coctel de ron zombie bacardi 750 ml,A1,49000.0
230626,2024-04-18,colchon baco 120x190 resortado,A1,1279900.0
230906,2024-04-18,cuaderno tamano 21 x 28 cm 160 paginas cuadriculado 80 hojas argollado tapa dura tinta negra,A1,31400.0
231380,2024-04-18,filete de pechuga finas hierba pollocoa 850 gr,A1,36600.0
231427,2024-04-18,filtro de agua para nevera samsung da29 00020b,A1,149900.0
232286,2024-04-18,harry potter mini pack harry amp cho,A1,89900.0
232476,2024-04-18,jamon de pavo ahumado delipavo,A1,15571.0
233333,2024-04-18,lavaloza liquido con vitamina e loza crem 850 ml,A1,15950.0
233393,2024-04-18,leche en polvo clasica klim 2400 gr,A1,141800.0
233411,2024-04-18,leche en polvo gramos zymil 380 gr,A1,17900.0
234215,2024-04-18,nuggets de pollo apanados friko 900 gr,A1,47300.0
234430,2024-04-18,pan tajado blanco a1 marca propia 450 gr,A1,4520.0
235023,2024-04-18,postre helado frutos del bosqu popsy 900 gr,A1,59400.0
235233,2024-04-18,ravioli de carne frescampo 250 gr,A1,15950.0
235451,2024-04-18,ron roble blanco viejo de caldas 750 ml,A1,44300.0
235628,2024-04-18,sandalias talco bata red label hendra mujer,A1,127900.0
235943,2024-04-18,strapless bustier 360 de perfeccion 011911,A1,109990.0
236080,2024-04-18,te instantaneo sabor frutos rojos frescampo 300 gr,A1,7360.0
236170,2024-04-18,tequila 70 anejo cristalino don julio 700 ml,A1,370000.0
236602,2024-04-18,vino blanco sauvignon blanc volcanes 750 ml,A1,84000.0
236632,2024-04-18,vino carmenere cono sur 750 ml,A1,60900.0
237021,2024-04-18,vodka spirits 750 ml,A1,65700.0
237099,2024-04-18,whisky 10 anos talisker 700 ml,A1,252900.0
237102,2024-04-18,whisky 12 anos deluxe buchanan s 1000 ml,A1,209000.0
237440,2024-04-19,acondicionador loreal inforcer 200ml serie expert,A1,108000.0
237531,2024-04-19,agua micelar effaclar la rocheposay 200 ml,A1,105000.0
237937,2024-04-19,audifonos bluetooth inalambricos f9 touch manos libre ultrabass,A1,115000.0
238079,2024-04-19,base daiquiri fresa master 1000 ml,A1,34700.0
238142,2024-04-19,bebida alcoholica lychee eniwer ready to drink 269 ml,A1,8800.0
238162,2024-04-19,bebida chocolatada chocolisto 200 gr,A1,7430.0
238602,2024-04-19,cama granada con colchon varna queen 166 x 197 cm tabaco,A1,1740900.0
238994,2024-04-19,chocolate de mesa pastillado con azucar la especial 400 gr,A1,8490.0
239008,2024-04-19,chocolatina lyne leche 25 gr,A1,2730.0
239074,2024-04-19,cigllo cjtlla pqte red marlboro 20 und,A1,10450.0
239121,2024-04-19,coche mascotas para exteriores paseador,A1,599000.0
239135,2024-04-19,coche paseador bebe tipo maleta mikey blanco negro maxibaby,A1,399900.0
239164,2024-04-19,coctel de ron zombie bacardi 750 ml,A1,49000.0
239408,2024-04-19,cuaderno tamano 21 x 28 cm 160 paginas cuadriculado 80 hojas argollado tapa dura tinta negra,A1,31400.0
239790,2024-04-19,filtro de agua para nevera samsung da29 00020b,A1,149900.0
240474,2024-04-19,harry potter mini pack harry amp cho,A1,89900.0
241223,2024-04-19,jugo taeq naranja 1 und,A1,4700.0
241365,2024-04-19,lavaloza liquido con vitamina e loza crem 850 ml,A1,15950.0
241427,2024-04-19,leche en polvo clasica klim 2400 gr,A1,141800.0
241448,2024-04-19,leche en polvo gramos zymil 380 gr,A1,17900.0
242147,2024-04-19,pan tajado blanco a1 marca propia 450 gr,A1,4520.0
242521,2024-04-19,postre helado frutos del bosqu popsy 900 gr,A1,59400.0
243020,2024-04-19,ron roble blanco viejo de caldas 750 ml,A1,44300.0
243292,2024-04-19,strapless bustier 360 de perfeccion 011911,A1,109990.0
243403,2024-04-19,te instantaneo sabor frutos rojos frescampo 300 gr,A1,7360.0
243462,2024-04-19,tequila 70 anejo cristalino don julio 700 ml,A1,370000.0
243799,2024-04-19,vino blanco sauvignon blanc volcanes 750 ml,A1,84000.0
243829,2024-04-19,vino carmenere cono sur 750 ml,A1,60900.0
244216,2024-04-19,vodka spirits 750 ml,A1,65700.0
244262,2024-04-19,whisky 10 anos talisker 700 ml,A1,252900.0
244265,2024-04-19,whisky 12 anos deluxe buchanan s 1000 ml,A1,209000.0
244598,2024-04-22,acondicionador loreal inforcer 200ml serie expert,A1,108000.0
244692,2024-04-22,agua micelar effaclar la rocheposay 200 ml,A1,105000.0
245214,2024-04-22,audifonos bluetooth inalambricos f9 touch manos libre ultrabass,A1,115000.0
245362,2024-04-22,base daiquiri fresa master 1000 ml,A1,34700.0
245429,2024-04-22,bebida alcoholica lychee eniwer ready to drink 269 ml,A1,8800.0
245448,2024-04-22,bebida chocolatada chocolisto 200 gr,A1,7430.0
246025,2024-04-22,carne de diablo lata zenu 80 gr,A1,10550.0
246393,2024-04-22,chocolate de mesa pastillado con azucar la especial 400 gr,A1,8490.0
246447,2024-04-22,chocolatina lyne leche 25 gr,A1,2730.0
246538,2024-04-22,cigllo cjtlla pqte red marlboro 20 und,A1,10450.0
246570,2024-04-22,coctel de ron zombie bacardi 750 ml,A1,49000.0
247299,2024-04-22,filete de pechuga finas hierba pollocoa 850 gr,A1,36600.0
247340,2024-04-22,filtro de agua para nevera samsung da29 00020b,A1,149900.0
248027,2024-04-22,harry potter mini pack harry amp cho,A1,71920.0
248205,2024-04-22,jamon de pavo ahumado delipavo,A1,15571.0
248853,2024-04-22,jugo taeq naranja 1 und,A1,4700.0
249002,2024-04-22,lavaloza liquido con vitamina e loza crem 850 ml,A1,15950.0
249062,2024-04-22,leche en polvo clasica klim 2400 gr,A1,141800.0
249085,2024-04-22,leche en polvo gramos zymil 380 gr,A1,17900.0
249846,2024-04-22,nuggets de pollo apanados friko 900 gr,A1,47300.0
250476,2024-04-22,postre helado frutos del bosqu popsy 900 gr,A1,59400.0
250645,2024-04-22,ravioli de carne frescampo 250 gr,A1,15950.0
250974,2024-04-22,ron roble blanco viejo de caldas 750 ml,A1,44300.0
251399,2024-04-22,strapless bustier 360 de perfeccion 011911,A1,109990.0
251493,2024-04-22,te instantaneo sabor frutos rojos frescampo 300 gr,A1,7360.0
251549,2024-04-22,tequila 70 anejo cristalino don julio 700 ml,A1,377400.0
251943,2024-04-22,vino blanco sauvignon blanc volcanes 750 ml,A1,84000.0
251973,2024-04-22,vino carmenere cono sur 750 ml,A1,60900.0
252368,2024-04-22,vodka spirits 750 ml,A1,87600.0
252446,2024-04-22,whisky 10 anos talisker 700 ml,A1,252900.0
252449,2024-04-22,whisky 12 anos deluxe buchanan s 1000 ml,A1,209000.0
252896,2024-04-23,agua micelar effaclar la rocheposay 200 ml,A1,105000.0
253415,2024-04-23,audifonos bluetooth inalambricos f9 touch manos libre ultrabass,A1,115000.0
253674,2024-04-23,bebida alcoholica lychee eniwer ready to drink 269 ml,A1,8800.0
253693,2024-04-23,bebida chocolatada chocolisto 200 gr,A1,7430.0
254238,2024-04-23,cama granada con colchon varna queen 166 x 197 cm tabaco,A1,1740900.0
254433,2024-04-23,carne de diablo lata zenu 80 gr,A1,10550.0
254859,2024-04-23,chocolate de mesa pastillado con azucar la especial 400 gr,A1,8490.0
254915,2024-04-23,chocolatina lyne leche 25 gr,A1,2730.0
255014,2024-04-23,cigllo cjtlla pqte red marlboro 20 und,A1,10450.0
255073,2024-04-23,coche mascotas para exteriores paseador,A1,599000.0
255087,2024-04-23,coche paseador bebe tipo maleta mikey blanco negro maxibaby,A1,399900.0
255118,2024-04-23,coctel de ron zombie bacardi 750 ml,A1,49000.0
255155,2024-04-23,colchon baco 120x190 resortado,A1,1279900.0
255530,2024-04-23,cuaderno tamano 21 x 28 cm 160 paginas cuadriculado 80 hojas argollado tapa dura tinta negra,A1,31400.0
256001,2024-04-23,filete de pechuga finas hierba pollocoa 850 gr,A1,36600.0
256845,2024-04-23,harry potter mini pack harry amp cho,A1,71920.0
257022,2024-04-23,jamon de pavo ahumado delipavo,A1,22245.0
257074,2024-04-23,jean arkitect daniela salcedo 87150,A1,159990.0
257722,2024-04-23,jugo taeq naranja 1 und,A1,4700.0
257903,2024-04-23,lavaloza liquido con vitamina e loza crem 850 ml,A1,15950.0
257964,2024-04-23,leche en polvo clasica klim 2400 gr,A1,141800.0
257987,2024-04-23,leche en polvo gramos zymil 380 gr,A1,17900.0
258790,2024-04-23,nuggets de pollo apanados friko 900 gr,A1,47300.0
259005,2024-04-23,pan tajado blanco a1 marca propia 450 gr,A1,4520.0
259634,2024-04-23,postre helado frutos del bosqu popsy 900 gr,A1,59400.0
259790,2024-04-23,ravioli de carne frescampo 250 gr,A1,15950.0
260002,2024-04-23,ron roble blanco viejo de caldas 750 ml,A1,44300.0
260191,2024-04-23,sandalias talco bata red label hendra mujer,A1,127900.0
260543,2024-04-23,strapless bustier 360 de perfeccion 011911,A1,109990.0
260674,2024-04-23,te instantaneo sabor frutos rojos frescampo 300 gr,A1,7360.0
260767,2024-04-23,tequila 70 anejo cristalino don julio 700 ml,A1,377400.0
261224,2024-04-23,vino blanco sauvignon blanc volcanes 750 ml,A1,84000.0
261254,2024-04-23,vino carmenere cono sur 750 ml,A1,60900.0
261652,2024-04-23,vodka spirits 750 ml,A1,87600.0
261695,2024-04-23,whisky 10 anos talisker 700 ml,A1,252900.0
261698,2024-04-23,whisky 12 anos deluxe buchanan s 1000 ml,A1,209000.0
262057,2024-04-24,acondicionador loreal inforcer 200ml serie expert,A1,108000.0
262155,2024-04-24,agua micelar effaclar la rocheposay 200 ml,A1,105000.0
262655,2024-04-24,audifonos bluetooth inalambricos f9 touch manos libre ultrabass,A1,39900.0
262837,2024-04-24,base daiquiri fresa master 1000 ml,A1,34700.0
262916,2024-04-24,bebida alcoholica lychee eniwer ready to drink 269 ml,A1,8800.0
262935,2024-04-24,bebida chocolatada chocolisto 200 gr,A1,7430.0
263482,2024-04-24,cama granada con colchon varna queen 166 x 197 cm tabaco,A1,1740900.0
263663,2024-04-24,carne de diablo lata zenu 80 gr,A1,10550.0
264088,2024-04-24,chocolate de mesa pastillado con azucar la especial 400 gr,A1,8490.0
264145,2024-04-24,chocolatina lyne leche 25 gr,A1,2730.0
264241,2024-04-24,cigllo cjtlla pqte red marlboro 20 und,A1,10450.0
264295,2024-04-24,coche mascotas para exteriores paseador,A1,599000.0
264309,2024-04-24,coche paseador bebe tipo maleta mikey blanco negro maxibaby,A1,399900.0
264341,2024-04-24,coctel de ron zombie bacardi 750 ml,A1,49000.0
264380,2024-04-24,colchon baco 120x190 resortado,A1,1279900.0
264739,2024-04-24,cuaderno tamano 21 x 28 cm 160 paginas cuadriculado 80 hojas argollado tapa dura tinta negra,A1,31400.0
265298,2024-04-24,filete de pechuga finas hierba pollocoa 850 gr,A1,36600.0
265482,2024-04-24,funko pop comic covers marvel x men wolverine 06,A1,169900.0
266399,2024-04-24,jamon de pavo ahumado delipavo,A1,15571.0
266449,2024-04-24,jean arkitect daniela salcedo 87150,A1,159990.0
267106,2024-04-24,jugo taeq naranja 1 und,A1,4700.0
267319,2024-04-24,lavaloza liquido con vitamina e loza crem 850 ml,A1,15950.0
267381,2024-04-24,leche en polvo clasica klim 2400 gr,A1,113440.0
267404,2024-04-24,leche en polvo gramos zymil 380 gr,A1,17900.0
267585,2024-04-24,loreal absolut repair lipidium mascarilla,A1,225200.0
268420,2024-04-24,pan tajado blanco a1 marca propia 450 gr,A1,4520.0
269035,2024-04-24,postre helado frutos del bosqu popsy 900 gr,A1,52600.0
269532,2024-04-24,ron roble blanco viejo de caldas 750 ml,A1,44300.0
269695,2024-04-24,sandalias talco bata red label hendra mujer,A1,127900.0
270049,2024-04-24,strapless bustier 360 de perfeccion 011911,A1,109990.0
270196,2024-04-24,te instantaneo sabor frutos rojos frescampo 300 gr,A1,7360.0
270286,2024-04-24,tequila 70 anejo cristalino don julio 700 ml,A1,370000.0
270748,2024-04-24,vino blanco sauvignon blanc volcanes 750 ml,A1,84000.0
270778,2024-04-24,vino carmenere cono sur 750 ml,A1,60900.0
271177,2024-04-24,vodka spirits 750 ml,A1,87600.0
271253,2024-04-24,whisky 10 anos talisker 700 ml,A1,252900.0
271256,2024-04-24,whisky 12 anos deluxe buchanan s 1000 ml,A1,209000.0
271618,2024-04-25,acondicionador loreal inforcer 200ml serie expert,A1,108000.0
271716,2024-04-25,agua micelar effaclar la rocheposay 200 ml,A1,105000.0
272266,2024-04-25,audifonos bluetooth inalambricos f9 touch manos libre ultrabass,A1,39900.0
272463,2024-04-25,base daiquiri fresa master 1000 ml,A1,34700.0
272544,2024-04-25,bebida alcoholica lychee eniwer ready to drink 269 ml,A1,8800.0
272562,2024-04-25,bebida chocolatada chocolisto 200 gr,A1,7430.0
273136,2024-04-25,cama granada con colchon varna queen 166 x 197 cm tabaco,A1,1740900.0
273313,2024-04-25,carne de diablo lata zenu 80 gr,A1,10550.0
273757,2024-04-25,chocolate de mesa pastillado con azucar la especial 400 gr,A1,8490.0
273814,2024-04-25,chocolatina lyne leche 25 gr,A1,2730.0
273914,2024-04-25,cigllo cjtlla pqte red marlboro 20 und,A1,10450.0
273974,2024-04-25,coche mascotas para exteriores paseador,A1,599000.0
273988,2024-04-25,coche paseador bebe tipo maleta mikey blanco negro maxibaby,A1,399900.0
274020,2024-04-25,coctel de ron zombie bacardi 750 ml,A1,49000.0
274063,2024-04-25,colchon baco 120x190 resortado,A1,1279900.0
274487,2024-04-25,cuaderno tamano 21 x 28 cm 160 paginas cuadriculado 80 hojas argollado tapa dura tinta negra,A1,31400.0
275083,2024-04-25,filete de pechuga finas hierba pollocoa 850 gr,A1,36600.0
275287,2024-04-25,funko pop comic covers marvel x men wolverine 06,A1,169900.0
276034,2024-04-25,harry potter mini pack harry amp cho,A1,71920.0
276235,2024-04-25,jamon de pavo ahumado delipavo,A1,15571.0
276299,2024-04-25,jean arkitect daniela salcedo 87150,A1,159990.0
276965,2024-04-25,jugo taeq naranja 1 und,A1,4700.0
277185,2024-04-25,lavaloza liquido con vitamina e loza crem 850 ml,A1,15950.0
277247,2024-04-25,leche en polvo clasica klim 2400 gr,A1,141800.0
277268,2024-04-25,leche en polvo gramos zymil 380 gr,A1,17900.0
277477,2024-04-25,loreal absolut repair lipidium mascarilla,A1,225200.0
278192,2024-04-25,nuggets de pollo apanados friko 900 gr,A1,47300.0
278420,2024-04-25,pan tajado blanco a1 marca propia 450 gr,A1,4520.0
279081,2024-04-25,postre helado frutos del bosqu popsy 900 gr,A1,52600.0
279256,2024-04-25,ravioli de carne frescampo 250 gr,A1,15950.0
279614,2024-04-25,ron roble blanco viejo de caldas 750 ml,A1,44300.0
279805,2024-04-25,sandalias talco bata red label hendra mujer,A1,127900.0
280213,2024-04-25,strapless bustier 360 de perfeccion 011911,A1,109990.0
280364,2024-04-25,te instantaneo sabor frutos rojos frescampo 300 gr,A1,7360.0
280458,2024-04-25,tequila 70 anejo cristalino don julio 700 ml,A1,377400.0
280954,2024-04-25,vino blanco sauvignon blanc volcanes 750 ml,A1,84000.0
280984,2024-04-25,vino carmenere cono sur 750 ml,A1,60900.0
281383,2024-04-25,vodka spirits 750 ml,A1,87600.0
281462,2024-04-25,whisky 10 anos talisker 700 ml,A1,252900.0
281465,2024-04-25,whisky 12 anos deluxe buchanan s 1000 ml,A1,209000.0
281829,2024-05-01,acondicionador loreal inforcer 200ml serie expert,A1,108000.0
281924,2024-05-01,agua micelar effaclar la rocheposay 200 ml,A1,105000.0
282462,2024-05-01,audifonos bluetooth inalambricos f9 touch manos libre ultrabass,A1,39900.0
282650,2024-05-01,base daiquiri fresa master 1000 ml,A1,34700.0
282723,2024-05-01,bebida alcoholica lychee eniwer ready to drink 269 ml,A1,6160.0
282742,2024-05-01,bebida chocolatada chocolisto 200 gr,A1,5572.0
283313,2024-05-01,cama granada con colchon varna queen 166 x 197 cm tabaco,A1,1731900.0
283499,2024-05-01,carne de diablo lata zenu 80 gr,A1,10550.0
283940,2024-05-01,chocolate de mesa pastillado con azucar la especial 400 gr,A1,8490.0
283996,2024-05-01,chocolatina lyne leche 25 gr,A1,2730.0
284095,2024-05-01,cigllo cjtlla pqte red marlboro 20 und,A1,10450.0
284159,2024-05-01,coche mascotas para exteriores paseador,A1,599000.0
284171,2024-05-01,coche paseador bebe tipo maleta mikey blanco negro maxibaby,A1,399900.0
284202,2024-05-01,coctel de ron zombie bacardi 750 ml,A1,49000.0
284246,2024-05-01,colchon baco 120x190 resortado,A1,1279900.0
284649,2024-05-01,cuaderno tamano 21 x 28 cm 160 paginas cuadriculado 80 hojas argollado tapa dura tinta negra,A1,31400.0
285166,2024-05-01,filete de pechuga finas hierba pollocoa 850 gr,A1,36600.0
285352,2024-05-01,funko pop comic covers marvel x men wolverine 06,A1,169900.0
286093,2024-05-01,harry potter mini pack harry amp cho,A1,89900.0
286280,2024-05-01,jamon de pavo ahumado delipavo,A1,22245.0
286332,2024-05-01,jean arkitect daniela salcedo 87150,A1,159990.0
286990,2024-05-01,jugo taeq naranja 1 und,A1,4700.0
287180,2024-05-01,lavaloza liquido con vitamina e loza crem 850 ml,A1,15950.0
287241,2024-05-01,leche en polvo clasica klim 2400 gr,A1,141800.0
287261,2024-05-01,leche en polvo gramos zymil 380 gr,A1,17900.0
287470,2024-05-01,loreal absolut repair lipidium mascarilla,A1,225200.0
288186,2024-05-01,nuggets de pollo apanados friko 900 gr,A1,47300.0
288390,2024-05-01,pan tajado blanco a1 marca propia 450 gr,A1,4760.0
289029,2024-05-01,postre helado frutos del bosqu popsy 900 gr,A1,52600.0
289208,2024-05-01,ravioli de carne frescampo 250 gr,A1,15950.0
289543,2024-05-01,ron roble blanco viejo de caldas 750 ml,A1,44300.0
289731,2024-05-01,sandalias talco bata red label hendra mujer,A1,127900.0
290129,2024-05-01,strapless bustier 360 de perfeccion 011911,A1,109990.0
290269,2024-05-01,te instantaneo sabor frutos rojos frescampo 300 gr,A1,7360.0
290359,2024-05-01,tequila 70 anejo cristalino don julio 700 ml,A1,377400.0
290842,2024-05-01,vino blanco sauvignon blanc volcanes 750 ml,A1,84000.0
290871,2024-05-01,vino carmenere cono sur 750 ml,A1,60900.0
291272,2024-05-01,vodka spirits 750 ml,A1,86800.0
291351,2024-05-01,whisky 10 anos talisker 700 ml,A1,252900.0
291354,2024-05-01,whisky 12 anos deluxe buchanan s 1000 ml,A1,177650.0
292072,2024-05-02,bebida alcoholica lychee eniwer ready to drink 269 ml,A1,6160.0
292091,2024-05-02,bebida chocolatada chocolisto 200 gr,A1,5572.0
292416,2024-05-02,carne de diablo lata zenu 80 gr,A1,10550.0
292597,2024-05-02,chocolatina lyne leche 25 gr,A1,2730.0
292899,2024-05-02,filete de pechuga finas hierba pollocoa 850 gr,A1,36600.0
293233,2024-05-02,harry potter mini pack harry amp cho,A1,89900.0
293350,2024-05-02,jamon de pavo ahumado delipavo,A1,22245.0
293432,2024-05-02,jugo taeq naranja 1 und,A1,4700.0
293979,2024-05-02,nuggets de pollo apanados friko 900 gr,A1,47300.0
294418,2024-05-02,postre helado frutos del bosqu popsy 900 gr,A1,52600.0
294477,2024-05-02,ravioli de carne frescampo 250 gr,A1,15950.0
294859,2024-05-02,te instantaneo sabor frutos rojos frescampo 300 gr,A1,7360.0
294902,2024-05-02,tequila 70 anejo cristalino don julio 700 ml,A1,370000.0
295105,2024-05-02,vodka spirits 750 ml,A1,86800.0
295423,2024-05-15,acondicionador loreal inforcer 200ml serie expert,A1,108000.0
295456,2024-05-15,agua cristal aloe botella 330 ml,A1,2700.0
295517,2024-05-15,agua micelar effaclar la rocheposay 200 ml,A1,105000.0
296067,2024-05-15,audifonos bluetooth inalambricos f9 touch manos libre ultrabass,A1,33551.0
296248,2024-05-15,base daiquiri fresa master 1000 ml,A1,34700.0
296315,2024-05-15,bebida alcoholica lychee eniwer ready to drink 269 ml,A1,8800.0
296331,2024-05-15,bebida chocolatada chocolisto 200 gr,A1,7430.0
296448,2024-05-15,bebida lactea yox surtido x8und sanduchera 762 ml,A1,21450.0
296846,2024-05-15,cama granada con colchon varna queen 166 x 197 cm tabaco,A1,1731900.0
297005,2024-05-15,carne de diablo lata zenu 80 gr,A1,10550.0
297115,2024-05-15,cerave agua micelar hidratante 296ml,A1,110000.0
297477,2024-05-15,chocolate de mesa pastillado con azucar la especial 400 gr,A1,7260.0
297500,2024-05-15,chocolatina lyne leche 25 gr,A1,2730.0
297586,2024-05-15,cigllo cjtlla pqte red marlboro 20 und,A1,10450.0
297641,2024-05-15,coche mascotas para exteriores paseador,A1,599000.0
297660,2024-05-15,coche paseador bebe tipo maleta mikey blanco negro maxibaby,A1,399900.0
297692,2024-05-15,coctel de ron zombie bacardi 750 ml,A1,49000.0
297737,2024-05-15,colchon baco 120x190 resortado,A1,1279900.0
298162,2024-05-15,cuaderno tamano 21 x 28 cm 160 paginas cuadriculado 80 hojas argollado tapa dura tinta negra,A1,31400.0
298748,2024-05-15,filete de pechuga finas hierba pollocoa 850 gr,A1,36600.0
298799,2024-05-15,filtro de agua para nevera samsung da29 00020b,A1,115000.0
298966,2024-05-15,funko pop comic covers marvel x men wolverine 06,A1,169900.0
299296,2024-05-15,galletas noel 165 gr,A1,14400.0
299578,2024-05-15,golpe golpe 250 gr,A1,10600.0
299587,2024-05-15,gomitas con omega y proteina natural para gato y perro 1 kilo recarga,A1,48450.0
299696,2024-05-15,harry potter mini pack harry amp cho,A1,89900.0
299890,2024-05-15,jamon de pavo ahumado delipavo,A1,15729.0
299949,2024-05-15,jean arkitect daniela salcedo 87150,A1,159990.0
300556,2024-05-15,jugo hit frutas tropicales botella 1500 ml,A1,4736.0
300598,2024-05-15,jugo taeq naranja 1 und,A1,4700.0
300875,2024-05-15,lavaloza liquido con vitamina e loza crem 850 ml,A1,16750.0
300951,2024-05-15,leche en polvo clasica klim 2400 gr,A1,141800.0
300967,2024-05-15,leche en polvo gramos zymil 380 gr,A1,14320.0
301170,2024-05-15,loreal absolut repair lipidium mascarilla,A1,225200.0
301920,2024-05-15,nuggets de pollo apanados friko 900 gr,A1,47300.0
302120,2024-05-15,pan tajado blanco a1 marca propia 450 gr,A1,4520.0
302827,2024-05-15,postre helado frutos del bosqu popsy 900 gr,A1,52600.0
303043,2024-05-15,ravioli de carne frescampo 250 gr,A1,15950.0
303368,2024-05-15,ron roble blanco viejo de caldas 750 ml,A1,44300.0
303555,2024-05-15,sandalias talco bata red label hendra mujer,A1,127900.0
303760,2024-05-15,shampoo mom maria salome,A1,29240.0
303911,2024-05-15,soda bretana botella 1500 ml,A1,4199.0
304003,2024-05-15,strapless bustier 360 de perfeccion 011911,A1,109990.0
304157,2024-05-15,te instantaneo sabor frutos rojos frescampo 300 gr,A1,7360.0
304245,2024-05-15,tequila 70 anejo cristalino don julio 700 ml,A1,370000.0
304775,2024-05-15,vino blanco sauvignon blanc volcanes 750 ml,A1,84000.0
304804,2024-05-15,vino carmenere cono sur 750 ml,A1,60900.0
305211,2024-05-15,vodka spirits 750 ml,A1,69440.0
305284,2024-05-15,whisky 10 anos talisker 700 ml,A1,252900.0
305287,2024-05-15,whisky 12 anos deluxe buchanan s 1000 ml,A1,209000.0
305672,2024-05-16,acondicionador loreal inforcer 200ml serie expert,A1,108000.0
305705,2024-05-16,agua cristal aloe botella 330 ml,A1,2750.0
305766,2024-05-16,agua micelar effaclar la rocheposay 200 ml,A1,105000.0
306317,2024-05-16,audifonos bluetooth inalambricos f9 touch manos libre ultrabass,A1,33551.0
306506,2024-05-16,base daiquiri fresa master 1000 ml,A1,34700.0
306572,2024-05-16,bebida alcoholica lychee eniwer ready to drink 269 ml,A1,8800.0
306588,2024-05-16,bebida chocolatada chocolisto 200 gr,A1,7430.0
306705,2024-05-16,bebida lactea yox surtido x8und sanduchera 762 ml,A1,21450.0
307109,2024-05-16,cama granada con colchon varna queen 166 x 197 cm tabaco,A1,1731900.0
307265,2024-05-16,carne de diablo lata zenu 80 gr,A1,10550.0
307377,2024-05-16,cerave agua micelar hidratante 296ml,A1,110000.0
307731,2024-05-16,chocolate de mesa pastillado con azucar la especial 400 gr,A1,7260.0
307754,2024-05-16,chocolatina lyne leche 25 gr,A1,2730.0
307839,2024-05-16,cigllo cjtlla pqte red marlboro 20 und,A1,10450.0
307898,2024-05-16,coche mascotas para exteriores paseador,A1,599000.0
307917,2024-05-16,coche paseador bebe tipo maleta mikey blanco negro maxibaby,A1,399900.0
307950,2024-05-16,coctel de ron zombie bacardi 750 ml,A1,49000.0
307996,2024-05-16,colchon baco 120x190 resortado,A1,1279900.0
308445,2024-05-16,cuaderno tamano 21 x 28 cm 160 paginas cuadriculado 80 hojas argollado tapa dura tinta negra,A1,31400.0
309048,2024-05-16,filete de pechuga finas hierba pollocoa 850 gr,A1,36600.0
309100,2024-05-16,filtro de agua para nevera samsung da29 00020b,A1,115000.0
309270,2024-05-16,funko pop comic covers marvel x men wolverine 06,A1,169900.0
309599,2024-05-16,galletas noel 165 gr,A1,14400.0
309884,2024-05-16,golpe golpe 250 gr,A1,10600.0
309893,2024-05-16,gomitas con omega y proteina natural para gato y perro 1 kilo recarga,A1,48450.0
310002,2024-05-16,harry potter mini pack harry amp cho,A1,89900.0
310152,2024-05-16,jamon de pavo ahumado delipavo,A1,22470.0
310212,2024-05-16,jean arkitect daniela salcedo 87150,A1,159990.0
310835,2024-05-16,jugo hit frutas tropicales botella 1500 ml,A1,5920.0
310877,2024-05-16,jugo taeq naranja 1 und,A1,4700.0
311167,2024-05-16,lavaloza liquido con vitamina e loza crem 850 ml,A1,16750.0
311243,2024-05-16,leche en polvo clasica klim 2400 gr,A1,141800.0
311258,2024-05-16,leche en polvo gramos zymil 380 gr,A1,14320.0
311464,2024-05-16,loreal absolut repair lipidium mascarilla,A1,225200.0
312220,2024-05-16,nuggets de pollo apanados friko 900 gr,A1,47300.0
312411,2024-05-16,pan tajado blanco a1 marca propia 450 gr,A1,4520.0
313118,2024-05-16,postre helado frutos del bosqu popsy 900 gr,A1,52600.0
313337,2024-05-16,ravioli de carne frescampo 250 gr,A1,15950.0
313665,2024-05-16,ron roble blanco viejo de caldas 750 ml,A1,44300.0
313852,2024-05-16,sandalias talco bata red label hendra mujer,A1,127900.0
314065,2024-05-16,shampoo mom maria salome,A1,29240.0
314215,2024-05-16,soda bretana botella 1500 ml,A1,4940.0
314310,2024-05-16,strapless bustier 360 de perfeccion 011911,A1,109990.0
314468,2024-05-16,te instantaneo sabor frutos rojos frescampo 300 gr,A1,7360.0
314556,2024-05-16,tequila 70 anejo cristalino don julio 700 ml,A1,370000.0
315072,2024-05-16,vino blanco sauvignon blanc volcanes 750 ml,A1,84000.0
315101,2024-05-16,vino carmenere cono sur 750 ml,A1,60900.0
315510,2024-05-16,vodka spirits 750 ml,A1,69440.0
315582,2024-05-16,whisky 10 anos talisker 700 ml,A1,252900.0
315585,2024-05-16,whisky 12 anos deluxe buchanan s 1000 ml,A1,209000.0
315970,2024-05-17,acondicionador loreal inforcer 200ml serie expert,A1,108000.0
316003,2024-05-17,agua cristal aloe botella 330 ml,A1,2750.0
316064,2024-05-17,agua micelar effaclar la rocheposay 200 ml,A1,105000.0
316618,2024-05-17,audifonos bluetooth inalambricos f9 touch manos libre ultrabass,A1,33551.0
316806,2024-05-17,base daiquiri fresa master 1000 ml,A1,34700.0
316875,2024-05-17,bebida alcoholica lychee eniwer ready to drink 269 ml,A1,8800.0
316891,2024-05-17,bebida chocolatada chocolisto 200 gr,A1,7430.0
317011,2024-05-17,bebida lactea yox surtido x8und sanduchera 762 ml,A1,21450.0
317431,2024-05-17,cama granada con colchon varna queen 166 x 197 cm tabaco,A1,1731900.0
317598,2024-05-17,carne de diablo lata zenu 80 gr,A1,10550.0
317709,2024-05-17,cerave agua micelar hidratante 296ml,A1,110000.0
318063,2024-05-17,chocolate de mesa pastillado con azucar la especial 400 gr,A1,7260.0
318086,2024-05-17,chocolatina lyne leche 25 gr,A1,2730.0
318170,2024-05-17,cigllo cjtlla pqte red marlboro 20 und,A1,10450.0
318229,2024-05-17,coche mascotas para exteriores paseador,A1,599000.0
318248,2024-05-17,coche paseador bebe tipo maleta mikey blanco negro maxibaby,A1,399900.0
318281,2024-05-17,coctel de ron zombie bacardi 750 ml,A1,49000.0
318327,2024-05-17,colchon baco 120x190 resortado,A1,1279900.0
318785,2024-05-17,cuaderno tamano 21 x 28 cm 160 paginas cuadriculado 80 hojas argollado tapa dura tinta negra,A1,31400.0
319389,2024-05-17,filete de pechuga finas hierba pollocoa 850 gr,A1,36600.0
319440,2024-05-17,filtro de agua para nevera samsung da29 00020b,A1,115000.0
319616,2024-05-17,funko pop comic covers marvel x men wolverine 06,A1,169900.0
319946,2024-05-17,galletas noel 165 gr,A1,14400.0
320233,2024-05-17,golpe golpe 250 gr,A1,10600.0
320242,2024-05-17,gomitas con omega y proteina natural para gato y perro 1 kilo recarga,A1,48450.0
320349,2024-05-17,harry potter mini pack harry amp cho,A1,89900.0
320482,2024-05-17,jamon de pavo ahumado delipavo,A1,22470.0
320543,2024-05-17,jean arkitect daniela salcedo 87150,A1,159990.0
321171,2024-05-17,jugo hit frutas tropicales botella 1500 ml,A1,5920.0
321213,2024-05-17,jugo taeq naranja 1 und,A1,4700.0
321513,2024-05-17,lavaloza liquido con vitamina e loza crem 850 ml,A1,16750.0
321589,2024-05-17,leche en polvo clasica klim 2400 gr,A1,141800.0
321605,2024-05-17,leche en polvo gramos zymil 380 gr,A1,17900.0
321810,2024-05-17,loreal absolut repair lipidium mascarilla,A1,225200.0
322562,2024-05-17,nuggets de pollo apanados friko 900 gr,A1,47300.0
322750,2024-05-17,pan tajado blanco a1 marca propia 450 gr,A1,4520.0
323459,2024-05-17,postre helado frutos del bosqu popsy 900 gr,A1,52600.0
323671,2024-05-17,ravioli de carne frescampo 250 gr,A1,15950.0
323980,2024-05-17,ron roble blanco viejo de caldas 750 ml,A1,44300.0
324170,2024-05-17,sandalias talco bata red label hendra mujer,A1,127900.0
324376,2024-05-17,shampoo mom maria salome,A1,29240.0
324530,2024-05-17,soda bretana botella 1500 ml,A1,4940.0
324627,2024-05-17,strapless bustier 360 de perfeccion 011911,A1,109990.0
324787,2024-05-17,te instantaneo sabor frutos rojos frescampo 300 gr,A1,7360.0
324876,2024-05-17,tequila 70 anejo cristalino don julio 700 ml,A1,370000.0
325399,2024-05-17,vino blanco sauvignon blanc volcanes 750 ml,A1,84000.0
325428,2024-05-17,vino carmenere cono sur 750 ml,A1,60900.0
325838,2024-05-17,vodka spirits 750 ml,A1,69440.0
325908,2024-05-17,whisky 10 anos talisker 700 ml,A1,252900.0
325911,2024-05-17,whisky 12 anos deluxe buchanan s 1000 ml,A1,209000.0
326295,2024-05-18,acondicionador loreal inforcer 200ml serie expert,A1,108000.0
326327,2024-05-18,agua cristal aloe botella 330 ml,A1,2750.0
326388,2024-05-18,agua micelar effaclar la rocheposay 200 ml,A1,105000.0
326958,2024-05-18,audifonos bluetooth inalambricos f9 touch manos libre ultrabass,A1,33551.0
327146,2024-05-18,base daiquiri fresa master 1000 ml,A1,34700.0
327213,2024-05-18,bebida alcoholica lychee eniwer ready to drink 269 ml,A1,8800.0
327229,2024-05-18,bebida chocolatada chocolisto 200 gr,A1,7430.0
327350,2024-05-18,bebida lactea yox surtido x8und sanduchera 762 ml,A1,21450.0
327774,2024-05-18,cama granada con colchon varna queen 166 x 197 cm tabaco,A1,1731900.0
327938,2024-05-18,carne de diablo lata zenu 80 gr,A1,10550.0
328050,2024-05-18,cerave agua micelar hidratante 296ml,A1,110000.0
328403,2024-05-18,chocolate de mesa pastillado con azucar la especial 400 gr,A1,7260.0
328426,2024-05-18,chocolatina lyne leche 25 gr,A1,2730.0
328512,2024-05-18,cigllo cjtlla pqte red marlboro 20 und,A1,10450.0
328571,2024-05-18,coche mascotas para exteriores paseador,A1,599000.0
328590,2024-05-18,coche paseador bebe tipo maleta mikey blanco negro maxibaby,A1,399900.0
328626,2024-05-18,coctel de ron zombie bacardi 750 ml,A1,49000.0
328673,2024-05-18,colchon baco 120x190 resortado,A1,1279900.0
329142,2024-05-18,cuaderno tamano 21 x 28 cm 160 paginas cuadriculado 80 hojas argollado tapa dura tinta negra,A1,31400.0
329754,2024-05-18,filete de pechuga finas hierba pollocoa 850 gr,A1,36600.0
329806,2024-05-18,filtro de agua para nevera samsung da29 00020b,A1,115000.0
329984,2024-05-18,funko pop comic covers marvel x men wolverine 06,A1,169900.0
330314,2024-05-18,galletas noel 165 gr,A1,14400.0
330603,2024-05-18,golpe golpe 250 gr,A1,10600.0
330612,2024-05-18,gomitas con omega y proteina natural para gato y perro 1 kilo recarga,A1,48450.0
330723,2024-05-18,harry potter mini pack harry amp cho,A1,89900.0
330858,2024-05-18,jamon de pavo ahumado delipavo,A1,22470.0
330921,2024-05-18,jean arkitect daniela salcedo 87150,A1,159990.0
331560,2024-05-18,jugo hit frutas tropicales botella 1500 ml,A1,5920.0
331602,2024-05-18,jugo taeq naranja 1 und,A1,4700.0
331900,2024-05-18,lavaloza liquido con vitamina e loza crem 850 ml,A1,16750.0
331976,2024-05-18,leche en polvo clasica klim 2400 gr,A1,141800.0
331992,2024-05-18,leche en polvo gramos zymil 380 gr,A1,17900.0
332197,2024-05-18,loreal absolut repair lipidium mascarilla,A1,225200.0
332952,2024-05-18,nuggets de pollo apanados friko 900 gr,A1,47300.0
333148,2024-05-18,pan tajado blanco a1 marca propia 450 gr,A1,4520.0
333846,2024-05-18,postre helado frutos del bosqu popsy 900 gr,A1,52600.0
334050,2024-05-18,ravioli de carne frescampo 250 gr,A1,15950.0
334354,2024-05-18,ron roble blanco viejo de caldas 750 ml,A1,44300.0
334541,2024-05-18,sandalias talco bata red label hendra mujer,A1,127900.0
334747,2024-05-18,shampoo mom maria salome,A1,29240.0
334899,2024-05-18,soda bretana botella 1500 ml,A1,4940.0
334996,2024-05-18,strapless bustier 360 de perfeccion 011911,A1,109990.0
335163,2024-05-18,te instantaneo sabor frutos rojos frescampo 300 gr,A1,7360.0
335253,2024-05-18,tequila 70 anejo cristalino don julio 700 ml,A1,370000.0
335767,2024-05-18,vino blanco sauvignon blanc volcanes 750 ml,A1,84000.0
335796,2024-05-18,vino carmenere cono sur 750 ml,A1,60900.0
336205,2024-05-18,vodka spirits 750 ml,A1,69440.0
336279,2024-05-18,whisky 10 anos talisker 700 ml,A1,252900.0
336282,2024-05-18,whisky 12 anos deluxe buchanan s 1000 ml,A1,209000.0
336663,2024-05-19,acondicionador loreal inforcer 200ml serie expert,A1,108000.0
336692,2024-05-19,agua cristal aloe botella 330 ml,A1,2750.0
336753,2024-05-19,agua micelar effaclar la rocheposay 200 ml,A1,105000.0
337293,2024-05-19,audifonos bluetooth inalambricos f9 touch manos libre ultrabass,A1,33551.0
337471,2024-05-19,base daiquiri fresa master 1000 ml,A1,34700.0
337535,2024-05-19,bebida alcoholica lychee eniwer ready to drink 269 ml,A1,8800.0
337551,2024-05-19,bebida chocolatada chocolisto 200 gr,A1,7430.0
337671,2024-05-19,bebida lactea yox surtido x8und sanduchera 762 ml,A1,21450.0
338083,2024-05-19,cama granada con colchon varna queen 166 x 197 cm tabaco,A1,1731900.0
338243,2024-05-19,carne de diablo lata zenu 80 gr,A1,10550.0
338352,2024-05-19,cerave agua micelar hidratante 296ml,A1,110000.0
338688,2024-05-19,chocolate de mesa pastillado con azucar la especial 400 gr,A1,7260.0
338706,2024-05-19,chocolatina lyne leche 25 gr,A1,2730.0
338789,2024-05-19,cigllo cjtlla pqte red marlboro 20 und,A1,10450.0
338842,2024-05-19,coche mascotas para exteriores paseador,A1,599000.0
338861,2024-05-19,coche paseador bebe tipo maleta mikey blanco negro maxibaby,A1,399900.0
338895,2024-05-19,coctel de ron zombie bacardi 750 ml,A1,49000.0
338940,2024-05-19,colchon baco 120x190 resortado,A1,1279900.0
339360,2024-05-19,cuaderno tamano 21 x 28 cm 160 paginas cuadriculado 80 hojas argollado tapa dura tinta negra,A1,31400.0
339924,2024-05-19,filete de pechuga finas hierba pollocoa 850 gr,A1,36600.0
339975,2024-05-19,filtro de agua para nevera samsung da29 00020b,A1,115000.0
340146,2024-05-19,funko pop comic covers marvel x men wolverine 06,A1,169900.0
340474,2024-05-19,galletas noel 165 gr,A1,14400.0
340758,2024-05-19,gomitas con omega y proteina natural para gato y perro 1 kilo recarga,A1,48450.0
340985,2024-05-19,jamon de pavo ahumado delipavo,A1,22470.0
341047,2024-05-19,jean arkitect daniela salcedo 87150,A1,159990.0
341562,2024-05-19,jugo hit frutas tropicales botella 1500 ml,A1,5270.0
341603,2024-05-19,jugo taeq naranja 1 und,A1,4700.0
341882,2024-05-19,lavaloza liquido con vitamina e loza crem 850 ml,A1,16750.0
341957,2024-05-19,leche en polvo clasica klim 2400 gr,A1,141800.0
341973,2024-05-19,leche en polvo gramos zymil 380 gr,A1,17900.0
342167,2024-05-19,loreal absolut repair lipidium mascarilla,A1,225200.0
342755,2024-05-19,nuggets de pollo apanados friko 900 gr,A1,47300.0
342928,2024-05-19,pan tajado blanco a1 marca propia 450 gr,A1,4520.0
343418,2024-05-19,postre helado frutos del bosqu popsy 900 gr,A1,52600.0
343609,2024-05-19,ravioli de carne frescampo 250 gr,A1,15950.0
343908,2024-05-19,ron roble blanco viejo de caldas 750 ml,A1,44300.0
344091,2024-05-19,sandalias talco bata red label hendra mujer,A1,127900.0
344281,2024-05-19,shampoo mom maria salome,A1,29240.0
344434,2024-05-19,soda bretana botella 1500 ml,A1,4940.0
344525,2024-05-19,strapless bustier 360 de perfeccion 011911,A1,109990.0
344679,2024-05-19,te instantaneo sabor frutos rojos frescampo 300 gr,A1,7360.0
344762,2024-05-19,tequila 70 anejo cristalino don julio 700 ml,A1,370000.0
345214,2024-05-19,vino blanco sauvignon blanc volcanes 750 ml,A1,84000.0
345243,2024-05-19,vino carmenere cono sur 750 ml,A1,60900.0
345652,2024-05-19,vodka spirits 750 ml,A1,69440.0
345726,2024-05-19,whisky 10 anos talisker 700 ml,A1,252900.0
345729,2024-05-19,whisky 12 anos deluxe buchanan s 1000 ml,A1,213200.0
346105,2024-05-20,acondicionador loreal inforcer 200ml serie expert,A1,108000.0
346134,2024-05-20,agua cristal aloe botella 330 ml,A1,2750.0
346195,2024-05-20,agua micelar effaclar la rocheposay 200 ml,A1,105000.0
346757,2024-05-20,audifonos bluetooth inalambricos f9 touch manos libre ultrabass,A1,33551.0
346935,2024-05-20,base daiquiri fresa master 1000 ml,A1,34700.0
346997,2024-05-20,bebida alcoholica lychee eniwer ready to drink 269 ml,A1,8800.0
347013,2024-05-20,bebida chocolatada chocolisto 200 gr,A1,7430.0
347134,2024-05-20,bebida lactea yox surtido x8und sanduchera 762 ml,A1,21450.0
347551,2024-05-20,cama granada con colchon varna queen 166 x 197 cm tabaco,A1,1731900.0
347710,2024-05-20,carne de diablo lata zenu 80 gr,A1,10550.0
347815,2024-05-20,cerave agua micelar hidratante 296ml,A1,110000.0
348166,2024-05-20,chocolate de mesa pastillado con azucar la especial 400 gr,A1,7260.0
348189,2024-05-20,chocolatina lyne leche 25 gr,A1,2730.0
348274,2024-05-20,cigllo cjtlla pqte red marlboro 20 und,A1,10450.0
348335,2024-05-20,coche mascotas para exteriores paseador,A1,599000.0
348354,2024-05-20,coche paseador bebe tipo maleta mikey blanco negro maxibaby,A1,399900.0
348390,2024-05-20,coctel de ron zombie bacardi 750 ml,A1,49000.0
348434,2024-05-20,colchon baco 120x190 resortado,A1,1279900.0
348869,2024-05-20,cuaderno tamano 21 x 28 cm 160 paginas cuadriculado 80 hojas argollado tapa dura tinta negra,A1,31400.0
349363,2024-05-20,filete de pechuga finas hierba pollocoa 850 gr,A1,36600.0
349413,2024-05-20,filtro de agua para nevera samsung da29 00020b,A1,115000.0
349781,2024-05-20,galletas noel 165 gr,A1,14400.0
350067,2024-05-20,golpe golpe 250 gr,A1,10600.0
350076,2024-05-20,gomitas con omega y proteina natural para gato y perro 1 kilo recarga,A1,48450.0
350185,2024-05-20,harry potter mini pack harry amp cho,A1,89900.0
350353,2024-05-20,jean arkitect daniela salcedo 87150,A1,159990.0
350986,2024-05-20,jugo hit frutas tropicales botella 1500 ml,A1,4216.0
351027,2024-05-20,jugo taeq naranja 1 und,A1,4700.0
351298,2024-05-20,lavaloza liquido con vitamina e loza crem 850 ml,A1,16750.0
351374,2024-05-20,leche en polvo clasica klim 2400 gr,A1,113440.0
351390,2024-05-20,leche en polvo gramos zymil 380 gr,A1,17900.0
351590,2024-05-20,loreal absolut repair lipidium mascarilla,A1,225200.0
352321,2024-05-20,nuggets de pollo apanados friko 900 gr,A1,47300.0
352455,2024-05-20,pan tajado blanco a1 marca propia 450 gr,A1,4520.0
353072,2024-05-20,postre helado frutos del bosqu popsy 900 gr,A1,52600.0
353268,2024-05-20,ravioli de carne frescampo 250 gr,A1,15950.0
353573,2024-05-20,ron roble blanco viejo de caldas 750 ml,A1,44300.0
353758,2024-05-20,sandalias talco bata red label hendra mujer,A1,103935.0
353938,2024-05-20,shampoo mom maria salome,A1,29240.0
354087,2024-05-20,soda bretana botella 1500 ml,A1,4199.0
354185,2024-05-20,strapless bustier 360 de perfeccion 011911,A1,109990.0
354335,2024-05-20,te instantaneo sabor frutos rojos frescampo 300 gr,A1,7360.0
354423,2024-05-20,tequila 70 anejo cristalino don julio 700 ml,A1,370000.0
354900,2024-05-20,vino blanco sauvignon blanc volcanes 750 ml,A1,84000.0
354929,2024-05-20,vino carmenere cono sur 750 ml,A1,60900.0
355338,2024-05-20,vodka spirits 750 ml,A1,86800.0
355411,2024-05-20,whisky 10 anos talisker 700 ml,A1,252900.0
355414,2024-05-20,whisky 12 anos deluxe buchanan s 1000 ml,A1,213200.0
355792,2024-05-21,acondicionador loreal inforcer 200ml serie expert,A1,108000.0
355822,2024-05-21,agua cristal aloe botella 330 ml,A1,2750.0
355879,2024-05-21,agua micelar effaclar la rocheposay 200 ml,A1,105000.0
356435,2024-05-21,audifonos bluetooth inalambricos f9 touch manos libre ultrabass,A1,33551.0
356615,2024-05-21,base daiquiri fresa master 1000 ml,A1,34700.0
356677,2024-05-21,bebida alcoholica lychee eniwer ready to drink 269 ml,A1,8800.0
356693,2024-05-21,bebida chocolatada chocolisto 200 gr,A1,7430.0
356813,2024-05-21,bebida lactea yox surtido x8und sanduchera 762 ml,A1,21450.0
357232,2024-05-21,cama granada con colchon varna queen 166 x 197 cm tabaco,A1,1731900.0
357390,2024-05-21,carne de diablo lata zenu 80 gr,A1,10550.0
357492,2024-05-21,cerave agua micelar hidratante 296ml,A1,110000.0
357844,2024-05-21,chocolate de mesa pastillado con azucar la especial 400 gr,A1,7260.0
357868,2024-05-21,chocolatina lyne leche 25 gr,A1,2730.0
357959,2024-05-21,cigllo cjtlla pqte red marlboro 20 und,A1,10450.0
358021,2024-05-21,coche mascotas para exteriores paseador,A1,599000.0
358040,2024-05-21,coche paseador bebe tipo maleta mikey blanco negro maxibaby,A1,399900.0
358076,2024-05-21,coctel de ron zombie bacardi 750 ml,A1,49000.0
358122,2024-05-21,colchon baco 120x190 resortado,A1,1279900.0
358560,2024-05-21,cuaderno tamano 21 x 28 cm 160 paginas cuadriculado 80 hojas argollado tapa dura tinta negra,A1,31400.0
359050,2024-05-21,filete de pechuga finas hierba pollocoa 850 gr,A1,36600.0
359098,2024-05-21,filtro de agua para nevera samsung da29 00020b,A1,115000.0
359252,2024-05-21,funko pop comic covers marvel x men wolverine 06,A1,169900.0
359575,2024-05-21,galletas noel 165 gr,A1,14400.0
359858,2024-05-21,golpe golpe 250 gr,A1,10600.0
359867,2024-05-21,gomitas con omega y proteina natural para gato y perro 1 kilo recarga,A1,48450.0
359974,2024-05-21,harry potter mini pack harry amp cho,A1,89900.0
360096,2024-05-21,jamon de pavo ahumado delipavo,A1,16035.0
360147,2024-05-21,jean arkitect daniela salcedo 87150,A1,159990.0
360789,2024-05-21,jugo hit frutas tropicales botella 1500 ml,A1,4216.0
360830,2024-05-21,jugo taeq naranja 1 und,A1,4700.0
361097,2024-05-21,lavaloza liquido con vitamina e loza crem 850 ml,A1,16750.0
361173,2024-05-21,leche en polvo clasica klim 2400 gr,A1,113440.0
361189,2024-05-21,leche en polvo gramos zymil 380 gr,A1,17900.0
361395,2024-05-21,loreal absolut repair lipidium mascarilla,A1,225200.0
362130,2024-05-21,nuggets de pollo apanados friko 900 gr,A1,47300.0
362311,2024-05-21,pan tajado blanco a1 marca propia 450 gr,A1,4520.0
363014,2024-05-21,postre helado frutos del bosqu popsy 900 gr,A1,53300.0
363216,2024-05-21,ravioli de carne frescampo 250 gr,A1,15950.0
363511,2024-05-21,ron roble blanco viejo de caldas 750 ml,A1,44300.0
363693,2024-05-21,sandalias talco bata red label hendra mujer,A1,103935.0
363869,2024-05-21,shampoo mom maria salome,A1,29240.0
364017,2024-05-21,soda bretana botella 1500 ml,A1,4199.0
364115,2024-05-21,strapless bustier 360 de perfeccion 011911,A1,109990.0
364270,2024-05-21,te instantaneo sabor frutos rojos frescampo 300 gr,A1,7360.0
364359,2024-05-21,tequila 70 anejo cristalino don julio 700 ml,A1,370000.0
364843,2024-05-21,vino blanco sauvignon blanc volcanes 750 ml,A1,84000.0
364873,2024-05-21,vino carmenere cono sur 750 ml,A1,60900.0
365282,2024-05-21,vodka spirits 750 ml,A1,86800.0
365354,2024-05-21,whisky 10 anos talisker 700 ml,A1,252900.0
365357,2024-05-21,whisky 12 anos deluxe buchanan s 1000 ml,A1,213200.0
365736,2024-05-23,acondicionador loreal inforcer 200ml serie expert,A1,108000.0
365766,2024-05-23,agua cristal aloe botella 330 ml,A1,2062.0
365828,2024-05-23,agua micelar effaclar la rocheposay 200 ml,A1,105000.0
366383,2024-05-23,audifonos bluetooth inalambricos f9 touch manos libre ultrabass,A1,33551.0
366567,2024-05-23,base daiquiri fresa master 1000 ml,A1,34700.0
366629,2024-05-23,bebida alcoholica lychee eniwer ready to drink 269 ml,A1,8800.0
366645,2024-05-23,bebida chocolatada chocolisto 200 gr,A1,7430.0
366772,2024-05-23,bebida lactea yox surtido x8und sanduchera 762 ml,A1,17160.0
367201,2024-05-23,cama granada con colchon varna queen 166 x 197 cm tabaco,A1,1731900.0
367363,2024-05-23,carne de diablo lata zenu 80 gr,A1,10550.0
367470,2024-05-23,cerave agua micelar hidratante 296ml,A1,110000.0
367826,2024-05-23,chocolate de mesa pastillado con azucar la especial 400 gr,A1,7260.0
367850,2024-05-23,chocolatina lyne leche 25 gr,A1,2730.0
367942,2024-05-23,cigllo cjtlla pqte red marlboro 20 und,A1,10450.0
368027,2024-05-23,coche mascotas para exteriores paseador,A1,599000.0
368046,2024-05-23,coche paseador bebe tipo maleta mikey blanco negro maxibaby,A1,399900.0
368084,2024-05-23,coctel de ron zombie bacardi 750 ml,A1,49000.0
368129,2024-05-23,colchon baco 120x190 resortado,A1,1279900.0
368565,2024-05-23,cuaderno tamano 21 x 28 cm 160 paginas cuadriculado 80 hojas argollado tapa dura tinta negra,A1,31400.0
369065,2024-05-23,filete de pechuga finas hierba pollocoa 850 gr,A1,36600.0
369115,2024-05-23,filtro de agua para nevera samsung da29 00020b,A1,115000.0
369281,2024-05-23,funko pop comic covers marvel x men wolverine 06,A1,169900.0
369603,2024-05-23,galletas noel 165 gr,A1,14400.0
369888,2024-05-23,golpe golpe 250 gr,A1,10600.0
369897,2024-05-23,gomitas con omega y proteina natural para gato y perro 1 kilo recarga,A1,48450.0
370007,2024-05-23,harry potter mini pack harry amp cho,A1,89900.0
370178,2024-05-23,jean arkitect daniela salcedo 87150,A1,159990.0
370813,2024-05-23,jugo hit frutas tropicales botella 1500 ml,A1,4216.0
370854,2024-05-23,jugo taeq naranja 1 und,A1,4700.0
371123,2024-05-23,lavaloza liquido con vitamina e loza crem 850 ml,A1,13400.0
371199,2024-05-23,leche en polvo clasica klim 2400 gr,A1,113440.0
371215,2024-05-23,leche en polvo gramos zymil 380 gr,A1,17900.0
371427,2024-05-23,loreal absolut repair lipidium mascarilla,A1,225200.0
372174,2024-05-23,nuggets de pollo apanados friko 900 gr,A1,47300.0
372355,2024-05-23,pan tajado blanco a1 marca propia 450 gr,A1,4520.0
373060,2024-05-23,postre helado frutos del bosqu popsy 900 gr,A1,53300.0
373263,2024-05-23,ravioli de carne frescampo 250 gr,A1,15950.0
373542,2024-05-23,ron roble blanco viejo de caldas 750 ml,A1,44300.0
373729,2024-05-23,sandalias talco bata red label hendra mujer,A1,103935.0
373906,2024-05-23,shampoo mom maria salome,A1,29240.0
374054,2024-05-23,soda bretana botella 1500 ml,A1,4275.0
374153,2024-05-23,strapless bustier 360 de perfeccion 011911,A1,109990.0
374308,2024-05-23,te instantaneo sabor frutos rojos frescampo 300 gr,A1,4310.0
374400,2024-05-23,tequila 70 anejo cristalino don julio 700 ml,A1,370000.0
374889,2024-05-23,vino blanco sauvignon blanc volcanes 750 ml,A1,84000.0
374919,2024-05-23,vino carmenere cono sur 750 ml,A1,60900.0
375328,2024-05-23,vodka spirits 750 ml,A1,87600.0
375403,2024-05-23,whisky 10 anos talisker 700 ml,A1,252900.0
375406,2024-05-23,whisky 12 anos deluxe buchanan s 1000 ml,A1,213200.0
375789,2024-05-24,acondicionador loreal inforcer 200ml serie expert,A1,108000.0
375821,2024-05-24,agua cristal aloe botella 330 ml,A1,2062.0
375883,2024-05-24,agua micelar effaclar la rocheposay 200 ml,A1,105000.0
376453,2024-05-24,audifonos bluetooth inalambricos f9 touch manos libre ultrabass,A1,33550.0
376639,2024-05-24,base daiquiri fresa master 1000 ml,A1,34700.0
376706,2024-05-24,bebida alcoholica lychee eniwer ready to drink 269 ml,A1,8800.0
376722,2024-05-24,bebida chocolatada chocolisto 200 gr,A1,7430.0
376848,2024-05-24,bebida lactea yox surtido x8und sanduchera 762 ml,A1,17160.0
377298,2024-05-24,cama granada con colchon varna queen 166 x 197 cm tabaco,A1,1731900.0
377464,2024-05-24,carne de diablo lata zenu 80 gr,A1,10550.0
377579,2024-05-24,cerave agua micelar hidratante 296ml,A1,110000.0
377938,2024-05-24,chocolate de mesa pastillado con azucar la especial 400 gr,A1,7260.0
377962,2024-05-24,chocolatina lyne leche 25 gr,A1,2730.0
378055,2024-05-24,cigllo cjtlla pqte red marlboro 20 und,A1,10450.0
378125,2024-05-24,coche mascotas para exteriores paseador,A1,599000.0
378144,2024-05-24,coche paseador bebe tipo maleta mikey blanco negro maxibaby,A1,399900.0
378183,2024-05-24,coctel de ron zombie bacardi 750 ml,A1,49000.0
378230,2024-05-24,colchon baco 120x190 resortado,A1,1279900.0
378697,2024-05-24,cuaderno tamano 21 x 28 cm 160 paginas cuadriculado 80 hojas argollado tapa dura tinta negra,A1,31400.0
379341,2024-05-24,filete de pechuga finas hierba pollocoa 850 gr,A1,36600.0
379391,2024-05-24,filtro de agua para nevera samsung da29 00020b,A1,115000.0
379582,2024-05-24,funko pop comic covers marvel x men wolverine 06,A1,169900.0
379906,2024-05-24,galletas noel 165 gr,A1,14400.0
380195,2024-05-24,golpe golpe 250 gr,A1,10600.0
380202,2024-05-24,gomitas con omega y proteina natural para gato y perro 1 kilo recarga,A1,48450.0
380315,2024-05-24,harry potter mini pack harry amp cho,A1,89900.0
380513,2024-05-24,jean arkitect daniela salcedo 87150,A1,159990.0
381151,2024-05-24,jugo hit frutas tropicales botella 1500 ml,A1,4216.0
381191,2024-05-24,jugo taeq naranja 1 und,A1,4700.0
381481,2024-05-24,lavaloza liquido con vitamina e loza crem 850 ml,A1,13400.0
381558,2024-05-24,leche en polvo clasica klim 2400 gr,A1,113440.0
381577,2024-05-24,leche en polvo gramos zymil 380 gr,A1,17900.0
381807,2024-05-24,loreal absolut repair lipidium mascarilla,A1,225200.0
382575,2024-05-24,nuggets de pollo apanados friko 900 gr,A1,47300.0
382768,2024-05-24,pan tajado blanco a1 marca propia 450 gr,A1,4520.0
383477,2024-05-24,postre helado frutos del bosqu popsy 900 gr,A1,53300.0
383690,2024-05-24,ravioli de carne frescampo 250 gr,A1,15950.0
383970,2024-05-24,ron roble blanco viejo de caldas 750 ml,A1,44300.0
384163,2024-05-24,sandalias talco bata red label hendra mujer,A1,103935.0
384377,2024-05-24,shampoo mom maria salome,A1,29240.0
384524,2024-05-24,soda bretana botella 1500 ml,A1,4275.0
384621,2024-05-24,strapless bustier 360 de perfeccion 011911,A1,109990.0
384788,2024-05-24,te instantaneo sabor frutos rojos frescampo 300 gr,A1,4310.0
384881,2024-05-24,tequila 70 anejo cristalino don julio 700 ml,A1,370000.0
385408,2024-05-24,vino blanco sauvignon blanc volcanes 750 ml,A1,84000.0
385438,2024-05-24,vino carmenere cono sur 750 ml,A1,60900.0
385846,2024-05-24,vodka spirits 750 ml,A1,87600.0
385918,2024-05-24,whisky 10 anos talisker 700 ml,A1,252900.0
385921,2024-05-24,whisky 12 anos deluxe buchanan s 1000 ml,A1,213200.0
386286,2024-05-25,acondicionador loreal inforcer 200ml serie expert,A1,108000.0
386317,2024-05-25,agua cristal aloe botella 330 ml,A1,2062.0
386379,2024-05-25,agua micelar effaclar la rocheposay 200 ml,A1,105000.0
386933,2024-05-25,audifonos bluetooth inalambricos f9 touch manos libre ultrabass,A1,33550.0
387102,2024-05-25,base daiquiri fresa master 1000 ml,A1,34700.0
387165,2024-05-25,bebida alcoholica lychee eniwer ready to drink 269 ml,A1,8800.0
387181,2024-05-25,bebida chocolatada chocolisto 200 gr,A1,7430.0
387307,2024-05-25,bebida lactea yox surtido x8und sanduchera 762 ml,A1,17160.0
387686,2024-05-25,cama granada con colchon varna queen 166 x 197 cm tabaco,A1,1731900.0
387822,2024-05-25,carne de diablo lata zenu 80 gr,A1,10550.0
387926,2024-05-25,cerave agua micelar hidratante 296ml,A1,110000.0
388255,2024-05-25,chocolate de mesa pastillado con azucar la especial 400 gr,A1,7260.0
388279,2024-05-25,chocolatina lyne leche 25 gr,A1,2730.0
388372,2024-05-25,cigllo cjtlla pqte red marlboro 20 und,A1,10450.0
388440,2024-05-25,coche mascotas para exteriores paseador,A1,599000.0
388459,2024-05-25,coche paseador bebe tipo maleta mikey blanco negro maxibaby,A1,399900.0
388497,2024-05-25,coctel de ron zombie bacardi 750 ml,A1,49000.0
388992,2024-05-25,cuaderno tamano 21 x 28 cm 160 paginas cuadriculado 80 hojas argollado tapa dura tinta negra,A1,31400.0
389489,2024-05-25,filete de pechuga finas hierba pollocoa 850 gr,A1,36600.0
389539,2024-05-25,filtro de agua para nevera samsung da29 00020b,A1,115000.0
389704,2024-05-25,funko pop comic covers marvel x men wolverine 06,A1,169900.0
390021,2024-05-25,galletas noel 165 gr,A1,14400.0
390282,2024-05-25,golpe golpe 250 gr,A1,10600.0
390289,2024-05-25,gomitas con omega y proteina natural para gato y perro 1 kilo recarga,A1,48450.0
390395,2024-05-25,harry potter mini pack harry amp cho,A1,89900.0
390520,2024-05-25,jamon de pavo ahumado delipavo,A1,16035.0
391139,2024-05-25,jugo hit frutas tropicales botella 1500 ml,A1,4216.0
391179,2024-05-25,jugo taeq naranja 1 und,A1,4700.0
391445,2024-05-25,lavaloza liquido con vitamina e loza crem 850 ml,A1,13400.0
391524,2024-05-25,leche en polvo clasica klim 2400 gr,A1,113440.0
391543,2024-05-25,leche en polvo gramos zymil 380 gr,A1,17900.0
391769,2024-05-25,loreal absolut repair lipidium mascarilla,A1,225200.0
392483,2024-05-25,nuggets de pollo apanados friko 900 gr,A1,47300.0
392675,2024-05-25,pan tajado blanco a1 marca propia 450 gr,A1,4520.0
393355,2024-05-25,postre helado frutos del bosqu popsy 900 gr,A1,53300.0
393541,2024-05-25,ravioli de carne frescampo 250 gr,A1,15950.0
393815,2024-05-25,ron roble blanco viejo de caldas 750 ml,A1,44300.0
394004,2024-05-25,sandalias talco bata red label hendra mujer,A1,103935.0
394192,2024-05-25,shampoo mom maria salome,A1,29240.0
394323,2024-05-25,soda bretana botella 1500 ml,A1,4275.0
394566,2024-05-25,te instantaneo sabor frutos rojos frescampo 300 gr,A1,5970.0
394642,2024-05-25,tequila 70 anejo cristalino don julio 700 ml,A1,370000.0
395297,2024-05-25,vodka spirits 750 ml,A1,87600.0
395367,2024-05-25,whisky 10 anos talisker 700 ml,A1,252900.0
395370,2024-05-25,whisky 12 anos deluxe buchanan s 1000 ml,A1,213200.0
395754,2024-05-26,acondicionador loreal inforcer 200ml serie expert,A1,108000.0
395787,2024-05-26,agua cristal aloe botella 330 ml,A1,2062.0
395849,2024-05-26,agua micelar effaclar la rocheposay 200 ml,A1,105000.0
396401,2024-05-26,audifonos bluetooth inalambricos f9 touch manos libre ultrabass,A1,33550.0
396585,2024-05-26,base daiquiri fresa master 1000 ml,A1,34700.0
396652,2024-05-26,bebida alcoholica lychee eniwer ready to drink 269 ml,A1,8800.0
396668,2024-05-26,bebida chocolatada chocolisto 200 gr,A1,7430.0
396794,2024-05-26,bebida lactea yox surtido x8und sanduchera 762 ml,A1,17160.0
397189,2024-05-26,cama granada con colchon varna queen 166 x 197 cm tabaco,A1,1731900.0
397353,2024-05-26,carne de diablo lata zenu 80 gr,A1,10550.0
397452,2024-05-26,cerave agua micelar hidratante 296ml,A1,110000.0
397808,2024-05-26,chocolate de mesa pastillado con azucar la especial 400 gr,A1,7260.0
397832,2024-05-26,chocolatina lyne leche 25 gr,A1,2730.0
397922,2024-05-26,cigllo cjtlla pqte red marlboro 20 und,A1,10450.0
397991,2024-05-26,coche mascotas para exteriores paseador,A1,599000.0
398010,2024-05-26,coche paseador bebe tipo maleta mikey blanco negro maxibaby,A1,399900.0
398046,2024-05-26,coctel de ron zombie bacardi 750 ml,A1,49000.0
398089,2024-05-26,colchon baco 120x190 resortado,A1,1279900.0
398538,2024-05-26,cuaderno tamano 21 x 28 cm 160 paginas cuadriculado 80 hojas argollado tapa dura tinta negra,A1,31400.0
399153,2024-05-26,filete de pechuga finas hierba pollocoa 850 gr,A1,36600.0
399202,2024-05-26,filtro de agua para nevera samsung da29 00020b,A1,115000.0
399393,2024-05-26,funko pop comic covers marvel x men wolverine 06,A1,169900.0
399717,2024-05-26,galletas noel 165 gr,A1,14400.0
400007,2024-05-26,golpe golpe 250 gr,A1,10600.0
400014,2024-05-26,gomitas con omega y proteina natural para gato y perro 1 kilo recarga,A1,48450.0
400120,2024-05-26,harry potter mini pack harry amp cho,A1,89900.0
400252,2024-05-26,jamon de pavo ahumado delipavo,A1,16035.0
400313,2024-05-26,jean arkitect daniela salcedo 87150,A1,159990.0
400938,2024-05-26,jugo hit frutas tropicales botella 1500 ml,A1,4736.0
400978,2024-05-26,jugo taeq naranja 1 und,A1,4700.0
401242,2024-05-26,lavaloza liquido con vitamina e loza crem 850 ml,A1,13400.0
401321,2024-05-26,leche en polvo clasica klim 2400 gr,A1,113440.0
401340,2024-05-26,leche en polvo gramos zymil 380 gr,A1,17900.0
401537,2024-05-26,loreal absolut repair lipidium mascarilla,A1,225200.0
402253,2024-05-26,nuggets de pollo apanados friko 900 gr,A1,47300.0
402443,2024-05-26,pan tajado blanco a1 marca propia 450 gr,A1,4520.0
403304,2024-05-26,ravioli de carne frescampo 250 gr,A1,15950.0
403558,2024-05-26,ron roble blanco viejo de caldas 750 ml,A1,44300.0
403752,2024-05-26,sandalias talco bata red label hendra mujer,A1,103935.0
403937,2024-05-26,shampoo mom maria salome,A1,29240.0
404078,2024-05-26,soda bretana botella 1500 ml,A1,4275.0
404168,2024-05-26,strapless bustier 360 de perfeccion 011911,A1,109990.0
404326,2024-05-26,te instantaneo sabor frutos rojos frescampo 300 gr,A1,5970.0
404413,2024-05-26,tequila 70 anejo cristalino don julio 700 ml,A1,370000.0
404939,2024-05-26,vino blanco sauvignon blanc volcanes 750 ml,A1,84000.0
404969,2024-05-26,vino carmenere cono sur 750 ml,A1,60900.0
405375,2024-05-26,vodka spirits 750 ml,A1,87600.0
405443,2024-05-26,whisky 10 anos talisker 700 ml,A1,252900.0
405446,2024-05-26,whisky 12 anos deluxe buchanan s 1000 ml,A1,213200.0
405828,2024-05-27,acondicionador loreal inforcer 200ml serie expert,A1,108000.0
405862,2024-05-27,agua cristal aloe botella 330 ml,A1,2750.0
405923,2024-05-27,agua micelar effaclar la rocheposay 200 ml,A1,105000.0
406493,2024-05-27,audifonos bluetooth inalambricos f9 touch manos libre ultrabass,A1,33550.0
406679,2024-05-27,base daiquiri fresa master 1000 ml,A1,34700.0
406746,2024-05-27,bebida alcoholica lychee eniwer ready to drink 269 ml,A1,8800.0
406762,2024-05-27,bebida chocolatada chocolisto 200 gr,A1,7430.0
406888,2024-05-27,bebida lactea yox surtido x8und sanduchera 762 ml,A1,21450.0
407289,2024-05-27,cama granada con colchon varna queen 166 x 197 cm tabaco,A1,1731900.0
407425,2024-05-27,carne de diablo lata zenu 80 gr,A1,10550.0
407540,2024-05-27,cerave agua micelar hidratante 296ml,A1,110000.0
407865,2024-05-27,chocolate de mesa pastillado con azucar la especial 400 gr,A1,7260.0
407888,2024-05-27,chocolatina lyne leche 25 gr,A1,3060.0
407979,2024-05-27,cigllo cjtlla pqte red marlboro 20 und,A1,10450.0
408049,2024-05-27,coche mascotas para exteriores paseador,A1,599000.0
408068,2024-05-27,coche paseador bebe tipo maleta mikey blanco negro maxibaby,A1,399900.0
408105,2024-05-27,coctel de ron zombie bacardi 750 ml,A1,49000.0
408151,2024-05-27,colchon baco 120x190 resortado,A1,1279900.0
408621,2024-05-27,cuaderno tamano 21 x 28 cm 160 paginas cuadriculado 80 hojas argollado tapa dura tinta negra,A1,31400.0
409249,2024-05-27,filete de pechuga finas hierba pollocoa 850 gr,A1,36600.0
409299,2024-05-27,filtro de agua para nevera samsung da29 00020b,A1,115000.0
409494,2024-05-27,funko pop comic covers marvel x men wolverine 06,A1,169900.0
409812,2024-05-27,galletas noel 165 gr,A1,14400.0
410103,2024-05-27,golpe golpe 250 gr,A1,10600.0
410110,2024-05-27,gomitas con omega y proteina natural para gato y perro 1 kilo recarga,A1,48450.0
410222,2024-05-27,harry potter mini pack harry amp cho,A1,89900.0
410359,2024-05-27,jamon de pavo ahumado delipavo,A1,16035.0
411038,2024-05-27,jugo hit frutas tropicales botella 1500 ml,A1,5920.0
411078,2024-05-27,jugo taeq naranja 1 und,A1,4700.0
411369,2024-05-27,lavaloza liquido con vitamina e loza crem 850 ml,A1,16750.0
411447,2024-05-27,leche en polvo clasica klim 2400 gr,A1,113440.0
411466,2024-05-27,leche en polvo gramos zymil 380 gr,A1,17900.0
411699,2024-05-27,loreal absolut repair lipidium mascarilla,A1,225200.0
412448,2024-05-27,nuggets de pollo apanados friko 900 gr,A1,47300.0
412639,2024-05-27,pan tajado blanco a1 marca propia 450 gr,A1,4520.0
413531,2024-05-27,ravioli de carne frescampo 250 gr,A1,15950.0
413812,2024-05-27,ron roble blanco viejo de caldas 750 ml,A1,44300.0
414003,2024-05-27,sandalias talco bata red label hendra mujer,A1,103935.0
414216,2024-05-27,shampoo mom maria salome,A1,29240.0
414360,2024-05-27,soda bretana botella 1500 ml,A1,5030.0
414618,2024-05-27,te instantaneo sabor frutos rojos frescampo 300 gr,A1,5970.0
414694,2024-05-27,tequila 70 anejo cristalino don julio 700 ml,A1,370000.0
415359,2024-05-27,vodka spirits 750 ml,A1,87600.0
415426,2024-05-27,whisky 10 anos talisker 700 ml,A1,252900.0
415429,2024-05-27,whisky 12 anos deluxe buchanan s 1000 ml,A1,213200.0
415831,2024-05-28,agua cristal aloe botella 330 ml,A1,2750.0
415893,2024-05-28,agua micelar effaclar la rocheposay 200 ml,A1,105000.0
416442,2024-05-28,audifonos bluetooth inalambricos f9 touch manos libre ultrabass,A1,33550.0
416607,2024-05-28,base daiquiri fresa master 1000 ml,A1,34700.0
416657,2024-05-28,bebida alcoholica lychee eniwer ready to drink 269 ml,A1,8800.0
416673,2024-05-28,bebida chocolatada chocolisto 200 gr,A1,7430.0
416802,2024-05-28,bebida lactea yox surtido x8und sanduchera 762 ml,A1,21450.0
417234,2024-05-28,cama granada con colchon varna queen 166 x 197 cm tabaco,A1,1731900.0
417407,2024-05-28,carne de diablo lata zenu 80 gr,A1,10550.0
417522,2024-05-28,cerave agua micelar hidratante 296ml,A1,110000.0
417873,2024-05-28,chocolate de mesa pastillado con azucar la especial 400 gr,A1,7260.0
417896,2024-05-28,chocolatina lyne leche 25 gr,A1,3060.0
417986,2024-05-28,cigllo cjtlla pqte red marlboro 20 und,A1,10450.0
418093,2024-05-28,coche mascotas para exteriores paseador,A1,599000.0
418112,2024-05-28,coche paseador bebe tipo maleta mikey blanco negro maxibaby,A1,399900.0
418155,2024-05-28,coctel de ron zombie bacardi 750 ml,A1,49000.0
418202,2024-05-28,colchon baco 120x190 resortado,A1,1279900.0
418609,2024-05-28,cuaderno tamano 21 x 28 cm 160 paginas cuadriculado 80 hojas argollado tapa dura tinta negra,A1,31400.0
419199,2024-05-28,filete de pechuga finas hierba pollocoa 850 gr,A1,36600.0
419244,2024-05-28,filtro de agua para nevera samsung da29 00020b,A1,115000.0
419433,2024-05-28,funko pop comic covers marvel x men wolverine 06,A1,169900.0
419755,2024-05-28,galletas noel 165 gr,A1,14400.0
420035,2024-05-28,golpe golpe 250 gr,A1,10600.0
420042,2024-05-28,gomitas con omega y proteina natural para gato y perro 1 kilo recarga,A1,48450.0
420120,2024-05-28,harry potter mini pack harry amp cho,A1,89900.0
420247,2024-05-28,jamon de pavo ahumado delipavo,A1,22470.0
420306,2024-05-28,jean arkitect daniela salcedo 87150,A1,159990.0
420944,2024-05-28,jugo hit frutas tropicales botella 1500 ml,A1,5920.0
420985,2024-05-28,jugo taeq naranja 1 und,A1,4700.0
421245,2024-05-28,lavaloza liquido con vitamina e loza crem 850 ml,A1,16750.0
421326,2024-05-28,leche en polvo clasica klim 2400 gr,A1,113440.0
421345,2024-05-28,leche en polvo gramos zymil 380 gr,A1,17900.0
422247,2024-05-28,nuggets de pollo apanados friko 900 gr,A1,47300.0
422434,2024-05-28,pan tajado blanco a1 marca propia 450 gr,A1,4520.0
423130,2024-05-28,postre helado frutos del bosqu popsy 900 gr,A1,53300.0
423325,2024-05-28,ravioli de carne frescampo 250 gr,A1,15950.0
423600,2024-05-28,ron roble blanco viejo de caldas 750 ml,A1,44300.0
423788,2024-05-28,sandalias talco bata red label hendra mujer,A1,103935.0
423975,2024-05-28,shampoo mom maria salome,A1,29240.0
424120,2024-05-28,soda bretana botella 1500 ml,A1,4450.0
424207,2024-05-28,strapless bustier 360 de perfeccion 011911,A1,109990.0
424367,2024-05-28,te instantaneo sabor frutos rojos frescampo 300 gr,A1,5970.0
424443,2024-05-28,tequila 70 anejo cristalino don julio 700 ml,A1,370000.0
425119,2024-05-28,vodka spirits 750 ml,A1,87600.0
425187,2024-05-28,whisky 10 anos talisker 700 ml,A1,252900.0
425190,2024-05-28,whisky 12 anos deluxe buchanan s 1000 ml,A1,213200.0
425566,2024-05-29,acondicionador loreal inforcer 200ml serie expert,A1,108000.0
425600,2024-05-29,agua cristal aloe botella 330 ml,A1,2750.0
425663,2024-05-29,agua micelar effaclar la rocheposay 200 ml,A1,105000.0
426227,2024-05-29,audifonos bluetooth inalambricos f9 touch manos libre ultrabass,A1,33550.0
426411,2024-05-29,base daiquiri fresa master 1000 ml,A1,34700.0
426479,2024-05-29,bebida alcoholica lychee eniwer ready to drink 269 ml,A1,8800.0
426495,2024-05-29,bebida chocolatada chocolisto 200 gr,A1,7430.0
426619,2024-05-29,bebida lactea yox surtido x8und sanduchera 762 ml,A1,21450.0
427056,2024-05-29,cama granada con colchon varna queen 166 x 197 cm tabaco,A1,1731900.0
427228,2024-05-29,carne de diablo lata zenu 80 gr,A1,10550.0
427342,2024-05-29,cerave agua micelar hidratante 296ml,A1,110000.0
427702,2024-05-29,chocolate de mesa pastillado con azucar la especial 400 gr,A1,7260.0
427724,2024-05-29,chocolatina lyne leche 25 gr,A1,3060.0
427814,2024-05-29,cigllo cjtlla pqte red marlboro 20 und,A1,10450.0
427924,2024-05-29,coche mascotas para exteriores paseador,A1,599000.0
427943,2024-05-29,coche paseador bebe tipo maleta mikey blanco negro maxibaby,A1,399900.0
427986,2024-05-29,coctel de ron zombie bacardi 750 ml,A1,49000.0
428033,2024-05-29,colchon baco 120x190 resortado,A1,1279900.0
428504,2024-05-29,cuaderno tamano 21 x 28 cm 160 paginas cuadriculado 80 hojas argollado tapa dura tinta negra,A1,31400.0
429139,2024-05-29,filete de pechuga finas hierba pollocoa 850 gr,A1,36600.0
429184,2024-05-29,filtro de agua para nevera samsung da29 00020b,A1,115000.0
429370,2024-05-29,funko pop comic covers marvel x men wolverine 06,A1,169900.0
429691,2024-05-29,galletas noel 165 gr,A1,14400.0
429979,2024-05-29,golpe golpe 250 gr,A1,10600.0
429987,2024-05-29,gomitas con omega y proteina natural para gato y perro 1 kilo recarga,A1,48450.0
430100,2024-05-29,harry potter mini pack harry amp cho,A1,89900.0
430241,2024-05-29,jamon de pavo ahumado delipavo,A1,16035.0
430302,2024-05-29,jean arkitect daniela salcedo 87150,A1,159990.0
430936,2024-05-29,jugo hit frutas tropicales botella 1500 ml,A1,4736.0
430976,2024-05-29,jugo taeq naranja 1 und,A1,4700.0
431274,2024-05-29,lavaloza liquido con vitamina e loza crem 850 ml,A1,16750.0
431356,2024-05-29,leche en polvo clasica klim 2400 gr,A1,113440.0
431375,2024-05-29,leche en polvo gramos zymil 380 gr,A1,17900.0
431610,2024-05-29,loreal absolut repair lipidium mascarilla,A1,225200.0
432379,2024-05-29,nuggets de pollo apanados friko 900 gr,A1,47300.0
432571,2024-05-29,pan tajado blanco a1 marca propia 450 gr,A1,4520.0
433286,2024-05-29,postre helado frutos del bosqu popsy 900 gr,A1,53300.0
433494,2024-05-29,ravioli de carne frescampo 250 gr,A1,15950.0
433772,2024-05-29,ron roble blanco viejo de caldas 750 ml,A1,44300.0
433965,2024-05-29,sandalias talco bata red label hendra mujer,A1,103935.0
434188,2024-05-29,shampoo mom maria salome,A1,29240.0
434333,2024-05-29,soda bretana botella 1500 ml,A1,4275.0
434427,2024-05-29,strapless bustier 360 de perfeccion 011911,A1,109990.0
434600,2024-05-29,te instantaneo sabor frutos rojos frescampo 300 gr,A1,5970.0
434681,2024-05-29,tequila 70 anejo cristalino don julio 700 ml,A1,370000.0
435207,2024-05-29,vino blanco sauvignon blanc volcanes 750 ml,A1,84000.0
435237,2024-05-29,vino carmenere cono sur 750 ml,A1,60900.0
435641,2024-05-29,vodka spirits 750 ml,A1,87600.0
435711,2024-05-29,whisky 10 anos talisker 700 ml,A1,252900.0
435714,2024-05-29,whisky 12 anos deluxe buchanan s 1000 ml,A1,213200.0
436109,2024-05-30,acondicionador loreal inforcer 200ml serie expert,A1,108000.0
436140,2024-05-30,agua cristal aloe botella 330 ml,A1,2750.0
436203,2024-05-30,agua micelar effaclar la rocheposay 200 ml,A1,105000.0
436739,2024-05-30,audifonos bluetooth inalambricos f9 touch manos libre ultrabass,A1,33550.0
436917,2024-05-30,base daiquiri fresa master 1000 ml,A1,34700.0
436983,2024-05-30,bebida alcoholica lychee eniwer ready to drink 269 ml,A1,8800.0
436999,2024-05-30,bebida chocolatada chocolisto 200 gr,A1,7430.0
437124,2024-05-30,bebida lactea yox surtido x8und sanduchera 762 ml,A1,21450.0
437547,2024-05-30,cama granada con colchon varna queen 166 x 197 cm tabaco,A1,1731900.0
437712,2024-05-30,carne de diablo lata zenu 80 gr,A1,10550.0
437817,2024-05-30,cerave agua micelar hidratante 296ml,A1,110000.0
438174,2024-05-30,chocolate de mesa pastillado con azucar la especial 400 gr,A1,7260.0
438193,2024-05-30,chocolatina lyne leche 25 gr,A1,3060.0
438279,2024-05-30,cigllo cjtlla pqte red marlboro 20 und,A1,10450.0
438377,2024-05-30,coche mascotas para exteriores paseador,A1,599000.0
438396,2024-05-30,coche paseador bebe tipo maleta mikey blanco negro maxibaby,A1,399900.0
438431,2024-05-30,coctel de ron zombie bacardi 750 ml,A1,49000.0
438473,2024-05-30,colchon baco 120x190 resortado,A1,1279900.0
438887,2024-05-30,cuaderno tamano 21 x 28 cm 160 paginas cuadriculado 80 hojas argollado tapa dura tinta negra,A1,31400.0
439465,2024-05-30,filete de pechuga finas hierba pollocoa 850 gr,A1,36600.0
439512,2024-05-30,filtro de agua para nevera samsung da29 00020b,A1,115000.0
439692,2024-05-30,funko pop comic covers marvel x men wolverine 06,A1,169900.0
439999,2024-05-30,galletas noel 165 gr,A1,14400.0
440280,2024-05-30,gomitas con omega y proteina natural para gato y perro 1 kilo recarga,A1,48450.0
440510,2024-05-30,jamon de pavo ahumado delipavo,A1,16035.0
440576,2024-05-30,jean arkitect daniela salcedo 87150,A1,159990.0
441211,2024-05-30,jugo hit frutas tropicales botella 1500 ml,A1,5270.0
441251,2024-05-30,jugo taeq naranja 1 und,A1,4700.0
441545,2024-05-30,lavaloza liquido con vitamina e loza crem 850 ml,A1,16750.0
441627,2024-05-30,leche en polvo clasica klim 2400 gr,A1,113440.0
441645,2024-05-30,leche en polvo gramos zymil 380 gr,A1,17900.0
441845,2024-05-30,loreal absolut repair lipidium mascarilla,A1,225200.0
442445,2024-05-30,nuggets de pollo apanados friko 900 gr,A1,47300.0
442624,2024-05-30,pan tajado blanco a1 marca propia 450 gr,A1,4520.0
443164,2024-05-30,postre helado frutos del bosqu popsy 900 gr,A1,53300.0
443371,2024-05-30,ravioli de carne frescampo 250 gr,A1,15950.0
443825,2024-05-30,ron roble blanco viejo de caldas 750 ml,A1,44300.0
444013,2024-05-30,sandalias talco bata red label hendra mujer,A1,103935.0
444217,2024-05-30,shampoo mom maria salome,A1,29240.0
444356,2024-05-30,soda bretana botella 1500 ml,A1,5030.0
444445,2024-05-30,strapless bustier 360 de perfeccion 011911,A1,109990.0
444611,2024-05-30,te instantaneo sabor frutos rojos frescampo 300 gr,A1,5970.0
444711,2024-05-30,tequila 70 anejo cristalino don julio 700 ml,A1,370000.0
445175,2024-05-30,vino blanco sauvignon blanc volcanes 750 ml,A1,84000.0
445205,2024-05-30,vino carmenere cono sur 750 ml,A1,60900.0
445612,2024-05-30,vodka spirits 750 ml,A1,87600.0
445682,2024-05-30,whisky 10 anos talisker 700 ml,A1,252900.0
445685,2024-05-30,whisky 12 anos deluxe buchanan s 1000 ml,A1,170560.0
446081,2024-05-31,acondicionador loreal inforcer 200ml serie expert,A1,108000.0
446116,2024-05-31,agua cristal aloe botella 330 ml,A1,2750.0
446179,2024-05-31,agua micelar effaclar la rocheposay 200 ml,A1,105000.0
446748,2024-05-31,audifonos bluetooth inalambricos f9 touch manos libre ultrabass,A1,33550.0
446933,2024-05-31,base daiquiri fresa master 1000 ml,A1,34700.0
447001,2024-05-31,bebida alcoholica lychee eniwer ready to drink 269 ml,A1,8800.0
447017,2024-05-31,bebida chocolatada chocolisto 200 gr,A1,7430.0
447142,2024-05-31,bebida lactea yox surtido x8und sanduchera 762 ml,A1,21450.0
447585,2024-05-31,cama granada con colchon varna queen 166 x 197 cm tabaco,A1,1731900.0
447750,2024-05-31,carne de diablo lata zenu 80 gr,A1,10550.0
447858,2024-05-31,cerave agua micelar hidratante 296ml,A1,110000.0
448225,2024-05-31,chocolate de mesa pastillado con azucar la especial 400 gr,A1,7260.0
448244,2024-05-31,chocolatina lyne leche 25 gr,A1,3060.0
448334,2024-05-31,cigllo cjtlla pqte red marlboro 20 und,A1,10450.0
448438,2024-05-31,coche mascotas para exteriores paseador,A1,599000.0
448457,2024-05-31,coche paseador bebe tipo maleta mikey blanco negro maxibaby,A1,399900.0
448495,2024-05-31,coctel de ron zombie bacardi 750 ml,A1,49000.0
448537,2024-05-31,colchon baco 120x190 resortado,A1,1279900.0
448992,2024-05-31,cuaderno tamano 21 x 28 cm 160 paginas cuadriculado 80 hojas argollado tapa dura tinta negra,A1,31400.0
449604,2024-05-31,filete de pechuga finas hierba pollocoa 850 gr,A1,36600.0
449651,2024-05-31,filtro de agua para nevera samsung da29 00020b,A1,115000.0
449845,2024-05-31,funko pop comic covers marvel x men wolverine 06,A1,169900.0
450156,2024-05-31,galletas noel 165 gr,A1,14400.0
450452,2024-05-31,golpe golpe 250 gr,A1,7950.0
450460,2024-05-31,gomitas con omega y proteina natural para gato y perro 1 kilo recarga,A1,48450.0
450578,2024-05-31,harry potter mini pack harry amp cho,A1,89900.0
450719,2024-05-31,jamon de pavo ahumado delipavo,A1,11224.0
450784,2024-05-31,jean arkitect daniela salcedo 87150,A1,159990.0
451429,2024-05-31,jugo hit frutas tropicales botella 1500 ml,A1,5270.0
451467,2024-05-31,jugo taeq naranja 1 und,A1,4700.0
451795,2024-05-31,lavaloza liquido con vitamina e loza crem 850 ml,A1,15950.0
451877,2024-05-31,leche en polvo clasica klim 2400 gr,A1,113440.0
451896,2024-05-31,leche en polvo gramos zymil 380 gr,A1,17900.0
452123,2024-05-31,loreal absolut repair lipidium mascarilla,A1,225200.0
452885,2024-05-31,nuggets de pollo apanados friko 900 gr,A1,47300.0
453073,2024-05-31,pan tajado blanco a1 marca propia 450 gr,A1,4520.0
453825,2024-05-31,postre helado frutos del bosqu popsy 900 gr,A1,53300.0
454036,2024-05-31,ravioli de carne frescampo 250 gr,A1,15950.0
454489,2024-05-31,ron roble blanco viejo de caldas 750 ml,A1,44300.0
454678,2024-05-31,sandalias talco bata red label hendra mujer,A1,103935.0
454915,2024-05-31,shampoo mom maria salome,A1,29240.0
455056,2024-05-31,soda bretana botella 1500 ml,A1,5030.0
455152,2024-05-31,strapless bustier 360 de perfeccion 011911,A1,109990.0
455325,2024-05-31,te instantaneo sabor frutos rojos frescampo 300 gr,A1,4310.0
455433,2024-05-31,tequila 70 anejo cristalino don julio 700 ml,A1,370000.0
455957,2024-05-31,vino blanco sauvignon blanc volcanes 750 ml,A1,84000.0
455987,2024-05-31,vino carmenere cono sur 750 ml,A1,60900.0
456394,2024-05-31,vodka spirits 750 ml,A1,87600.0
456462,2024-05-31,whisky 10 anos talisker 700 ml,A1,252900.0
456465,2024-05-31,whisky 12 anos deluxe buchanan s 1000 ml,A1,170560.0
456861,2024-06-01,acondicionador loreal inforcer 200ml serie expert,A1,108000.0
456896,2024-06-01,agua cristal aloe botella 330 ml,A1,2750.0
456959,2024-06-01,agua micelar effaclar la rocheposay 200 ml,A1,105000.0
457524,2024-06-01,audifonos bluetooth inalambricos f9 touch manos libre ultrabass,A1,33550.0
457709,2024-06-01,base daiquiri fresa master 1000 ml,A1,34700.0
457777,2024-06-01,bebida alcoholica lychee eniwer ready to drink 269 ml,A1,8800.0
457794,2024-06-01,bebida chocolatada chocolisto 200 gr,A1,7430.0
457920,2024-06-01,bebida lactea yox surtido x8und sanduchera 762 ml,A1,21450.0
458365,2024-06-01,cama granada con colchon varna queen 166 x 197 cm tabaco,A1,1731900.0
458531,2024-06-01,carne de diablo lata zenu 80 gr,A1,10550.0
458640,2024-06-01,cerave agua micelar hidratante 296ml,A1,110000.0
459007,2024-06-01,chocolate de mesa pastillado con azucar la especial 400 gr,A1,7260.0
459025,2024-06-01,chocolatina lyne leche 25 gr,A1,3060.0
459115,2024-06-01,cigllo cjtlla pqte red marlboro 20 und,A1,10450.0
459219,2024-06-01,coche mascotas para exteriores paseador,A1,599000.0
459238,2024-06-01,coche paseador bebe tipo maleta mikey blanco negro maxibaby,A1,399900.0
459277,2024-06-01,coctel de ron zombie bacardi 750 ml,A1,49000.0
459319,2024-06-01,colchon baco 120x190 resortado,A1,1279900.0
459777,2024-06-01,cuaderno tamano 21 x 28 cm 160 paginas cuadriculado 80 hojas argollado tapa dura tinta negra,A1,31400.0
460386,2024-06-01,filete de pechuga finas hierba pollocoa 850 gr,A1,36600.0
460434,2024-06-01,filtro de agua para nevera samsung da29 00020b,A1,115000.0
460627,2024-06-01,funko pop comic covers marvel x men wolverine 06,A1,169900.0
460938,2024-06-01,galletas noel 165 gr,A1,14400.0
461236,2024-06-01,golpe golpe 250 gr,A1,7950.0
461244,2024-06-01,gomitas con omega y proteina natural para gato y perro 1 kilo recarga,A1,48450.0
461360,2024-06-01,harry potter mini pack harry amp cho,A1,89900.0
461498,2024-06-01,jamon de pavo ahumado delipavo,A1,16035.0
461563,2024-06-01,jean arkitect daniela salcedo 87150,A1,159990.0
462206,2024-06-01,jugo hit frutas tropicales botella 1500 ml,A1,5270.0
462244,2024-06-01,jugo taeq naranja 1 und,A1,4700.0
462575,2024-06-01,lavaloza liquido con vitamina e loza crem 850 ml,A1,15950.0
462655,2024-06-01,leche en polvo clasica klim 2400 gr,A1,113440.0
462674,2024-06-01,leche en polvo gramos zymil 380 gr,A1,17900.0
462900,2024-06-01,loreal absolut repair lipidium mascarilla,A1,225200.0
463662,2024-06-01,nuggets de pollo apanados friko 900 gr,A1,47300.0
463846,2024-06-01,pan tajado blanco a1 marca propia 450 gr,A1,4520.0
464605,2024-06-01,postre helado frutos del bosqu popsy 900 gr,A1,53300.0
464823,2024-06-01,ravioli de carne frescampo 250 gr,A1,15950.0
465281,2024-06-01,ron roble blanco viejo de caldas 750 ml,A1,44300.0
465474,2024-06-01,sandalias talco bata red label hendra mujer,A1,103935.0
465711,2024-06-01,shampoo mom maria salome,A1,29240.0
465854,2024-06-01,soda bretana botella 1500 ml,A1,5030.0
465948,2024-06-01,strapless bustier 360 de perfeccion 011911,A1,109990.0
466122,2024-06-01,te instantaneo sabor frutos rojos frescampo 300 gr,A1,4310.0
466230,2024-06-01,tequila 70 anejo cristalino don julio 700 ml,A1,370000.0
466759,2024-06-01,vino blanco sauvignon blanc volcanes 750 ml,A1,84000.0
466789,2024-06-01,vino carmenere cono sur 750 ml,A1,60900.0
467197,2024-06-01,vodka spirits 750 ml,A1,87600.0
467267,2024-06-01,whisky 10 anos talisker 700 ml,A1,252900.0
467270,2024-06-01,whisky 12 anos deluxe buchanan s 1000 ml,A1,170560.0
467666,2024-06-02,acondicionador loreal inforcer 200ml serie expert,A1,108000.0
467699,2024-06-02,agua cristal aloe botella 330 ml,A1,2750.0
467763,2024-06-02,agua micelar effaclar la rocheposay 200 ml,A1,105000.0
468321,2024-06-02,audifonos bluetooth inalambricos f9 touch manos libre ultrabass,A1,33550.0
468504,2024-06-02,base daiquiri fresa master 1000 ml,A1,34700.0
468566,2024-06-02,bebida alcoholica lychee eniwer ready to drink 269 ml,A1,8800.0
468583,2024-06-02,bebida chocolatada chocolisto 200 gr,A1,7430.0
468709,2024-06-02,bebida lactea yox surtido x8und sanduchera 762 ml,A1,21450.0
469135,2024-06-02,cama granada con colchon varna queen 166 x 197 cm tabaco,A1,1731900.0
469300,2024-06-02,carne de diablo lata zenu 80 gr,A1,10550.0
469405,2024-06-02,cerave agua micelar hidratante 296ml,A1,110000.0
469766,2024-06-02,chocolate de mesa pastillado con azucar la especial 400 gr,A1,7260.0
469784,2024-06-02,chocolatina lyne leche 25 gr,A1,3060.0
469873,2024-06-02,cigllo cjtlla pqte red marlboro 20 und,A1,10450.0
469976,2024-06-02,coche mascotas para exteriores paseador,A1,599000.0
469995,2024-06-02,coche paseador bebe tipo maleta mikey blanco negro maxibaby,A1,399900.0
470032,2024-06-02,coctel de ron zombie bacardi 750 ml,A1,49000.0
470074,2024-06-02,colchon baco 120x190 resortado,A1,1279900.0
470506,2024-06-02,cuaderno tamano 21 x 28 cm 160 paginas cuadriculado 80 hojas argollado tapa dura tinta negra,A1,31400.0
471026,2024-06-02,filete de pechuga finas hierba pollocoa 850 gr,A1,36600.0
471074,2024-06-02,filtro de agua para nevera samsung da29 00020b,A1,115000.0
471244,2024-06-02,funko pop comic covers marvel x men wolverine 06,A1,169900.0
471560,2024-06-02,galletas noel 165 gr,A1,14400.0
471858,2024-06-02,golpe golpe 250 gr,A1,7950.0
471866,2024-06-02,gomitas con omega y proteina natural para gato y perro 1 kilo recarga,A1,48450.0
471980,2024-06-02,harry potter mini pack harry amp cho,A1,89900.0
472106,2024-06-02,jamon de pavo ahumado delipavo,A1,16035.0
472158,2024-06-02,jean arkitect daniela salcedo 87150,A1,159990.0
472801,2024-06-02,jugo hit frutas tropicales botella 1500 ml,A1,5270.0
473146,2024-06-02,lavaloza liquido con vitamina e loza crem 850 ml,A1,15950.0
473223,2024-06-02,leche en polvo clasica klim 2400 gr,A1,113440.0
473242,2024-06-02,leche en polvo gramos zymil 380 gr,A1,17900.0
473469,2024-06-02,loreal absolut repair lipidium mascarilla,A1,225200.0
474205,2024-06-02,nuggets de pollo apanados friko 900 gr,A1,47300.0
474380,2024-06-02,pan tajado blanco a1 marca propia 450 gr,A1,4520.0
475129,2024-06-02,postre helado frutos del bosqu popsy 900 gr,A1,53300.0
475342,2024-06-02,ravioli de carne frescampo 250 gr,A1,15950.0
475792,2024-06-02,ron roble blanco viejo de caldas 750 ml,A1,44300.0
475983,2024-06-02,sandalias talco bata red label hendra mujer,A1,103935.0
476197,2024-06-02,shampoo mom maria salome,A1,29240.0
476339,2024-06-02,soda bretana botella 1500 ml,A1,5030.0
476433,2024-06-02,strapless bustier 360 de perfeccion 011911,A1,109990.0
476591,2024-06-02,te instantaneo sabor frutos rojos frescampo 300 gr,A1,4310.0
476701,2024-06-02,tequila 70 anejo cristalino don julio 700 ml,A1,370000.0
477215,2024-06-02,vino blanco sauvignon blanc volcanes 750 ml,A1,84000.0
477245,2024-06-02,vino carmenere cono sur 750 ml,A1,60900.0
477654,2024-06-02,vodka spirits 750 ml,A1,87600.0
477727,2024-06-02,whisky 10 anos talisker 700 ml,A1,252900.0
477730,2024-06-02,whisky 12 anos deluxe buchanan s 1000 ml,A1,170560.0
478125,2024-06-03,acondicionador loreal inforcer 200ml serie expert,A1,108000.0
478158,2024-06-03,agua cristal aloe botella 330 ml,A1,2750.0
478222,2024-06-03,agua micelar effaclar la rocheposay 200 ml,A1,105000.0
478779,2024-06-03,audifonos bluetooth inalambricos f9 touch manos libre ultrabass,A1,33550.0
478960,2024-06-03,base daiquiri fresa master 1000 ml,A1,34700.0
479021,2024-06-03,bebida alcoholica lychee eniwer ready to drink 269 ml,A1,8800.0
479038,2024-06-03,bebida chocolatada chocolisto 200 gr,A1,7430.0
479164,2024-06-03,bebida lactea yox surtido x8und sanduchera 762 ml,A1,21450.0
479595,2024-06-03,cama granada con colchon varna queen 166 x 197 cm tabaco,A1,1731900.0
479755,2024-06-03,carne de diablo lata zenu 80 gr,A1,10550.0
479859,2024-06-03,cerave agua micelar hidratante 296ml,A1,110000.0
480218,2024-06-03,chocolate de mesa pastillado con azucar la especial 400 gr,A1,7260.0
480236,2024-06-03,chocolatina lyne leche 25 gr,A1,3060.0
480324,2024-06-03,cigllo cjtlla pqte red marlboro 20 und,A1,10450.0
480427,2024-06-03,coche mascotas para exteriores paseador,A1,599000.0
480446,2024-06-03,coche paseador bebe tipo maleta mikey blanco negro maxibaby,A1,399900.0
480483,2024-06-03,coctel de ron zombie bacardi 750 ml,A1,49000.0
480525,2024-06-03,colchon baco 120x190 resortado,A1,1279900.0
480948,2024-06-03,cuaderno tamano 21 x 28 cm 160 paginas cuadriculado 80 hojas argollado tapa dura tinta negra,A1,31400.0
481468,2024-06-03,filete de pechuga finas hierba pollocoa 850 gr,A1,36600.0
481515,2024-06-03,filtro de agua para nevera samsung da29 00020b,A1,115000.0
481686,2024-06-03,funko pop comic covers marvel x men wolverine 06,A1,169900.0
482001,2024-06-03,galletas noel 165 gr,A1,14400.0
482294,2024-06-03,golpe golpe 250 gr,A1,7950.0
482302,2024-06-03,gomitas con omega y proteina natural para gato y perro 1 kilo recarga,A1,48450.0
482416,2024-06-03,harry potter mini pack harry amp cho,A1,89900.0
482540,2024-06-03,jamon de pavo ahumado delipavo,A1,16035.0
482593,2024-06-03,jean arkitect daniela salcedo 87150,A1,159990.0
483233,2024-06-03,jugo hit frutas tropicales botella 1500 ml,A1,5270.0
483579,2024-06-03,lavaloza liquido con vitamina e loza crem 850 ml,A1,15950.0
483656,2024-06-03,leche en polvo clasica klim 2400 gr,A1,113440.0
483675,2024-06-03,leche en polvo gramos zymil 380 gr,A1,17900.0
483901,2024-06-03,loreal absolut repair lipidium mascarilla,A1,225200.0
484634,2024-06-03,nuggets de pollo apanados friko 900 gr,A1,47300.0
484808,2024-06-03,pan tajado blanco a1 marca propia 450 gr,A1,4520.0
485551,2024-06-03,postre helado frutos del bosqu popsy 900 gr,A1,53300.0
485763,2024-06-03,ravioli de carne frescampo 250 gr,A1,15950.0
486212,2024-06-03,ron roble blanco viejo de caldas 750 ml,A1,44300.0
486401,2024-06-03,sandalias talco bata red label hendra mujer,A1,103935.0
486615,2024-06-03,shampoo mom maria salome,A1,29240.0
486758,2024-06-03,soda bretana botella 1500 ml,A1,5030.0
486852,2024-06-03,strapless bustier 360 de perfeccion 011911,A1,109990.0
487008,2024-06-03,te instantaneo sabor frutos rojos frescampo 300 gr,A1,4310.0
487116,2024-06-03,tequila 70 anejo cristalino don julio 700 ml,A1,370000.0
487626,2024-06-03,vino blanco sauvignon blanc volcanes 750 ml,A1,84000.0
487656,2024-06-03,vino carmenere cono sur 750 ml,A1,60900.0
488063,2024-06-03,vodka spirits 750 ml,A1,87600.0
488136,2024-06-03,whisky 10 anos talisker 700 ml,A1,252900.0
488139,2024-06-03,whisky 12 anos deluxe buchanan s 1000 ml,A1,213200.0
488560,2024-06-04,agua cristal aloe botella 330 ml,A1,2750.0
488623,2024-06-04,agua micelar effaclar la rocheposay 200 ml,A1,105000.0
489172,2024-06-04,audifonos bluetooth inalambricos f9 touch manos libre ultrabass,A1,33550.0
489353,2024-06-04,base daiquiri fresa master 1000 ml,A1,34700.0
489401,2024-06-04,bebida alcoholica lychee eniwer ready to drink 269 ml,A1,8800.0
489417,2024-06-04,bebida chocolatada chocolisto 200 gr,A1,8540.0
489541,2024-06-04,bebida lactea yox surtido x8und sanduchera 762 ml,A1,21450.0
489955,2024-06-04,cama granada con colchon varna queen 166 x 197 cm tabaco,A1,1731900.0
490116,2024-06-04,carne de diablo lata zenu 80 gr,A1,10550.0
490216,2024-06-04,cerave agua micelar hidratante 296ml,A1,110000.0
490574,2024-06-04,chocolate de mesa pastillado con azucar la especial 400 gr,A1,7260.0
490592,2024-06-04,chocolatina lyne leche 25 gr,A1,3060.0
490679,2024-06-04,cigllo cjtlla pqte red marlboro 20 und,A1,10450.0
490782,2024-06-04,coche mascotas para exteriores paseador,A1,599000.0
490801,2024-06-04,coche paseador bebe tipo maleta mikey blanco negro maxibaby,A1,399900.0
490838,2024-06-04,coctel de ron zombie bacardi 750 ml,A1,49000.0
490881,2024-06-04,colchon baco 120x190 resortado,A1,1279900.0
491262,2024-06-04,cuaderno tamano 21 x 28 cm 160 paginas cuadriculado 80 hojas argollado tapa dura tinta negra,A1,31400.0
491762,2024-06-04,filete de pechuga finas hierba pollocoa 850 gr,A1,36600.0
491810,2024-06-04,filtro de agua para nevera samsung da29 00020b,A1,115000.0
491981,2024-06-04,funko pop comic covers marvel x men wolverine 06,A1,169900.0
492298,2024-06-04,galletas noel 165 gr,A1,14400.0
492580,2024-06-04,golpe golpe 250 gr,A1,10600.0
492588,2024-06-04,gomitas con omega y proteina natural para gato y perro 1 kilo recarga,A1,48450.0
492704,2024-06-04,harry potter mini pack harry amp cho,A1,89900.0
492818,2024-06-04,jamon de pavo ahumado delipavo,A1,16035.0
492868,2024-06-04,jean arkitect daniela salcedo 87150,A1,159990.0
493503,2024-06-04,jugo hit frutas tropicales botella 1500 ml,A1,5270.0
493833,2024-06-04,lavaloza liquido con vitamina e loza crem 850 ml,A1,15950.0
493910,2024-06-04,leche en polvo clasica klim 2400 gr,A1,113440.0
493929,2024-06-04,leche en polvo gramos zymil 380 gr,A1,17900.0
494805,2024-06-04,nuggets de pollo apanados friko 900 gr,A1,47300.0
494972,2024-06-04,pan tajado blanco a1 marca propia 450 gr,A1,4520.0
495702,2024-06-04,postre helado frutos del bosqu popsy 900 gr,A1,53300.0
495903,2024-06-04,ravioli de carne frescampo 250 gr,A1,15950.0
496359,2024-06-04,ron roble blanco viejo de caldas 750 ml,A1,44300.0
496551,2024-06-04,sandalias talco bata red label hendra mujer,A1,103935.0
496741,2024-06-04,shampoo mom maria salome,A1,34400.0
496879,2024-06-04,soda bretana botella 1500 ml,A1,5030.0
496965,2024-06-04,strapless bustier 360 de perfeccion 011911,A1,109990.0
497115,2024-06-04,te instantaneo sabor frutos rojos frescampo 300 gr,A1,4310.0
497214,2024-06-04,tequila 70 anejo cristalino don julio 700 ml,A1,377400.0
497718,2024-06-04,vino blanco sauvignon blanc volcanes 750 ml,A1,84000.0
497748,2024-06-04,vino carmenere cono sur 750 ml,A1,60900.0
498154,2024-06-04,vodka spirits 750 ml,A1,87600.0
498225,2024-06-04,whisky 10 anos talisker 700 ml,A1,252900.0
498228,2024-06-04,whisky 12 anos deluxe buchanan s 1000 ml,A1,213200.0
498623,2024-06-05,acondicionador loreal inforcer 200ml serie expert,A1,108000.0
498656,2024-06-05,agua cristal aloe botella 330 ml,A1,2750.0
498719,2024-06-05,agua micelar effaclar la rocheposay 200 ml,A1,105000.0
499288,2024-06-05,audifonos bluetooth inalambricos f9 touch manos libre ultrabass,A1,33550.0
499470,2024-06-05,base daiquiri fresa master 1000 ml,A1,34700.0
499535,2024-06-05,bebida alcoholica lychee eniwer ready to drink 269 ml,A1,8800.0
499551,2024-06-05,bebida chocolatada chocolisto 200 gr,A1,8540.0
499675,2024-06-05,bebida lactea yox surtido x8und sanduchera 762 ml,A1,21450.0
500124,2024-06-05,cama granada con colchon varna queen 166 x 197 cm tabaco,A1,2293900.0
500291,2024-06-05,carne de diablo lata zenu 80 gr,A1,10550.0
500397,2024-06-05,cerave agua micelar hidratante 296ml,A1,110000.0
500756,2024-06-05,chocolate de mesa pastillado con azucar la especial 400 gr,A1,7260.0
500774,2024-06-05,chocolatina lyne leche 25 gr,A1,3060.0
500863,2024-06-05,cigllo cjtlla pqte red marlboro 20 und,A1,10450.0
500966,2024-06-05,coche mascotas para exteriores paseador,A1,599000.0
500985,2024-06-05,coche paseador bebe tipo maleta mikey blanco negro maxibaby,A1,399900.0
501021,2024-06-05,coctel de ron zombie bacardi 750 ml,A1,49000.0
501064,2024-06-05,colchon baco 120x190 resortado,A1,1279900.0
501527,2024-06-05,cuaderno tamano 21 x 28 cm 160 paginas cuadriculado 80 hojas argollado tapa dura tinta negra,A1,31400.0
502139,2024-06-05,filete de pechuga finas hierba pollocoa 850 gr,A1,36600.0
502186,2024-06-05,filtro de agua para nevera samsung da29 00020b,A1,115000.0
502376,2024-06-05,funko pop comic covers marvel x men wolverine 06,A1,169900.0
502696,2024-06-05,galletas noel 165 gr,A1,14400.0
502999,2024-06-05,golpe golpe 250 gr,A1,10600.0
503007,2024-06-05,gomitas con omega y proteina natural para gato y perro 1 kilo recarga,A1,48450.0
503125,2024-06-05,harry potter mini pack harry amp cho,A1,89900.0
503263,2024-06-05,jamon de pavo ahumado delipavo,A1,16035.0
503326,2024-06-05,jean arkitect daniela salcedo 87150,A1,159990.0
503969,2024-06-05,jugo hit frutas tropicales botella 1500 ml,A1,5920.0
504340,2024-06-05,lavaloza liquido con vitamina e loza crem 850 ml,A1,15950.0
504423,2024-06-05,leche en polvo clasica klim 2400 gr,A1,113440.0
504442,2024-06-05,leche en polvo gramos zymil 380 gr,A1,17900.0
504667,2024-06-05,loreal absolut repair lipidium mascarilla,A1,225200.0
505414,2024-06-05,nuggets de pollo apanados friko 900 gr,A1,47300.0
505595,2024-06-05,pan tajado blanco a1 marca propia 450 gr,A1,4520.0
506348,2024-06-05,postre helado frutos del bosqu popsy 900 gr,A1,53300.0
506568,2024-06-05,ravioli de carne frescampo 250 gr,A1,15950.0
507030,2024-06-05,ron roble blanco viejo de caldas 750 ml,A1,44300.0
507226,2024-06-05,sandalias talco bata red label hendra mujer,A1,111930.0
507462,2024-06-05,shampoo mom maria salome,A1,34400.0
507602,2024-06-05,soda bretana botella 1500 ml,A1,5030.0
507695,2024-06-05,strapless bustier 360 de perfeccion 011911,A1,109990.0
507870,2024-06-05,te instantaneo sabor frutos rojos frescampo 300 gr,A1,4310.0
507979,2024-06-05,tequila 70 anejo cristalino don julio 700 ml,A1,377400.0
508507,2024-06-05,vino blanco sauvignon blanc volcanes 750 ml,A1,84000.0
508537,2024-06-05,vino carmenere cono sur 750 ml,A1,60900.0
508945,2024-06-05,vodka spirits 750 ml,A1,87600.0
509019,2024-06-05,whisky 10 anos talisker 700 ml,A1,252900.0
509022,2024-06-05,whisky 12 anos deluxe buchanan s 1000 ml,A1,213200.0
509388,2024-06-06,acondicionador loreal inforcer 200ml serie expert,A1,108000.0
509416,2024-06-06,agua cristal aloe botella 330 ml,A1,2750.0
510016,2024-06-06,base daiquiri fresa master 1000 ml,A1,34700.0
510067,2024-06-06,bebida alcoholica lychee eniwer ready to drink 269 ml,A1,8800.0
510083,2024-06-06,bebida chocolatada chocolisto 200 gr,A1,8680.0
510207,2024-06-06,bebida lactea yox surtido x8und sanduchera 762 ml,A1,21450.0
510515,2024-06-06,cama granada con colchon varna queen 166 x 197 cm tabaco,A1,1731900.0
510655,2024-06-06,carne de diablo lata zenu 80 gr,A1,10550.0
511085,2024-06-06,chocolate de mesa pastillado con azucar la especial 400 gr,A1,7260.0
511178,2024-06-06,cigllo cjtlla pqte red marlboro 20 und,A1,10450.0
511238,2024-06-06,coche mascotas para exteriores paseador,A1,599000.0
511250,2024-06-06,coche paseador bebe tipo maleta mikey blanco negro maxibaby,A1,399900.0
511278,2024-06-06,coctel de ron zombie bacardi 750 ml,A1,49000.0
511944,2024-06-06,filete de pechuga finas hierba pollocoa 850 gr,A1,36600.0
512388,2024-06-06,golpe golpe 250 gr,A1,10600.0
512396,2024-06-06,gomitas con omega y proteina natural para gato y perro 1 kilo recarga,A1,48450.0
512502,2024-06-06,harry potter mini pack harry amp cho,A1,89900.0
512585,2024-06-06,jamon de pavo ahumado delipavo,A1,23430.0
512634,2024-06-06,jean arkitect daniela salcedo 87150,A1,159990.0
513196,2024-06-06,jugo hit frutas tropicales botella 1500 ml,A1,5920.0
513236,2024-06-06,jugo taeq naranja 1 und,A1,4700.0
513487,2024-06-06,lavaloza liquido con vitamina e loza crem 850 ml,A1,12760.0
513558,2024-06-06,leche en polvo clasica klim 2400 gr,A1,141800.0
513761,2024-06-06,loreal absolut repair lipidium mascarilla,A1,225200.0
514355,2024-06-06,nuggets de pollo apanados friko 900 gr,A1,47300.0
515130,2024-06-06,postre helado frutos del bosqu popsy 900 gr,A1,52600.0
515293,2024-06-06,ravioli de carne frescampo 250 gr,A1,15950.0
515626,2024-06-06,ron roble blanco viejo de caldas 750 ml,A1,44300.0
516056,2024-06-06,soda bretana botella 1500 ml,A1,5030.0
516137,2024-06-06,strapless bustier 360 de perfeccion 011911,A1,109990.0
516262,2024-06-06,te instantaneo sabor frutos rojos frescampo 300 gr,A1,4310.0
516360,2024-06-06,tequila 70 anejo cristalino don julio 700 ml,A1,377400.0
517048,2024-06-06,vodka spirits 750 ml,A1,78500.0
517116,2024-06-06,whisky 10 anos talisker 700 ml,A1,252900.0
517119,2024-06-06,whisky 12 anos deluxe buchanan s 1000 ml,A1,213200.0
517445,2024-06-07,agua cristal aloe botella 330 ml,A1,2750.0
517509,2024-06-07,agua micelar effaclar la rocheposay 200 ml,A1,105000.0
518007,2024-06-07,audifonos bluetooth inalambricos f9 touch manos libre ultrabass,A1,33550.0
518157,2024-06-07,base daiquiri fresa master 1000 ml,A1,34700.0
518201,2024-06-07,bebida alcoholica lychee eniwer ready to drink 269 ml,A1,8800.0
518217,2024-06-07,bebida chocolatada chocolisto 200 gr,A1,8680.0
518342,2024-06-07,bebida lactea yox surtido x8und sanduchera 762 ml,A1,21450.0
518707,2024-06-07,cama granada con colchon varna queen 166 x 197 cm tabaco,A1,1731900.0
518850,2024-06-07,carne de diablo lata zenu 80 gr,A1,10550.0
518946,2024-06-07,cerave agua micelar hidratante 296ml,A1,110000.0
519294,2024-06-07,chocolate de mesa pastillado con azucar la especial 400 gr,A1,7260.0
519309,2024-06-07,chocolatina lyne leche 25 gr,A1,3060.0
519387,2024-06-07,cigllo cjtlla pqte red marlboro 20 und,A1,10450.0
519498,2024-06-07,coche mascotas para exteriores paseador,A1,599000.0
519516,2024-06-07,coche paseador bebe tipo maleta mikey blanco negro maxibaby,A1,399900.0
519547,2024-06-07,coctel de ron zombie bacardi 750 ml,A1,49000.0
519587,2024-06-07,colchon baco 120x190 resortado,A1,1279900.0
519918,2024-06-07,cuaderno tamano 21 x 28 cm 160 paginas cuadriculado 80 hojas argollado tapa dura tinta negra,A1,31400.0
520465,2024-06-07,filtro de agua para nevera samsung da29 00020b,A1,115000.0
520673,2024-06-07,funko pop comic covers marvel x men wolverine 06,A1,169900.0
520943,2024-06-07,galletas noel 165 gr,A1,14400.0
521215,2024-06-07,golpe golpe 250 gr,A1,10600.0
521223,2024-06-07,gomitas con omega y proteina natural para gato y perro 1 kilo recarga,A1,48450.0
521454,2024-06-07,jean arkitect daniela salcedo 87150,A1,159990.0
522071,2024-06-07,jugo hit frutas tropicales botella 1500 ml,A1,5920.0
522110,2024-06-07,jugo taeq naranja 1 und,A1,4700.0
522388,2024-06-07,lavaloza liquido con vitamina e loza crem 850 ml,A1,12760.0
522464,2024-06-07,leche en polvo clasica klim 2400 gr,A1,141800.0
522483,2024-06-07,leche en polvo gramos zymil 380 gr,A1,18650.0
523301,2024-06-07,pan tajado blanco a1 marca propia 450 gr,A1,4520.0
523957,2024-06-07,postre helado frutos del bosqu popsy 900 gr,A1,53300.0
524365,2024-06-07,ron roble blanco viejo de caldas 750 ml,A1,44300.0
524490,2024-06-07,sandalias talco bata red label hendra mujer,A1,111930.0
524638,2024-06-07,shampoo mom maria salome,A1,34400.0
524763,2024-06-07,soda bretana botella 1500 ml,A1,5030.0
524823,2024-06-07,strapless bustier 360 de perfeccion 011911,A1,109990.0
524975,2024-06-07,te instantaneo sabor frutos rojos frescampo 300 gr,A1,4310.0
525044,2024-06-07,tequila 70 anejo cristalino don julio 700 ml,A1,370000.0
525513,2024-06-07,vino blanco sauvignon blanc volcanes 750 ml,A1,84000.0
525543,2024-06-07,vino carmenere cono sur 750 ml,A1,60900.0
525951,2024-06-07,vodka spirits 750 ml,A1,58875.0
526015,2024-06-07,whisky 10 anos talisker 700 ml,A1,252900.0
526018,2024-06-07,whisky 12 anos deluxe buchanan s 1000 ml,A1,213200.0
526389,2024-06-08,acondicionador loreal inforcer 200ml serie expert,A1,104500.0
526420,2024-06-08,agua cristal aloe botella 330 ml,A1,2750.0
526484,2024-06-08,agua micelar effaclar la rocheposay 200 ml,A1,105000.0
527146,2024-06-08,base daiquiri fresa master 1000 ml,A1,34700.0
527199,2024-06-08,bebida alcoholica lychee eniwer ready to drink 269 ml,A1,8800.0
527307,2024-06-08,bebida lactea yox surtido x8und sanduchera 762 ml,A1,21450.0
527698,2024-06-08,cama granada con colchon varna queen 166 x 197 cm tabaco,A1,1731900.0
527840,2024-06-08,carne de diablo lata zenu 80 gr,A1,10550.0
527941,2024-06-08,cerave agua micelar hidratante 296ml,A1,110000.0
528273,2024-06-08,chocolate de mesa pastillado con azucar la especial 400 gr,A1,7260.0
528366,2024-06-08,cigllo cjtlla pqte red marlboro 20 und,A1,10450.0
528478,2024-06-08,coche mascotas para exteriores paseador,A1,599000.0
528497,2024-06-08,coche paseador bebe tipo maleta mikey blanco negro maxibaby,A1,399900.0
528533,2024-06-08,coctel de ron zombie bacardi 750 ml,A1,49000.0
528908,2024-06-08,cuaderno tamano 21 x 28 cm 160 paginas cuadriculado 80 hojas argollado tapa dura tinta negra,A1,31400.0
529353,2024-06-08,filete de pechuga finas hierba pollocoa 850 gr,A1,29280.0
529400,2024-06-08,filtro de agua para nevera samsung da29 00020b,A1,115000.0
529571,2024-06-08,funko pop comic covers marvel x men wolverine 06,A1,169900.0
529889,2024-06-08,galletas noel 165 gr,A1,14400.0
530037,2024-06-08,golpe golpe 250 gr,A1,10600.0
530045,2024-06-08,gomitas con omega y proteina natural para gato y perro 1 kilo recarga,A1,48450.0
530273,2024-06-08,jamon de pavo ahumado delipavo,A1,23055.0
530321,2024-06-08,jean arkitect daniela salcedo 87150,A1,159990.0
530515,2024-06-08,jugo hit frutas tropicales botella 1500 ml,A1,5920.0
530554,2024-06-08,jugo taeq naranja 1 und,A1,4700.0
530859,2024-06-08,lavaloza liquido con vitamina e loza crem 850 ml,A1,12760.0
530930,2024-06-08,leche en polvo clasica klim 2400 gr,A1,141800.0
531139,2024-06-08,loreal absolut repair lipidium mascarilla,A1,225200.0
531718,2024-06-08,nuggets de pollo apanados friko 900 gr,A1,37840.0
531903,2024-06-08,pan tajado blanco a1 marca propia 450 gr,A1,4520.0
532646,2024-06-08,postre helado frutos del bosqu popsy 900 gr,A1,53300.0
532864,2024-06-08,ravioli de carne frescampo 250 gr,A1,15950.0
533113,2024-06-08,ron roble blanco viejo de caldas 750 ml,A1,44300.0
533293,2024-06-08,sandalias talco bata red label hendra mujer,A1,111930.0
533655,2024-06-08,strapless bustier 360 de perfeccion 011911,A1,109990.0
533804,2024-06-08,te instantaneo sabor frutos rojos frescampo 300 gr,A1,4310.0
533903,2024-06-08,tequila 70 anejo cristalino don julio 700 ml,A1,370000.0
534383,2024-06-08,vino blanco sauvignon blanc volcanes 750 ml,A1,84000.0
534413,2024-06-08,vino carmenere cono sur 750 ml,A1,60900.0
534822,2024-06-08,vodka spirits 750 ml,A1,58875.0
534896,2024-06-08,whisky 10 anos talisker 700 ml,A1,252900.0
534899,2024-06-08,whisky 12 anos deluxe buchanan s 1000 ml,A1,213200.0
535299,2024-06-09,acondicionador loreal inforcer 200ml serie expert,A1,104500.0
535333,2024-06-09,agua cristal aloe botella 330 ml,A1,2750.0
535397,2024-06-09,agua micelar effaclar la rocheposay 200 ml,A1,105000.0
535973,2024-06-09,audifonos bluetooth inalambricos f9 touch manos libre ultrabass,A1,33550.0
536152,2024-06-09,base daiquiri fresa master 1000 ml,A1,34700.0
536215,2024-06-09,bebida alcoholica lychee eniwer ready to drink 269 ml,A1,8800.0
536231,2024-06-09,bebida chocolatada chocolisto 200 gr,A1,8680.0
536353,2024-06-09,bebida lactea yox surtido x8und sanduchera 762 ml,A1,21450.0
536804,2024-06-09,cama granada con colchon varna queen 166 x 197 cm tabaco,A1,1731900.0
536971,2024-06-09,carne de diablo lata zenu 80 gr,A1,10550.0
537090,2024-06-09,cerave agua micelar hidratante 296ml,A1,110000.0
537441,2024-06-09,chocolate de mesa pastillado con azucar la especial 400 gr,A1,7260.0
537458,2024-06-09,chocolatina lyne leche 25 gr,A1,3060.0
537549,2024-06-09,cigllo cjtlla pqte red marlboro 20 und,A1,10450.0
537667,2024-06-09,coche mascotas para exteriores paseador,A1,599000.0
537685,2024-06-09,coche paseador bebe tipo maleta mikey blanco negro maxibaby,A1,399900.0
537723,2024-06-09,coctel de ron zombie bacardi 750 ml,A1,49000.0
537765,2024-06-09,colchon baco 120x190 resortado,A1,1279900.0
538237,2024-06-09,cuaderno tamano 21 x 28 cm 160 paginas cuadriculado 80 hojas argollado tapa dura tinta negra,A1,31400.0
538858,2024-06-09,filete de pechuga finas hierba pollocoa 850 gr,A1,29280.0
538908,2024-06-09,filtro de agua para nevera samsung da29 00020b,A1,115000.0
539116,2024-06-09,funko pop comic covers marvel x men wolverine 06,A1,169900.0
539437,2024-06-09,galletas noel 165 gr,A1,14400.0
539737,2024-06-09,golpe golpe 250 gr,A1,10600.0
539745,2024-06-09,gomitas con omega y proteina natural para gato y perro 1 kilo recarga,A1,48450.0
539863,2024-06-09,harry potter mini pack harry amp cho,A1,89900.0
540014,2024-06-09,jamon de pavo ahumado delipavo,A1,23055.0
540078,2024-06-09,jean arkitect daniela salcedo 87150,A1,159990.0
540719,2024-06-09,jugo hit frutas tropicales botella 1500 ml,A1,5920.0
540758,2024-06-09,jugo taeq naranja 1 und,A1,4700.0
541101,2024-06-09,lavaloza liquido con vitamina e loza crem 850 ml,A1,12760.0
541186,2024-06-09,leche en polvo clasica klim 2400 gr,A1,141800.0
541205,2024-06-09,leche en polvo gramos zymil 380 gr,A1,18650.0
541431,2024-06-09,loreal absolut repair lipidium mascarilla,A1,225200.0
542186,2024-06-09,nuggets de pollo apanados friko 900 gr,A1,37840.0
542382,2024-06-09,pan tajado blanco a1 marca propia 450 gr,A1,4520.0
543180,2024-06-09,postre helado frutos del bosqu popsy 900 gr,A1,53300.0
543427,2024-06-09,ravioli de carne frescampo 250 gr,A1,15950.0
543710,2024-06-09,ron roble blanco viejo de caldas 750 ml,A1,44300.0
543906,2024-06-09,sandalias talco bata red label hendra mujer,A1,111930.0
544145,2024-06-09,shampoo mom maria salome,A1,34400.0
544284,2024-06-09,soda bretana botella 1500 ml,A1,5030.0
544381,2024-06-09,strapless bustier 360 de perfeccion 011911,A1,109990.0
544550,2024-06-09,te instantaneo sabor frutos rojos frescampo 300 gr,A1,4310.0
544658,2024-06-09,tequila 70 anejo cristalino don julio 700 ml,A1,370000.0
545201,2024-06-09,vino blanco sauvignon blanc volcanes 750 ml,A1,84000.0
545231,2024-06-09,vino carmenere cono sur 750 ml,A1,60900.0
545643,2024-06-09,vodka spirits 750 ml,A1,58875.0
545717,2024-06-09,whisky 10 anos talisker 700 ml,A1,252900.0
545721,2024-06-09,whisky 12 anos deluxe buchanan s 1000 ml,A1,213200.0
546118,2024-06-10,acondicionador loreal inforcer 200ml serie expert,A1,104500.0
546152,2024-06-10,agua cristal aloe botella 330 ml,A1,2700.0
546216,2024-06-10,agua micelar effaclar la rocheposay 200 ml,A1,105000.0
546793,2024-06-10,audifonos bluetooth inalambricos f9 touch manos libre ultrabass,A1,33550.0
546972,2024-06-10,base daiquiri fresa master 1000 ml,A1,34700.0
547035,2024-06-10,bebida alcoholica lychee eniwer ready to drink 269 ml,A1,8800.0
547051,2024-06-10,bebida chocolatada chocolisto 200 gr,A1,8680.0
547173,2024-06-10,bebida lactea yox surtido x8und sanduchera 762 ml,A1,21450.0
547623,2024-06-10,cama granada con colchon varna queen 166 x 197 cm tabaco,A1,1731900.0
547790,2024-06-10,carne de diablo lata zenu 80 gr,A1,10550.0
547909,2024-06-10,cerave agua micelar hidratante 296ml,A1,110000.0
548258,2024-06-10,chocolate de mesa pastillado con azucar la especial 400 gr,A1,7260.0
548275,2024-06-10,chocolatina lyne leche 25 gr,A1,3060.0
548364,2024-06-10,cigllo cjtlla pqte red marlboro 20 und,A1,10450.0
548483,2024-06-10,coche mascotas para exteriores paseador,A1,599000.0
548501,2024-06-10,coche paseador bebe tipo maleta mikey blanco negro maxibaby,A1,399900.0
548539,2024-06-10,coctel de ron zombie bacardi 750 ml,A1,49000.0
548582,2024-06-10,colchon baco 120x190 resortado,A1,1279900.0
549052,2024-06-10,cuaderno tamano 21 x 28 cm 160 paginas cuadriculado 80 hojas argollado tapa dura tinta negra,A1,31400.0
549674,2024-06-10,filete de pechuga finas hierba pollocoa 850 gr,A1,29280.0
549723,2024-06-10,filtro de agua para nevera samsung da29 00020b,A1,115000.0
549931,2024-06-10,funko pop comic covers marvel x men wolverine 06,A1,169900.0
550250,2024-06-10,galletas noel 165 gr,A1,14400.0
550551,2024-06-10,golpe golpe 250 gr,A1,10600.0
550559,2024-06-10,gomitas con omega y proteina natural para gato y perro 1 kilo recarga,A1,48450.0
550678,2024-06-10,harry potter mini pack harry amp cho,A1,89900.0
550829,2024-06-10,jamon de pavo ahumado delipavo,A1,23055.0
550892,2024-06-10,jean arkitect daniela salcedo 87150,A1,159990.0
551529,2024-06-10,jugo hit frutas tropicales botella 1500 ml,A1,5920.0
551568,2024-06-10,jugo taeq naranja 1 und,A1,4700.0
551911,2024-06-10,lavaloza liquido con vitamina e loza crem 850 ml,A1,12760.0
551996,2024-06-10,leche en polvo clasica klim 2400 gr,A1,141800.0
552015,2024-06-10,leche en polvo gramos zymil 380 gr,A1,18650.0
552240,2024-06-10,loreal absolut repair lipidium mascarilla,A1,225200.0
552994,2024-06-10,nuggets de pollo apanados friko 900 gr,A1,37840.0
553195,2024-06-10,pan tajado blanco a1 marca propia 450 gr,A1,4520.0
553993,2024-06-10,postre helado frutos del bosqu popsy 900 gr,A1,53300.0
554239,2024-06-10,ravioli de carne frescampo 250 gr,A1,15950.0
554521,2024-06-10,ron roble blanco viejo de caldas 750 ml,A1,44300.0
554714,2024-06-10,sandalias talco bata red label hendra mujer,A1,111930.0
554952,2024-06-10,shampoo mom maria salome,A1,34400.0
555091,2024-06-10,soda bretana botella 1500 ml,A1,5030.0
555187,2024-06-10,strapless bustier 360 de perfeccion 011911,A1,109990.0
555358,2024-06-10,te instantaneo sabor frutos rojos frescampo 300 gr,A1,4310.0
555466,2024-06-10,tequila 70 anejo cristalino don julio 700 ml,A1,370000.0
556007,2024-06-10,vino blanco sauvignon blanc volcanes 750 ml,A1,84000.0
556037,2024-06-10,vino carmenere cono sur 750 ml,A1,60900.0
556449,2024-06-10,vodka spirits 750 ml,A1,58875.0
556523,2024-06-10,whisky 10 anos talisker 700 ml,A1,252900.0
556527,2024-06-10,whisky 12 anos deluxe buchanan s 1000 ml,A1,213200.0
556920,2024-06-11,acondicionador loreal inforcer 200ml serie expert,A1,104500.0
556954,2024-06-11,agua cristal aloe botella 330 ml,A1,2700.0
557017,2024-06-11,agua micelar effaclar la rocheposay 200 ml,A1,105000.0
557587,2024-06-11,audifonos bluetooth inalambricos f9 touch manos libre ultrabass,A1,33550.0
557766,2024-06-11,base daiquiri fresa master 1000 ml,A1,34700.0
557828,2024-06-11,bebida alcoholica lychee eniwer ready to drink 269 ml,A1,8800.0
557844,2024-06-11,bebida chocolatada chocolisto 200 gr,A1,8680.0
557966,2024-06-11,bebida lactea yox surtido x8und sanduchera 762 ml,A1,21450.0
558416,2024-06-11,cama granada con colchon varna queen 166 x 197 cm tabaco,A1,1731900.0
558584,2024-06-11,carne de diablo lata zenu 80 gr,A1,10550.0
558703,2024-06-11,cerave agua micelar hidratante 296ml,A1,110000.0
559053,2024-06-11,chocolate de mesa pastillado con azucar la especial 400 gr,A1,7260.0
559070,2024-06-11,chocolatina lyne leche 25 gr,A1,3480.0
559159,2024-06-11,cigllo cjtlla pqte red marlboro 20 und,A1,10450.0
559277,2024-06-11,coche mascotas para exteriores paseador,A1,599000.0
559295,2024-06-11,coche paseador bebe tipo maleta mikey blanco negro maxibaby,A1,399900.0
559333,2024-06-11,coctel de ron zombie bacardi 750 ml,A1,49000.0
559374,2024-06-11,colchon baco 120x190 resortado,A1,1279900.0
559840,2024-06-11,cuaderno tamano 21 x 28 cm 160 paginas cuadriculado 80 hojas argollado tapa dura tinta negra,A1,31400.0
560452,2024-06-11,filete de pechuga finas hierba pollocoa 850 gr,A1,29280.0
560502,2024-06-11,filtro de agua para nevera samsung da29 00020b,A1,115000.0
560711,2024-06-11,funko pop comic covers marvel x men wolverine 06,A1,169900.0
561031,2024-06-11,galletas noel 165 gr,A1,14400.0
561335,2024-06-11,golpe golpe 250 gr,A1,10600.0
561343,2024-06-11,gomitas con omega y proteina natural para gato y perro 1 kilo recarga,A1,48450.0
561464,2024-06-11,harry potter mini pack harry amp cho,A1,89900.0
561613,2024-06-11,jamon de pavo ahumado delipavo,A1,20850.0
561673,2024-06-11,jean arkitect daniela salcedo 87150,A1,159990.0
562305,2024-06-11,jugo hit frutas tropicales botella 1500 ml,A1,5920.0
562344,2024-06-11,jugo taeq naranja 1 und,A1,4700.0
562683,2024-06-11,lavaloza liquido con vitamina e loza crem 850 ml,A1,12760.0
562768,2024-06-11,leche en polvo clasica klim 2400 gr,A1,141800.0
562787,2024-06-11,leche en polvo gramos zymil 380 gr,A1,18650.0
563012,2024-06-11,loreal absolut repair lipidium mascarilla,A1,225200.0
563764,2024-06-11,nuggets de pollo apanados friko 900 gr,A1,37840.0
563964,2024-06-11,pan tajado blanco a1 marca propia 450 gr,A1,4520.0
564764,2024-06-11,postre helado frutos del bosqu popsy 900 gr,A1,52600.0
565008,2024-06-11,ravioli de carne frescampo 250 gr,A1,15950.0
565298,2024-06-11,ron roble blanco viejo de caldas 750 ml,A1,44300.0
565494,2024-06-11,sandalias talco bata red label hendra mujer,A1,111930.0
565732,2024-06-11,shampoo mom maria salome,A1,34400.0
565869,2024-06-11,soda bretana botella 1500 ml,A1,5030.0
565964,2024-06-11,strapless bustier 360 de perfeccion 011911,A1,109990.0
566133,2024-06-11,te instantaneo sabor frutos rojos frescampo 300 gr,A1,4310.0
566241,2024-06-11,tequila 70 anejo cristalino don julio 700 ml,A1,370000.0
566779,2024-06-11,vino blanco sauvignon blanc volcanes 750 ml,A1,84000.0
566809,2024-06-11,vino carmenere cono sur 750 ml,A1,60900.0
567221,2024-06-11,vodka spirits 750 ml,A1,58875.0
567296,2024-06-11,whisky 10 anos talisker 700 ml,A1,252900.0
567300,2024-06-11,whisky 12 anos deluxe buchanan s 1000 ml,A1,213200.0
567658,2024-06-12,acondicionador loreal inforcer 200ml serie expert,A1,104500.0
567691,2024-06-12,agua cristal aloe botella 330 ml,A1,2700.0
567754,2024-06-12,agua micelar effaclar la rocheposay 200 ml,A1,105000.0
568284,2024-06-12,audifonos bluetooth inalambricos f9 touch manos libre ultrabass,A1,33550.0
568433,2024-06-12,base daiquiri fresa master 1000 ml,A1,34700.0
568490,2024-06-12,bebida alcoholica lychee eniwer ready to drink 269 ml,A1,8800.0
568506,2024-06-12,bebida chocolatada chocolisto 200 gr,A1,8680.0
568625,2024-06-12,bebida lactea yox surtido x8und sanduchera 762 ml,A1,21450.0
569043,2024-06-12,cama granada con colchon varna queen 166 x 197 cm tabaco,A1,1731900.0
569189,2024-06-12,carne de diablo lata zenu 80 gr,A1,10550.0
569297,2024-06-12,cerave agua micelar hidratante 296ml,A1,110000.0
569647,2024-06-12,chocolate de mesa pastillado con azucar la especial 400 gr,A1,7260.0
569664,2024-06-12,chocolatina lyne leche 25 gr,A1,3480.0
569757,2024-06-12,cigllo cjtlla pqte red marlboro 20 und,A1,10450.0
569885,2024-06-12,coche mascotas para exteriores paseador,A1,599000.0
569903,2024-06-12,coche paseador bebe tipo maleta mikey blanco negro maxibaby,A1,399900.0
569942,2024-06-12,coctel de ron zombie bacardi 750 ml,A1,49000.0
570426,2024-06-12,cuaderno tamano 21 x 28 cm 160 paginas cuadriculado 80 hojas argollado tapa dura tinta negra,A1,31400.0
570948,2024-06-12,filete de pechuga finas hierba pollocoa 850 gr,A1,29280.0
570995,2024-06-12,filtro de agua para nevera samsung da29 00020b,A1,115000.0
571372,2024-06-12,galletas noel 165 gr,A1,14400.0
571640,2024-06-12,golpe golpe 250 gr,A1,9010.0
571648,2024-06-12,gomitas con omega y proteina natural para gato y perro 1 kilo recarga,A1,48450.0
571758,2024-06-12,harry potter mini pack harry amp cho,A1,89900.0
571880,2024-06-12,jamon de pavo ahumado delipavo,A1,20850.0
571937,2024-06-12,jean arkitect daniela salcedo 87150,A1,159990.0
572542,2024-06-12,jugo hit frutas tropicales botella 1500 ml,A1,5920.0
572582,2024-06-12,jugo taeq naranja 1 und,A1,4700.0
572895,2024-06-12,lavaloza liquido con vitamina e loza crem 850 ml,A1,12760.0
572976,2024-06-12,leche en polvo clasica klim 2400 gr,A1,141800.0
572995,2024-06-12,leche en polvo gramos zymil 380 gr,A1,18650.0
573215,2024-06-12,loreal absolut repair lipidium mascarilla,A1,225200.0
573951,2024-06-12,nuggets de pollo apanados friko 900 gr,A1,37840.0
574080,2024-06-12,pan tajado blanco a1 marca propia 450 gr,A1,4520.0
574796,2024-06-12,postre helado frutos del bosqu popsy 900 gr,A1,52600.0
575025,2024-06-12,ravioli de carne frescampo 250 gr,A1,15950.0
575296,2024-06-12,ron roble blanco viejo de caldas 750 ml,A1,44300.0
575484,2024-06-12,sandalias talco bata red label hendra mujer,A1,111930.0
575699,2024-06-12,shampoo mom maria salome,A1,34400.0
575826,2024-06-12,soda bretana botella 1500 ml,A1,5030.0
575921,2024-06-12,strapless bustier 360 de perfeccion 011911,A1,109990.0
576078,2024-06-12,te instantaneo sabor frutos rojos frescampo 300 gr,A1,4310.0
576193,2024-06-12,tequila 70 anejo cristalino don julio 700 ml,A1,370000.0
576878,2024-06-12,vodka spirits 750 ml,A1,58875.0
576956,2024-06-12,whisky 10 anos talisker 700 ml,A1,252900.0
576960,2024-06-12,whisky 12 anos deluxe buchanan s 1000 ml,A1,213200.0
577327,2024-06-13,acondicionador loreal inforcer 200ml serie expert,A1,104500.0
577359,2024-06-13,agua cristal aloe botella 330 ml,A1,2700.0
577419,2024-06-13,agua micelar effaclar la rocheposay 200 ml,A1,105000.0
577974,2024-06-13,audifonos bluetooth inalambricos f9 touch manos libre ultrabass,A1,33550.0
578210,2024-06-13,bebida alcoholica lychee eniwer ready to drink 269 ml,A1,8800.0
578226,2024-06-13,bebida chocolatada chocolisto 200 gr,A1,8680.0
578345,2024-06-13,bebida lactea yox surtido x8und sanduchera 762 ml,A1,21450.0
578800,2024-06-13,cama granada con colchon varna queen 166 x 197 cm tabaco,A1,1731900.0
578953,2024-06-13,carne de diablo lata zenu 80 gr,A1,10550.0
579071,2024-06-13,cerave agua micelar hidratante 296ml,A1,110000.0
579422,2024-06-13,chocolate de mesa pastillado con azucar la especial 400 gr,A1,7260.0
579439,2024-06-13,chocolatina lyne leche 25 gr,A1,3480.0
579534,2024-06-13,cigllo cjtlla pqte red marlboro 20 und,A1,10450.0
579660,2024-06-13,coche mascotas para exteriores paseador,A1,599000.0
579678,2024-06-13,coche paseador bebe tipo maleta mikey blanco negro maxibaby,A1,399900.0
579717,2024-06-13,coctel de ron zombie bacardi 750 ml,A1,49000.0
579788,2024-06-13,colchon baco 120x190 resortado,A1,1279900.0
580200,2024-06-13,cuaderno tamano 21 x 28 cm 160 paginas cuadriculado 80 hojas argollado tapa dura tinta negra,A1,31400.0
580743,2024-06-13,filete de pechuga finas hierba pollocoa 850 gr,A1,36600.0
580788,2024-06-13,filtro de agua para nevera samsung da29 00020b,A1,115000.0
580990,2024-06-13,funko pop comic covers marvel x men wolverine 06,A1,169900.0
581309,2024-06-13,galletas noel 165 gr,A1,14400.0
581617,2024-06-13,golpe golpe 250 gr,A1,9010.0
581625,2024-06-13,gomitas con omega y proteina natural para gato y perro 1 kilo recarga,A1,48450.0
581742,2024-06-13,harry potter mini pack harry amp cho,A1,89900.0
581875,2024-06-13,jamon de pavo ahumado delipavo,A1,20850.0
581930,2024-06-13,jean arkitect daniela salcedo 87150,A1,159990.0
582582,2024-06-13,jugo hit frutas tropicales botella 1500 ml,A1,4440.0
582622,2024-06-13,jugo taeq naranja 1 und,A1,4700.0
582956,2024-06-13,lavaloza liquido con vitamina e loza crem 850 ml,A1,12760.0
583037,2024-06-13,leche en polvo clasica klim 2400 gr,A1,141800.0
583056,2024-06-13,leche en polvo gramos zymil 380 gr,A1,18650.0
583279,2024-06-13,loreal absolut repair lipidium mascarilla,A1,225200.0
584189,2024-06-13,pan tajado blanco a1 marca propia 450 gr,A1,4520.0
584978,2024-06-13,postre helado frutos del bosqu popsy 900 gr,A1,52600.0
585212,2024-06-13,ravioli de carne frescampo 250 gr,A1,15950.0
585460,2024-06-13,ron roble blanco viejo de caldas 750 ml,A1,44300.0
585647,2024-06-13,sandalias talco bata red label hendra mujer,A1,111930.0
585856,2024-06-13,shampoo mom maria salome,A1,34400.0
585986,2024-06-13,soda bretana botella 1500 ml,A1,3772.0
586080,2024-06-13,strapless bustier 360 de perfeccion 011911,A1,109990.0
586234,2024-06-13,te instantaneo sabor frutos rojos frescampo 300 gr,A1,4310.0
586319,2024-06-13,tequila 70 anejo cristalino don julio 700 ml,A1,370000.0
586928,2024-06-13,vino blanco sauvignon blanc volcanes 750 ml,A1,84000.0
586958,2024-06-13,vino carmenere cono sur 750 ml,A1,60900.0
587362,2024-06-13,vodka spirits 750 ml,A1,58875.0
587436,2024-06-13,whisky 10 anos talisker 700 ml,A1,252900.0
587439,2024-06-13,whisky 12 anos deluxe buchanan s 1000 ml,A1,170560.0
587815,2024-06-14,acondicionador loreal inforcer 200ml serie expert,A1,104500.0
587841,2024-06-14,agua cristal aloe botella 330 ml,A1,2750.0
587882,2024-06-14,agua micelar effaclar la rocheposay 200 ml,A1,105000.0
588351,2024-06-14,audifonos bluetooth inalambricos f9 touch manos libre ultrabass,A1,33550.0
588604,2024-06-14,bebida alcoholica lychee eniwer ready to drink 269 ml,A1,8800.0
588620,2024-06-14,bebida chocolatada chocolisto 200 gr,A1,8680.0
588740,2024-06-14,bebida lactea yox surtido x8und sanduchera 762 ml,A1,21450.0
589106,2024-06-14,cama granada con colchon varna queen 166 x 197 cm tabaco,A1,1731900.0
589253,2024-06-14,carne de diablo lata zenu 80 gr,A1,10550.0
589728,2024-06-14,chocolate de mesa pastillado con azucar la especial 400 gr,A1,7260.0
589745,2024-06-14,chocolatina lyne leche 25 gr,A1,3480.0
589837,2024-06-14,cigllo cjtlla pqte red marlboro 20 und,A1,10450.0
589961,2024-06-14,coche mascotas para exteriores paseador,A1,599000.0
589979,2024-06-14,coche paseador bebe tipo maleta mikey blanco negro maxibaby,A1,399900.0
590091,2024-06-14,colchon baco 120x190 resortado,A1,1279900.0
590525,2024-06-14,cuaderno tamano 21 x 28 cm 160 paginas cuadriculado 80 hojas argollado tapa dura tinta negra,A1,31400.0
591119,2024-06-14,filete de pechuga finas hierba pollocoa 850 gr,A1,36600.0
591303,2024-06-14,funko pop comic covers marvel x men wolverine 06,A1,169900.0
591632,2024-06-14,galletas noel 165 gr,A1,14400.0
591910,2024-06-14,golpe golpe 250 gr,A1,9010.0
591918,2024-06-14,gomitas con omega y proteina natural para gato y perro 1 kilo recarga,A1,48450.0
592029,2024-06-14,harry potter mini pack harry amp cho,A1,89900.0
592145,2024-06-14,jamon de pavo ahumado delipavo,A1,20850.0
592210,2024-06-14,jean arkitect daniela salcedo 87150,A1,159990.0
592859,2024-06-14,jugo hit frutas tropicales botella 1500 ml,A1,2960.0
592899,2024-06-14,jugo taeq naranja 1 und,A1,4700.0
593215,2024-06-14,lavaloza liquido con vitamina e loza crem 850 ml,A1,13400.0
593316,2024-06-14,leche en polvo gramos zymil 380 gr,A1,18650.0
593534,2024-06-14,loreal absolut repair lipidium mascarilla,A1,225200.0
594473,2024-06-14,pan tajado blanco a1 marca propia 450 gr,A1,4520.0
595241,2024-06-14,postre helado frutos del bosqu popsy 900 gr,A1,52600.0
595476,2024-06-14,ravioli de carne frescampo 250 gr,A1,15950.0
595798,2024-06-14,ron roble blanco viejo de caldas 750 ml,A1,44300.0
595986,2024-06-14,sandalias talco bata red label hendra mujer,A1,111930.0
596211,2024-06-14,shampoo mom maria salome,A1,34400.0
596340,2024-06-14,soda bretana botella 1500 ml,A1,3772.0
596435,2024-06-14,strapless bustier 360 de perfeccion 011911,A1,109990.0
596583,2024-06-14,te instantaneo sabor frutos rojos frescampo 300 gr,A1,4310.0
596668,2024-06-14,tequila 70 anejo cristalino don julio 700 ml,A1,370000.0
597305,2024-06-14,vino blanco sauvignon blanc volcanes 750 ml,A1,84000.0
597335,2024-06-14,vino carmenere cono sur 750 ml,A1,60900.0
597739,2024-06-14,vodka spirits 750 ml,A1,58875.0
597830,2024-06-14,whisky 10 anos talisker 700 ml,A1,252900.0
597833,2024-06-14,whisky 12 anos deluxe buchanan s 1000 ml,A1,170560.0
598221,2024-06-15,acondicionador loreal inforcer 200ml serie expert,A1,104500.0
598249,2024-06-15,agua cristal aloe botella 330 ml,A1,2750.0
598308,2024-06-15,agua micelar effaclar la rocheposay 200 ml,A1,105000.0
598834,2024-06-15,audifonos bluetooth inalambricos f9 touch manos libre ultrabass,A1,33550.0
599087,2024-06-15,bebida alcoholica lychee eniwer ready to drink 269 ml,A1,8800.0
599103,2024-06-15,bebida chocolatada chocolisto 200 gr,A1,8680.0
599222,2024-06-15,bebida lactea yox surtido x8und sanduchera 762 ml,A1,21450.0
599608,2024-06-15,cama granada con colchon varna queen 166 x 197 cm tabaco,A1,1731900.0
599761,2024-06-15,carne de diablo lata zenu 80 gr,A1,10550.0
599881,2024-06-15,cerave agua micelar hidratante 296ml,A1,110000.0
600237,2024-06-15,chocolate de mesa pastillado con azucar la especial 400 gr,A1,7260.0
600254,2024-06-15,chocolatina lyne leche 25 gr,A1,3480.0
600344,2024-06-15,cigllo cjtlla pqte red marlboro 20 und,A1,10450.0
600468,2024-06-15,coche mascotas para exteriores paseador,A1,599000.0
600485,2024-06-15,coche paseador bebe tipo maleta mikey blanco negro maxibaby,A1,399900.0
600598,2024-06-15,colchon baco 120x190 resortado,A1,1279900.0
601049,2024-06-15,cuaderno tamano 21 x 28 cm 160 paginas cuadriculado 80 hojas argollado tapa dura tinta negra,A1,31400.0
601682,2024-06-15,filete de pechuga finas hierba pollocoa 850 gr,A1,36600.0
601722,2024-06-15,filtro de agua para nevera samsung da29 00020b,A1,115000.0
601903,2024-06-15,funko pop comic covers marvel x men wolverine 06,A1,169900.0
602230,2024-06-15,galletas noel 165 gr,A1,12240.0
602512,2024-06-15,golpe golpe 250 gr,A1,9010.0
602520,2024-06-15,gomitas con omega y proteina natural para gato y perro 1 kilo recarga,A1,48450.0
602630,2024-06-15,harry potter mini pack harry amp cho,A1,89900.0
602753,2024-06-15,jamon de pavo ahumado delipavo,A1,20850.0
602822,2024-06-15,jean arkitect daniela salcedo 87150,A1,159990.0
603477,2024-06-15,jugo hit frutas tropicales botella 1500 ml,A1,4440.0
603516,2024-06-15,jugo taeq naranja 1 und,A1,4700.0
603863,2024-06-15,lavaloza liquido con vitamina e loza crem 850 ml,A1,12760.0
603947,2024-06-15,leche en polvo clasica klim 2400 gr,A1,141800.0
603966,2024-06-15,leche en polvo gramos zymil 380 gr,A1,18650.0
604192,2024-06-15,loreal absolut repair lipidium mascarilla,A1,225200.0
605135,2024-06-15,pan tajado blanco a1 marca propia 450 gr,A1,4520.0
605904,2024-06-15,postre helado frutos del bosqu popsy 900 gr,A1,52600.0
606150,2024-06-15,ravioli de carne frescampo 250 gr,A1,15950.0
606658,2024-06-15,ron roble blanco viejo de caldas 750 ml,A1,44300.0
606849,2024-06-15,sandalias talco bata red label hendra mujer,A1,111930.0
607083,2024-06-15,shampoo mom maria salome,A1,34400.0
607212,2024-06-15,soda bretana botella 1500 ml,A1,3772.0
607304,2024-06-15,strapless bustier 360 de perfeccion 011911,A1,109990.0
607459,2024-06-15,te instantaneo sabor frutos rojos frescampo 300 gr,A1,4310.0
607540,2024-06-15,tequila 70 anejo cristalino don julio 700 ml,A1,370000.0
608189,2024-06-15,vino blanco sauvignon blanc volcanes 750 ml,A1,84000.0
608219,2024-06-15,vino carmenere cono sur 750 ml,A1,60900.0
608623,2024-06-15,vodka spirits 750 ml,A1,58875.0
608715,2024-06-15,whisky 10 anos talisker 700 ml,A1,252900.0
608718,2024-06-15,whisky 12 anos deluxe buchanan s 1000 ml,A1,170560.0
609108,2024-06-16,acondicionador loreal inforcer 200ml serie expert,A1,104500.0
609134,2024-06-16,agua cristal aloe botella 330 ml,A1,2750.0
609192,2024-06-16,agua micelar effaclar la rocheposay 200 ml,A1,105000.0
609950,2024-06-16,bebida alcoholica lychee eniwer ready to drink 269 ml,A1,8800.0
609966,2024-06-16,bebida chocolatada chocolisto 200 gr,A1,8680.0
610085,2024-06-16,bebida lactea yox surtido x8und sanduchera 762 ml,A1,21450.0
610480,2024-06-16,cama granada con colchon varna queen 166 x 197 cm tabaco,A1,1731900.0
610634,2024-06-16,carne de diablo lata zenu 80 gr,A1,10550.0
610753,2024-06-16,cerave agua micelar hidratante 296ml,A1,110000.0
611113,2024-06-16,chocolate de mesa pastillado con azucar la especial 400 gr,A1,7260.0
611130,2024-06-16,chocolatina lyne leche 25 gr,A1,3480.0
611220,2024-06-16,cigllo cjtlla pqte red marlboro 20 und,A1,10450.0
611344,2024-06-16,coche mascotas para exteriores paseador,A1,599000.0
611362,2024-06-16,coche paseador bebe tipo maleta mikey blanco negro maxibaby,A1,399900.0
611471,2024-06-16,colchon baco 120x190 resortado,A1,1279900.0
611923,2024-06-16,cuaderno tamano 21 x 28 cm 160 paginas cuadriculado 80 hojas argollado tapa dura tinta negra,A1,31400.0
612510,2024-06-16,filete de pechuga finas hierba pollocoa 850 gr,A1,36600.0
612553,2024-06-16,filtro de agua para nevera samsung da29 00020b,A1,115000.0
612732,2024-06-16,funko pop comic covers marvel x men wolverine 06,A1,169900.0
613059,2024-06-16,galletas noel 165 gr,A1,14400.0
613342,2024-06-16,golpe golpe 250 gr,A1,9010.0
613350,2024-06-16,gomitas con omega y proteina natural para gato y perro 1 kilo recarga,A1,48450.0
613460,2024-06-16,harry potter mini pack harry amp cho,A1,89900.0
613650,2024-06-16,jean arkitect daniela salcedo 87150,A1,159990.0
614309,2024-06-16,jugo hit frutas tropicales botella 1500 ml,A1,4440.0
614346,2024-06-16,jugo taeq naranja 1 und,A1,4700.0
614681,2024-06-16,lavaloza liquido con vitamina e loza crem 850 ml,A1,12760.0
614764,2024-06-16,leche en polvo clasica klim 2400 gr,A1,141800.0
614783,2024-06-16,leche en polvo gramos zymil 380 gr,A1,18650.0
615012,2024-06-16,loreal absolut repair lipidium mascarilla,A1,225200.0
615952,2024-06-16,pan tajado blanco a1 marca propia 450 gr,A1,4520.0
616970,2024-06-16,ravioli de carne frescampo 250 gr,A1,15950.0
617478,2024-06-16,ron roble blanco viejo de caldas 750 ml,A1,44300.0
617671,2024-06-16,sandalias talco bata red label hendra mujer,A1,111930.0
618023,2024-06-16,soda bretana botella 1500 ml,A1,3772.0
618116,2024-06-16,strapless bustier 360 de perfeccion 011911,A1,109990.0
618268,2024-06-16,te instantaneo sabor frutos rojos frescampo 300 gr,A1,4310.0
618348,2024-06-16,tequila 70 anejo cristalino don julio 700 ml,A1,370000.0
618995,2024-06-16,vino blanco sauvignon blanc volcanes 750 ml,A1,84000.0
619025,2024-06-16,vino carmenere cono sur 750 ml,A1,60900.0
619429,2024-06-16,vodka spirits 750 ml,A1,65700.0
619520,2024-06-16,whisky 10 anos talisker 700 ml,A1,252900.0
619523,2024-06-16,whisky 12 anos deluxe buchanan s 1000 ml,A1,170560.0
619916,2024-06-17,acondicionador loreal inforcer 200ml serie expert,A1,104500.0
619945,2024-06-17,agua cristal aloe botella 330 ml,A1,2750.0
620002,2024-06-17,agua micelar effaclar la rocheposay 200 ml,A1,105000.0
620553,2024-06-17,audifonos bluetooth inalambricos f9 touch manos libre ultrabass,A1,33550.0
620809,2024-06-17,bebida alcoholica lychee eniwer ready to drink 269 ml,A1,8800.0
620825,2024-06-17,bebida chocolatada chocolisto 200 gr,A1,8680.0
620945,2024-06-17,bebida lactea yox surtido x8und sanduchera 762 ml,A1,21450.0
621381,2024-06-17,cama granada con colchon varna queen 166 x 197 cm tabaco,A1,1731900.0
621537,2024-06-17,carne de diablo lata zenu 80 gr,A1,10550.0
621659,2024-06-17,cerave agua micelar hidratante 296ml,A1,110000.0
622011,2024-06-17,chocolate de mesa pastillado con azucar la especial 400 gr,A1,7260.0
622028,2024-06-17,chocolatina lyne leche 25 gr,A1,3480.0
622119,2024-06-17,cigllo cjtlla pqte red marlboro 20 und,A1,10450.0
622241,2024-06-17,coche mascotas para exteriores paseador,A1,599000.0
622259,2024-06-17,coche paseador bebe tipo maleta mikey blanco negro maxibaby,A1,399900.0
622370,2024-06-17,colchon baco 120x190 resortado,A1,1279900.0
622822,2024-06-17,cuaderno tamano 21 x 28 cm 160 paginas cuadriculado 80 hojas argollado tapa dura tinta negra,A1,31400.0
623449,2024-06-17,filete de pechuga finas hierba pollocoa 850 gr,A1,29280.0
623491,2024-06-17,filtro de agua para nevera samsung da29 00020b,A1,115000.0
623705,2024-06-17,funko pop comic covers marvel x men wolverine 06,A1,169900.0
624035,2024-06-17,galletas noel 165 gr,A1,14400.0
624321,2024-06-17,golpe golpe 250 gr,A1,9010.0
624329,2024-06-17,gomitas con omega y proteina natural para gato y perro 1 kilo recarga,A1,48450.0
624442,2024-06-17,harry potter mini pack harry amp cho,A1,89900.0
624586,2024-06-17,jamon de pavo ahumado delipavo,A1,20850.0
624655,2024-06-17,jean arkitect daniela salcedo 87150,A1,159990.0
625310,2024-06-17,jugo hit frutas tropicales botella 1500 ml,A1,5920.0
625348,2024-06-17,jugo taeq naranja 1 und,A1,4700.0
625699,2024-06-17,lavaloza liquido con vitamina e loza crem 850 ml,A1,12760.0
625784,2024-06-17,leche en polvo clasica klim 2400 gr,A1,141800.0
625803,2024-06-17,leche en polvo gramos zymil 380 gr,A1,18650.0
626028,2024-06-17,loreal absolut repair lipidium mascarilla,A1,225200.0
626976,2024-06-17,pan tajado blanco a1 marca propia 450 gr,A1,4520.0
628011,2024-06-17,ravioli de carne frescampo 250 gr,A1,15950.0
628322,2024-06-17,ron roble blanco viejo de caldas 750 ml,A1,44300.0
628517,2024-06-17,sandalias talco bata red label hendra mujer,A1,111930.0
628739,2024-06-17,shampoo mom maria salome,A1,34400.0
628866,2024-06-17,soda bretana botella 1500 ml,A1,5030.0
628958,2024-06-17,strapless bustier 360 de perfeccion 011911,A1,109990.0
629130,2024-06-17,te instantaneo sabor frutos rojos frescampo 300 gr,A1,4310.0
629220,2024-06-17,tequila 70 anejo cristalino don julio 700 ml,A1,370000.0
629849,2024-06-17,vino blanco sauvignon blanc volcanes 750 ml,A1,84000.0
629879,2024-06-17,vino carmenere cono sur 750 ml,A1,60900.0
630284,2024-06-17,vodka spirits 750 ml,A1,65700.0
630353,2024-06-17,whisky 10 anos talisker 700 ml,A1,252900.0
630356,2024-06-17,whisky 12 anos deluxe buchanan s 1000 ml,A1,213200.0
630833,2024-06-19,audifonos bluetooth inalambricos f9 touch manos libre ultrabass,A1,33550.0
631031,2024-06-19,cama granada con colchon varna queen 166 x 197 cm tabaco,A1,1731900.0
631347,2024-06-19,chocolate de mesa pastillado con azucar la especial 400 gr,A1,8270.0
631404,2024-06-19,cigllo cjtlla pqte red marlboro 20 und,A1,10450.0
631480,2024-06-19,coche mascotas para exteriores paseador,A1,599000.0
631498,2024-06-19,coche paseador bebe tipo maleta mikey blanco negro maxibaby,A1,399900.0
631856,2024-06-19,funko pop comic covers marvel x men wolverine 06,A1,169900.0
632148,2024-06-19,jugo hit frutas tropicales botella 1500 ml,A1,5920.0
632174,2024-06-19,jugo taeq naranja 1 und,A1,4700.0
632484,2024-06-19,pan tajado blanco a1 marca propia 450 gr,A1,4520.0
632832,2024-06-19,ron roble blanco viejo de caldas 750 ml,A1,44300.0
632924,2024-06-19,shampoo mom maria salome,A1,34400.0
633043,2024-06-19,tequila 70 anejo cristalino don julio 700 ml,A1,370000.0
633300,2024-06-19,vino carmenere cono sur 750 ml,A1,60900.0
633624,2024-06-19,vodka spirits 750 ml,A1,65700.0
633649,2024-06-19,whisky 10 anos talisker 700 ml,A1,252900.0
633652,2024-06-19,whisky 12 anos deluxe buchanan s 1000 ml,A1,213200.0
19183,2024-01-17,gaseosa schweppes ginger ale 269ml,A2,2150.0
19224,2024-01-17,tonica schweppes 300ml x 4 unds,A2,11700.0
19636,2024-01-18,gaseosa schweppes ginger ale 269ml,A2,2150.0
19677,2024-01-18,tonica schweppes 300ml x 4 unds,A2,11700.0
20088,2024-01-19,gaseosa schweppes ginger ale 269ml,A2,2150.0
20130,2024-01-19,tonica schweppes 300ml x 4 unds,A2,11700.0
20540,2024-01-20,gaseosa schweppes ginger ale 269ml,A2,2150.0
20584,2024-01-20,tonica schweppes 300ml x 4 unds,A2,11700.0
20996,2024-01-21,gaseosa schweppes ginger ale 269ml,A2,2150.0
21041,2024-01-21,tonica schweppes 300ml x 4 unds,A2,11700.0
21447,2024-01-22,gaseosa schweppes ginger ale 269ml,A2,2150.0
21487,2024-01-22,tonica schweppes 300ml x 4 unds,A2,11700.0
21901,2024-01-23,gaseosa schweppes ginger ale 269ml,A2,2150.0
21943,2024-01-23,tonica schweppes 300ml x 4 unds,A2,11700.0
22357,2024-01-24,gaseosa schweppes ginger ale 269ml,A2,2150.0
22399,2024-01-24,tonica schweppes 300ml x 4 unds,A2,11700.0
22808,2024-01-25,gaseosa schweppes ginger ale 269ml,A2,2150.0
22849,2024-01-25,tonica schweppes 300ml x 4 unds,A2,11700.0
23261,2024-01-26,gaseosa schweppes ginger ale 269ml,A2,2150.0
23303,2024-01-26,tonica schweppes 300ml x 4 unds,A2,11700.0
23711,2024-01-27,gaseosa schweppes ginger ale 269ml,A2,2150.0
23751,2024-01-27,tonica schweppes 300ml x 4 unds,A2,11700.0
24161,2024-01-28,gaseosa schweppes ginger ale 269ml,A2,2150.0
24203,2024-01-28,tonica schweppes 300ml x 4 unds,A2,11700.0
24612,2024-01-29,gaseosa schweppes ginger ale 269ml,A2,2150.0
24655,2024-01-29,tonica schweppes 300ml x 4 unds,A2,11700.0
25060,2024-01-30,gaseosa schweppes ginger ale 269ml,A2,1875.0
25101,2024-01-30,tonica schweppes 300ml x 4 unds,A2,8775.0
25513,2024-01-31,gaseosa schweppes ginger ale 269ml,A2,2500.0
25555,2024-01-31,tonica schweppes 300ml x 4 unds,A2,11700.0
25961,2024-02-01,gaseosa schweppes ginger ale 269ml,A2,2500.0
26003,2024-02-01,tonica schweppes 300ml x 4 unds,A2,11700.0
26415,2024-02-02,gaseosa schweppes ginger ale 269ml,A2,2500.0
26457,2024-02-02,tonica schweppes 300ml x 4 unds,A2,11700.0
26865,2024-02-03,gaseosa schweppes ginger ale 269ml,A2,2500.0
26904,2024-02-03,tonica schweppes 300ml x 4 unds,A2,11700.0
27314,2024-02-04,gaseosa schweppes ginger ale 269ml,A2,2500.0
27357,2024-02-04,tonica schweppes 300ml x 4 unds,A2,11700.0
27765,2024-02-06,gaseosa schweppes ginger ale 269ml,A2,2500.0
27804,2024-02-06,tonica schweppes 300ml x 4 unds,A2,11700.0
28216,2024-02-07,gaseosa schweppes ginger ale 269ml,A2,2500.0
28261,2024-02-07,tonica schweppes 300ml x 4 unds,A2,11700.0
28673,2024-02-08,gaseosa schweppes ginger ale 269ml,A2,2500.0
28714,2024-02-08,tonica schweppes 300ml x 4 unds,A2,11700.0
29124,2024-02-09,gaseosa schweppes ginger ale 269ml,A2,2500.0
29170,2024-02-09,tonica schweppes 300ml x 4 unds,A2,11700.0
29723,2024-02-11,gaseosa schweppes ginger ale 269ml,A2,2500.0
29768,2024-02-11,tonica schweppes 300ml x 4 unds,A2,11700.0
30175,2024-02-12,gaseosa schweppes ginger ale 269ml,A2,2500.0
30219,2024-02-12,tonica schweppes 300ml x 4 unds,A2,11700.0
30626,2024-02-13,gaseosa schweppes ginger ale 269ml,A2,2000.0
30670,2024-02-13,tonica schweppes 300ml x 4 unds,A2,9360.0
31072,2024-02-14,gaseosa schweppes ginger ale 269ml,A2,1625.0
31117,2024-02-14,tonica schweppes 300ml x 4 unds,A2,7605.0
31523,2024-02-15,gaseosa schweppes ginger ale 269ml,A2,1625.0
31566,2024-02-15,tonica schweppes 300ml x 4 unds,A2,7605.0
31972,2024-02-16,gaseosa schweppes ginger ale 269ml,A2,1625.0
32016,2024-02-16,tonica schweppes 300ml x 4 unds,A2,7605.0
32422,2024-02-17,gaseosa schweppes ginger ale 269ml,A2,1625.0
32464,2024-02-17,tonica schweppes 300ml x 4 unds,A2,7605.0
32865,2024-02-18,gaseosa schweppes ginger ale 269ml,A2,1625.0
32907,2024-02-18,tonica schweppes 300ml x 4 unds,A2,7605.0
33306,2024-02-19,gaseosa schweppes ginger ale 269ml,A2,2500.0
33348,2024-02-19,tonica schweppes 300ml x 4 unds,A2,11700.0
33751,2024-02-20,gaseosa schweppes ginger ale 269ml,A2,2500.0
33794,2024-02-20,tonica schweppes 300ml x 4 unds,A2,11700.0
34202,2024-02-21,gaseosa schweppes ginger ale 269ml,A2,2500.0
34247,2024-02-21,tonica schweppes 300ml x 4 unds,A2,11700.0
34651,2024-02-22,gaseosa schweppes ginger ale 269ml,A2,2500.0
34694,2024-02-22,tonica schweppes 300ml x 4 unds,A2,11700.0
35099,2024-02-23,gaseosa schweppes ginger ale 269ml,A2,2500.0
35141,2024-02-23,tonica schweppes 300ml x 4 unds,A2,11700.0
35544,2024-02-24,gaseosa schweppes ginger ale 269ml,A2,2500.0
35586,2024-02-24,tonica schweppes 300ml x 4 unds,A2,11700.0
35993,2024-02-25,gaseosa schweppes ginger ale 269ml,A2,2500.0
36035,2024-02-25,tonica schweppes 300ml x 4 unds,A2,11700.0
36445,2024-02-26,gaseosa schweppes ginger ale 269ml,A2,2500.0
36489,2024-02-26,tonica schweppes 300ml x 4 unds,A2,11700.0
36889,2024-02-27,gaseosa schweppes ginger ale 269ml,A2,2500.0
36931,2024-02-27,tonica schweppes 300ml x 4 unds,A2,11700.0
37334,2024-02-28,gaseosa schweppes ginger ale 269ml,A2,2500.0
37376,2024-02-28,tonica schweppes 300ml x 4 unds,A2,11700.0
37776,2024-02-29,gaseosa schweppes ginger ale 269ml,A2,2500.0
37818,2024-02-29,tonica schweppes 300ml x 4 unds,A2,11700.0
38219,2024-03-01,gaseosa schweppes ginger ale 269ml,A2,2500.0
38259,2024-03-01,tonica schweppes 300ml x 4 unds,A2,11700.0
38661,2024-03-02,gaseosa schweppes ginger ale 269ml,A2,2500.0
38704,2024-03-02,tonica schweppes 300ml x 4 unds,A2,7605.0
39096,2024-03-03,gaseosa schweppes ginger ale 269ml,A2,2500.0
39133,2024-03-03,tonica schweppes 300ml x 4 unds,A2,7605.0
39538,2024-03-04,gaseosa schweppes ginger ale 269ml,A2,2500.0
39582,2024-03-04,tonica schweppes 300ml x 4 unds,A2,7605.0
39975,2024-03-05,gaseosa schweppes ginger ale 269ml,A2,2500.0
40013,2024-03-05,tonica schweppes 300ml x 4 unds,A2,7605.0
40413,2024-03-06,gaseosa schweppes ginger ale 269ml,A2,2500.0
40455,2024-03-06,tonica schweppes 300ml x 4 unds,A2,11700.0
40858,2024-03-07,gaseosa schweppes ginger ale 269ml,A2,2500.0
40898,2024-03-07,tonica schweppes 300ml x 4 unds,A2,11700.0
41301,2024-03-08,gaseosa schweppes ginger ale 269ml,A2,2500.0
41344,2024-03-08,tonica schweppes 300ml x 4 unds,A2,8190.0
41747,2024-03-09,gaseosa schweppes ginger ale 269ml,A2,2500.0
41788,2024-03-09,tonica schweppes 300ml x 4 unds,A2,8190.0
42186,2024-03-10,gaseosa schweppes ginger ale 269ml,A2,2500.0
42228,2024-03-10,tonica schweppes 300ml x 4 unds,A2,8190.0
42631,2024-03-11,gaseosa schweppes ginger ale 269ml,A2,2500.0
42674,2024-03-11,tonica schweppes 300ml x 4 unds,A2,11700.0
43074,2024-03-12,gaseosa schweppes ginger ale 269ml,A2,1750.0
43116,2024-03-12,tonica schweppes 300ml x 4 unds,A2,8190.0
43519,2024-03-14,gaseosa schweppes ginger ale 269ml,A2,2500.0
43563,2024-03-14,tonica schweppes 300ml x 4 unds,A2,11700.0
43965,2024-03-15,gaseosa schweppes ginger ale 269ml,A2,2500.0
44009,2024-03-15,tonica schweppes 300ml x 4 unds,A2,11700.0
44397,2024-03-16,gaseosa schweppes ginger ale 269ml,A2,2500.0
44437,2024-03-16,tonica schweppes 300ml x 4 unds,A2,11700.0
44826,2024-03-17,gaseosa schweppes ginger ale 269ml,A2,2500.0
44865,2024-03-17,tonica schweppes 300ml x 4 unds,A2,11700.0
45266,2024-03-18,gaseosa schweppes ginger ale 269ml,A2,2500.0
45310,2024-03-18,tonica schweppes 300ml x 4 unds,A2,11700.0
45321,2024-03-19,4 dispensadores de agua electrico para botellon recargable,A2,417900.0
45746,2024-03-19,aromatica jaibel herbales frutos surtido 90 g,A2,27990.0
46071,2024-03-19,bebida natures heart almendras sin azucar 946 ml,A2,13300.0
46331,2024-03-19,cepillos dentales oralb indicator color collection 4 unds,A2,27300.0
46607,2024-03-19,cuchilla para licuadora black decker fusion acero bl165005la,A2,56900.0
46886,2024-03-19,gaseosa schweppes ginger ale 269ml,A2,2500.0
46917,2024-03-19,ginebra hendricks escape 750ml,A2,236900.0
47053,2024-03-19,jugo del valle frutal mango 500ml,A2,3100.0
47146,2024-03-19,lampara de techo ikelite 1 luz rojo e27 60 w,A2,46900.0
47178,2024-03-19,leche colanta deslactosada 11 lt,A2,5400.0
47999,2024-03-19,refresco frutino mango 2 lt,A2,800.0
48387,2024-03-19,te negro fuze tea durazno 400ml,A2,2750.0
48431,2024-03-19,teclado inalambrico star tec stkb689,A2,42900.0
48511,2024-03-19,tonica schweppes 300ml x 4 unds,A2,11700.0
48601,2024-03-19,vino baron philippe rot chardonnay 750 ml,A2,45640.0
48699,2024-03-19,vino blanco santa rita 120 chardonnay 750 ml,A2,71400.0
48876,2024-03-19,vino santiago 1541 brut espuma 750 ml,A2,43452.0
48960,2024-03-19,vino tinto dada 3 cabernet sauvignon syrah 750 ml,A2,72700.0
49029,2024-03-19,vino tinto libertador moscatel 750 ml,A2,16000.0
49058,2024-03-19,vino tinto polero cabernet sauvignon 750 ml,A2,35800.0
49098,2024-03-19,vino tinto santa rita 3 medallas merlot 750 ml,A2,50500.0
49177,2024-03-19,waflera black decker 800 w 4 puestos negro wm1000b,A2,229900.0
49340,2024-03-19,yogurt alpina finesse melocoton 1000 g,A2,15500.0
49378,2024-03-19,yogurt alpinito petit suisse melocoton 45 g x4 unds,A2,5800.0
49439,2024-03-19,yogurt griego snack fit me x150 ml,A2,8900.0
49570,2024-03-20,4 dispensadores de agua electrico para botellon recargable,A2,417900.0
49993,2024-03-20,aromatica jaibel herbales frutos surtido 90 g,A2,27990.0
50314,2024-03-20,bebida natures heart almendras sin azucar 946 ml,A2,13300.0
50571,2024-03-20,cepillos dentales oralb indicator color collection 4 unds,A2,27300.0
50845,2024-03-20,cuchilla para licuadora black decker fusion acero bl165005la,A2,56900.0
51123,2024-03-20,gaseosa schweppes ginger ale 269ml,A2,2500.0
51154,2024-03-20,ginebra hendricks escape 750ml,A2,189520.0
51288,2024-03-20,jugo del valle frutal mango 500ml,A2,3100.0
51379,2024-03-20,lampara de techo ikelite 1 luz rojo e27 60 w,A2,46900.0
51411,2024-03-20,leche colanta deslactosada 11 lt,A2,5400.0
52224,2024-03-20,refresco frutino mango 2 lt,A2,800.0
52607,2024-03-20,te negro fuze tea durazno 400ml,A2,2750.0
52650,2024-03-20,teclado inalambrico star tec stkb689,A2,42900.0
52732,2024-03-20,tonica schweppes 300ml x 4 unds,A2,11700.0
52823,2024-03-20,vino baron philippe rot chardonnay 750 ml,A2,45640.0
52915,2024-03-20,vino blanco santa rita 120 chardonnay 750 ml,A2,71400.0
53085,2024-03-20,vino santiago 1541 brut espuma 750 ml,A2,43452.0
53165,2024-03-20,vino tinto dada 3 cabernet sauvignon syrah 750 ml,A2,72700.0
53231,2024-03-20,vino tinto libertador moscatel 750 ml,A2,16000.0
53262,2024-03-20,vino tinto polero cabernet sauvignon 750 ml,A2,35800.0
53298,2024-03-20,vino tinto santa rita 3 medallas merlot 750 ml,A2,50500.0
53378,2024-03-20,waflera black decker 800 w 4 puestos negro wm1000b,A2,229900.0
53532,2024-03-20,yogurt alpina finesse melocoton 1000 g,A2,15500.0
53561,2024-03-20,yogurt alpinito petit suisse melocoton 45 g x4 unds,A2,5800.0
53614,2024-03-20,yogurt griego snack fit me x150 ml,A2,8900.0
53719,2024-03-21,4 dispensadores de agua electrico para botellon recargable,A2,417900.0
54075,2024-03-21,aromatica jaibel herbales frutos surtido 90 g,A2,27990.0
54335,2024-03-21,bebida natures heart almendras sin azucar 946 ml,A2,13300.0
54778,2024-03-21,cuchilla para licuadora black decker fusion acero bl165005la,A2,56900.0
55031,2024-03-21,gaseosa schweppes ginger ale 269ml,A2,2500.0
55057,2024-03-21,ginebra hendricks escape 750ml,A2,236900.0
55170,2024-03-21,jugo del valle frutal mango 500ml,A2,3100.0
55258,2024-03-21,lampara de techo ikelite 1 luz rojo e27 60 w,A2,46900.0
55284,2024-03-21,leche colanta deslactosada 11 lt,A2,5400.0
56290,2024-03-21,teclado inalambrico star tec stkb689,A2,42900.0
56358,2024-03-21,tonica schweppes 300ml x 4 unds,A2,11700.0
56434,2024-03-21,vino baron philippe rot chardonnay 750 ml,A2,45640.0
56514,2024-03-21,vino blanco santa rita 120 chardonnay 750 ml,A2,71400.0
56662,2024-03-21,vino santiago 1541 brut espuma 750 ml,A2,43452.0
56729,2024-03-21,vino tinto dada 3 cabernet sauvignon syrah 750 ml,A2,72700.0
56788,2024-03-21,vino tinto libertador moscatel 750 ml,A2,16000.0
56809,2024-03-21,vino tinto polero cabernet sauvignon 750 ml,A2,35800.0
56838,2024-03-21,vino tinto santa rita 3 medallas merlot 750 ml,A2,50500.0
56909,2024-03-21,waflera black decker 800 w 4 puestos negro wm1000b,A2,229900.0
57056,2024-03-21,yogurt alpina finesse melocoton 1000 g,A2,15500.0
57086,2024-03-21,yogurt alpinito petit suisse melocoton 45 g x4 unds,A2,5800.0
57139,2024-03-21,yogurt griego snack fit me x150 ml,A2,8900.0
57244,2024-03-22,4 dispensadores de agua electrico para botellon recargable,A2,417900.0
57652,2024-03-22,aromatica jaibel herbales frutos surtido 90 g,A2,27990.0
58062,2024-03-22,bebida natures heart almendras sin azucar 946 ml,A2,13300.0
58103,2024-03-22,bebida tosh cacao y almendra sin azucar 1 l,A2,17277.0
58258,2024-03-22,caramelo bianchi mini mani chocolate blanco 65 g,A2,1990.0
58373,2024-03-22,cepillos dentales oralb indicator color collection 4 unds,A2,27300.0
58444,2024-03-22,cereal kellogg s allbran 400g,A2,21300.0
58776,2024-03-22,cplmto dentalife purina perro med 119g,A2,23550.0
59177,2024-03-22,galleta tosh fusion cereal fit 388g,A2,10450.0
59185,2024-03-22,galleta tosh tipo sandwich vainilla 144 g,A2,9500.0
59247,2024-03-22,galletas matinas vainilla 225g,A2,5150.0
59407,2024-03-22,gaseosa schweppes ginger ale 269ml,A2,2500.0
59476,2024-03-22,ginebra hendricks escape 750ml,A2,236900.0
59620,2024-03-22,jamon pietran de cerdo sin conservantes 431 g,A2,21400.0
60151,2024-03-22,marisco camaron antillana artesanal 500 g,A2,33200.0
60202,2024-03-22,mezc frutino polv gelat ligth lm 11g,A2,2500.0
60445,2024-03-22,pasaboca kibo chips de lentejas sal marina 28 g x4 unds,A2,12950.0
60581,2024-03-22,pez filete de salmon pesco 300 g,A2,27600.0
60697,2024-03-22,pollo muslo fresco con piel acondesa kg,A2,11500.0
60976,2024-03-22,refresco frutino mango 2 lt,A2,800.0
61082,2024-03-22,res espaldillacascaracarne para desmechar tradicional,A2,14790.0
61088,2024-03-22,res lomo barcino redondotapa lomo tradicional,A2,12790.0
61196,2024-03-22,salsa fruco de soya 154 ml,A2,7100.0
61468,2024-03-22,teclado inalambrico star tec stkb689,A2,42900.0
61547,2024-03-22,tonica schweppes 300ml x 4 unds,A2,11700.0
61659,2024-03-22,vino baron philippe rot chardonnay 750 ml,A2,45640.0
61741,2024-03-22,vino blanco santa rita 120 chardonnay 750 ml,A2,71400.0
61896,2024-03-22,vino santiago 1541 brut espuma 750 ml,A2,43452.0
61969,2024-03-22,vino tinto dada 3 cabernet sauvignon syrah 750 ml,A2,72700.0
62027,2024-03-22,vino tinto libertador moscatel 750 ml,A2,16000.0
62083,2024-03-22,vino tinto santa rita 3 medallas merlot 750 ml,A2,50500.0
62157,2024-03-22,waflera black decker 800 w 4 puestos negro wm1000b,A2,229900.0
62309,2024-03-22,yogurt alpina finesse melocoton 1000 g,A2,15500.0
62341,2024-03-22,yogurt alpinito petit suisse melocoton 45 g x4 unds,A2,5800.0
62398,2024-03-22,yogurt griego snack fit me x150 ml,A2,8900.0
62512,2024-03-23,4 dispensadores de agua electrico para botellon recargable,A2,417900.0
62519,2024-03-23,achiras mauka sabor original ecopack 100 g,A2,11700.0
62958,2024-03-23,aromatica jaibel herbales frutos surtido 90 g,A2,27990.0
63372,2024-03-23,bebida natures heart almendras sin azucar 946 ml,A2,13300.0
63409,2024-03-23,bebida tosh cacao y almendra sin azucar 1 l,A2,17277.0
63682,2024-03-23,cepillos dentales oralb indicator color collection 4 unds,A2,27300.0
63753,2024-03-23,cereal kellogg s allbran 400g,A2,21300.0
64098,2024-03-23,cplmto dentalife purina perro med 119g,A2,23550.0
64151,2024-03-23,cuchilla para licuadora black decker fusion acero bl165005la,A2,56900.0
64503,2024-03-23,galleta tosh fusion cereal fit 388g,A2,10450.0
64511,2024-03-23,galleta tosh tipo sandwich vainilla 144 g,A2,9500.0
64571,2024-03-23,galletas matinas vainilla 225g,A2,5150.0
64734,2024-03-23,gaseosa schweppes ginger ale 269ml,A2,2200.0
64803,2024-03-23,ginebra hendricks escape 750ml,A2,236900.0
64971,2024-03-23,jamon pietran de cerdo sin conservantes 431 g,A2,21400.0
65164,2024-03-23,lampara de techo ikelite 1 luz rojo e27 60 w,A2,46900.0
65190,2024-03-23,leche colanta deslactosada 11 lt,A2,5400.0
65489,2024-03-23,marisco camaron antillana artesanal 500 g,A2,41500.0
65769,2024-03-23,pasaboca kibo chips de lentejas sal marina 28 g x4 unds,A2,12950.0
65901,2024-03-23,pez filete de salmon pesco 300 g,A2,34500.0
66011,2024-03-23,pollo muslo fresco con piel acondesa kg,A2,11500.0
66308,2024-03-23,refresco frutino mango 2 lt,A2,800.0
66415,2024-03-23,res espaldillacascaracarne para desmechar tradicional,A2,14790.0
66420,2024-03-23,res lomo barcino redondotapa lomo tradicional,A2,12790.0
66818,2024-03-23,te negro fuze tea durazno 400ml,A2,2750.0
66934,2024-03-23,tonica schweppes 300ml x 4 unds,A2,11700.0
67124,2024-03-23,vino blanco santa rita 120 chardonnay 750 ml,A2,71400.0
67272,2024-03-23,vino santiago 1541 brut espuma 750 ml,A2,43452.0
67338,2024-03-23,vino tinto dada 3 cabernet sauvignon syrah 750 ml,A2,72700.0
67404,2024-03-23,vino tinto libertador moscatel 750 ml,A2,16000.0
67537,2024-03-23,waflera black decker 800 w 4 puestos negro wm1000b,A2,229900.0
67688,2024-03-23,yogurt alpina finesse melocoton 1000 g,A2,15500.0
67723,2024-03-23,yogurt alpinito petit suisse melocoton 45 g x4 unds,A2,5800.0
67772,2024-03-23,yogurt griego snack fit me x150 ml,A2,8900.0
67876,2024-03-24,4 dispensadores de agua electrico para botellon recargable,A2,417900.0
67881,2024-03-24,achiras mauka sabor original ecopack 100 g,A2,11700.0
68255,2024-03-24,aromatica jaibel herbales frutos surtido 90 g,A2,27990.0
68640,2024-03-24,bebida natures heart almendras sin azucar 946 ml,A2,13300.0
68800,2024-03-24,caramelo bianchi mini mani chocolate blanco 65 g,A2,1990.0
68896,2024-03-24,cereal kellogg s allbran 400g,A2,21300.0
69585,2024-03-24,galleta tosh tipo sandwich vainilla 144 g,A2,9500.0
69639,2024-03-24,galletas matinas vainilla 225g,A2,5150.0
69802,2024-03-24,gaseosa schweppes ginger ale 269ml,A2,2200.0
69873,2024-03-24,ginebra hendricks escape 750ml,A2,236900.0
70021,2024-03-24,jamon pietran de cerdo sin conservantes 431 g,A2,21400.0
70215,2024-03-24,leche colanta deslactosada 11 lt,A2,5400.0
70478,2024-03-24,marisco camaron antillana artesanal 500 g,A2,41500.0
70517,2024-03-24,mezc frutino polv gelat ligth lm 11g,A2,2500.0
70717,2024-03-24,pasaboca kibo chips de lentejas sal marina 28 g x4 unds,A2,12950.0
70828,2024-03-24,pez filete de salmon pesco 300 g,A2,34500.0
70923,2024-03-24,pollo muslo fresco con piel acondesa kg,A2,11500.0
71180,2024-03-24,refresco frutino mango 2 lt,A2,800.0
71284,2024-03-24,res espaldillacascaracarne para desmechar tradicional,A2,14790.0
71427,2024-03-24,salsa fruco de soya 154 ml,A2,7100.0
71759,2024-03-24,tonica schweppes 300ml x 4 unds,A2,11700.0
71833,2024-03-24,vino baron philippe rot chardonnay 750 ml,A2,45640.0
71921,2024-03-24,vino blanco santa rita 120 chardonnay 750 ml,A2,71400.0
72234,2024-03-24,vino tinto polero cabernet sauvignon 750 ml,A2,35800.0
72265,2024-03-24,vino tinto santa rita 3 medallas merlot 750 ml,A2,50500.0
72488,2024-03-24,yogurt alpina finesse melocoton 1000 g,A2,15500.0
72519,2024-03-24,yogurt alpinito petit suisse melocoton 45 g x4 unds,A2,5800.0
72567,2024-03-24,yogurt griego snack fit me x150 ml,A2,8900.0
72676,2024-03-26,4 dispensadores de agua electrico para botellon recargable,A2,417900.0
72681,2024-03-26,achiras mauka sabor original ecopack 100 g,A2,11700.0
73467,2024-03-26,bebida natures heart almendras sin azucar 946 ml,A2,13300.0
73509,2024-03-26,bebida tosh cacao y almendra sin azucar 1 l,A2,17277.0
73649,2024-03-26,caramelo bianchi mini mani chocolate blanco 65 g,A2,1990.0
74165,2024-03-26,cplmto dentalife purina perro med 119g,A2,23550.0
74556,2024-03-26,galleta tosh fusion cereal fit 388g,A2,10450.0
74563,2024-03-26,galleta tosh tipo sandwich vainilla 144 g,A2,9500.0
74788,2024-03-26,gaseosa schweppes ginger ale 269ml,A2,2200.0
74864,2024-03-26,ginebra hendricks escape 750ml,A2,236900.0
75016,2024-03-26,jamon pietran de cerdo sin conservantes 431 g,A2,21400.0
75200,2024-03-26,lampara de techo ikelite 1 luz rojo e27 60 w,A2,46900.0
75223,2024-03-26,leche colanta deslactosada 11 lt,A2,5400.0
75584,2024-03-26,mezc frutino polv gelat ligth lm 11g,A2,2500.0
75937,2024-03-26,pez filete de salmon pesco 300 g,A2,27600.0
76045,2024-03-26,pollo muslo fresco con piel acondesa kg,A2,11500.0
76347,2024-03-26,refresco frutino mango 2 lt,A2,800.0
76464,2024-03-26,res espaldillacascaracarne para desmechar tradicional,A2,14790.0
76471,2024-03-26,res lomo barcino redondotapa lomo tradicional,A2,12790.0
76612,2024-03-26,salsa fruco de soya 154 ml,A2,6550.0
76965,2024-03-26,tonica schweppes 300ml x 4 unds,A2,11700.0
77073,2024-03-26,vino baron philippe rot chardonnay 750 ml,A2,45640.0
77158,2024-03-26,vino blanco santa rita 120 chardonnay 750 ml,A2,71400.0
77311,2024-03-26,vino santiago 1541 brut espuma 750 ml,A2,43452.0
77380,2024-03-26,vino tinto dada 3 cabernet sauvignon syrah 750 ml,A2,72700.0
77443,2024-03-26,vino tinto libertador moscatel 750 ml,A2,16000.0
77497,2024-03-26,vino tinto santa rita 3 medallas merlot 750 ml,A2,50500.0
77575,2024-03-26,waflera black decker 800 w 4 puestos negro wm1000b,A2,229900.0
77727,2024-03-26,yogurt alpina finesse melocoton 1000 g,A2,15500.0
77764,2024-03-26,yogurt alpinito petit suisse melocoton 45 g x4 unds,A2,4640.0
77821,2024-03-26,yogurt griego snack fit me x150 ml,A2,8900.0
77930,2024-03-27,4 dispensadores de agua electrico para botellon recargable,A2,417900.0
77935,2024-03-27,achiras mauka sabor original ecopack 100 g,A2,11700.0
78351,2024-03-27,aromatica jaibel herbales frutos surtido 90 g,A2,27990.0
78748,2024-03-27,bebida natures heart almendras sin azucar 946 ml,A2,13300.0
78791,2024-03-27,bebida tosh cacao y almendra sin azucar 1 l,A2,17277.0
78937,2024-03-27,caramelo bianchi mini mani chocolate blanco 65 g,A2,1990.0
79122,2024-03-27,cereal kellogg s allbran 400g,A2,21300.0
79459,2024-03-27,cplmto dentalife purina perro med 119g,A2,23550.0
79869,2024-03-27,galleta tosh fusion cereal fit 388g,A2,10450.0
79877,2024-03-27,galleta tosh tipo sandwich vainilla 144 g,A2,9500.0
79933,2024-03-27,galletas matinas vainilla 225g,A2,5150.0
80100,2024-03-27,gaseosa schweppes ginger ale 269ml,A2,2200.0
80178,2024-03-27,ginebra hendricks escape 750ml,A2,236900.0
80341,2024-03-27,jamon pietran de cerdo sin conservantes 431 g,A2,21400.0
80501,2024-03-27,lampara de techo ikelite 1 luz rojo e27 60 w,A2,46900.0
80852,2024-03-27,marisco camaron antillana artesanal 500 g,A2,41500.0
80900,2024-03-27,mezc frutino polv gelat ligth lm 11g,A2,2500.0
81143,2024-03-27,pasaboca kibo chips de lentejas sal marina 28 g x4 unds,A2,12950.0
81268,2024-03-27,pez filete de salmon pesco 300 g,A2,27600.0
81381,2024-03-27,pollo muslo fresco con piel acondesa kg,A2,11500.0
81662,2024-03-27,refresco frutino mango 2 lt,A2,800.0
81776,2024-03-27,res espaldillacascaracarne para desmechar tradicional,A2,14790.0
81778,2024-03-27,res goulashtrocito a2 bandeja x kg,A2,32087.0
81782,2024-03-27,res lomo barcino redondotapa lomo tradicional,A2,12790.0
81912,2024-03-27,salsa fruco de soya 154 ml,A2,4912.0
82005,2024-03-27,sopa cup noodles carne 68g,A2,7200.0
82271,2024-03-27,tonica schweppes 300ml x 4 unds,A2,11700.0
82361,2024-03-27,vino baron philippe rot chardonnay 750 ml,A2,45640.0
82441,2024-03-27,vino blanco santa rita 120 chardonnay 750 ml,A2,71400.0
82590,2024-03-27,vino santiago 1541 brut espuma 750 ml,A2,43452.0
82660,2024-03-27,vino tinto dada 3 cabernet sauvignon syrah 750 ml,A2,72700.0
82719,2024-03-27,vino tinto libertador moscatel 750 ml,A2,16000.0
82780,2024-03-27,vino tinto santa rita 3 medallas merlot 750 ml,A2,50500.0
83007,2024-03-27,yogurt alpina finesse melocoton 1000 g,A2,15500.0
83038,2024-03-27,yogurt alpinito petit suisse melocoton 45 g x4 unds,A2,5700.0
83087,2024-03-27,yogurt griego snack fit me x150 ml,A2,8900.0
83190,2024-03-28,4 dispensadores de agua electrico para botellon recargable,A2,417900.0
83197,2024-03-28,achiras mauka sabor original ecopack 100 g,A2,11700.0
83982,2024-03-28,bebida natures heart almendras sin azucar 946 ml,A2,13300.0
84016,2024-03-28,bebida tosh cacao y almendra sin azucar 1 l,A2,17277.0
84276,2024-03-28,cepillos dentales oralb indicator color collection 4 unds,A2,27300.0
84359,2024-03-28,cereal kellogg s allbran 400g,A2,21300.0
84688,2024-03-28,cplmto dentalife purina perro med 119g,A2,23550.0
84732,2024-03-28,cuchilla para licuadora black decker fusion acero bl165005la,A2,56900.0
85068,2024-03-28,galleta tosh fusion cereal fit 388g,A2,10450.0
85077,2024-03-28,galleta tosh tipo sandwich vainilla 144 g,A2,9500.0
85140,2024-03-28,galletas matinas vainilla 225g,A2,5150.0
85294,2024-03-28,gaseosa schweppes ginger ale 269ml,A2,2200.0
85359,2024-03-28,ginebra hendricks escape 750ml,A2,236900.0
85709,2024-03-28,lampara de techo ikelite 1 luz rojo e27 60 w,A2,46900.0
85733,2024-03-28,leche colanta deslactosada 11 lt,A2,5400.0
86047,2024-03-28,marisco camaron antillana artesanal 500 g,A2,41500.0
86319,2024-03-28,pasaboca kibo chips de lentejas sal marina 28 g x4 unds,A2,12950.0
86454,2024-03-28,pez filete de salmon pesco 300 g,A2,34500.0
86553,2024-03-28,pollo muslo fresco con piel acondesa kg,A2,11500.0
86852,2024-03-28,refresco frutino mango 2 lt,A2,800.0
86951,2024-03-28,res espaldillacascaracarne para desmechar tradicional,A2,14790.0
86954,2024-03-28,res goulashtrocito a2 bandeja x kg,A2,37750.0
86958,2024-03-28,res lomo barcino redondotapa lomo tradicional,A2,12790.0
87359,2024-03-28,te negro fuze tea durazno 400ml,A2,2750.0
87390,2024-03-28,teclado inalambrico star tec stkb689,A2,42900.0
87552,2024-03-28,vino baron philippe rot chardonnay 750 ml,A2,45640.0
87633,2024-03-28,vino blanco santa rita 120 chardonnay 750 ml,A2,71400.0
87792,2024-03-28,vino santiago 1541 brut espuma 750 ml,A2,43452.0
87860,2024-03-28,vino tinto dada 3 cabernet sauvignon syrah 750 ml,A2,72700.0
87915,2024-03-28,vino tinto libertador moscatel 750 ml,A2,16000.0
87940,2024-03-28,vino tinto polero cabernet sauvignon 750 ml,A2,35800.0
87977,2024-03-28,vino tinto santa rita 3 medallas merlot 750 ml,A2,50500.0
88193,2024-03-28,yogurt alpina finesse melocoton 1000 g,A2,15500.0
88280,2024-03-28,yogurt griego snack fit me x150 ml,A2,8900.0
88398,2024-03-29,achiras mauka sabor original ecopack 100 g,A2,11700.0
89165,2024-03-29,bebida natures heart almendras sin azucar 946 ml,A2,13300.0
89208,2024-03-29,bebida tosh cacao y almendra sin azucar 1 l,A2,17277.0
89359,2024-03-29,caramelo bianchi mini mani chocolate blanco 65 g,A2,1990.0
89497,2024-03-29,cereal kellogg s allbran 400g,A2,21300.0
89800,2024-03-29,cplmto dentalife purina perro med 119g,A2,23550.0
90188,2024-03-29,galleta tosh fusion cereal fit 388g,A2,10450.0
90196,2024-03-29,galleta tosh tipo sandwich vainilla 144 g,A2,9500.0
90250,2024-03-29,galletas matinas vainilla 225g,A2,5150.0
90408,2024-03-29,gaseosa schweppes ginger ale 269ml,A2,2200.0
90484,2024-03-29,ginebra hendricks escape 750ml,A2,236900.0
90622,2024-03-29,jamon pietran de cerdo sin conservantes 431 g,A2,21400.0
90676,2024-03-29,jugo del valle frutal mango 500ml,A2,2170.0
90822,2024-03-29,leche colanta deslactosada 11 lt,A2,5400.0
91129,2024-03-29,mezc frutino polv gelat ligth lm 11g,A2,2500.0
91454,2024-03-29,pez filete de salmon pesco 300 g,A2,27600.0
91833,2024-03-29,refresco frutino mango 2 lt,A2,800.0
91941,2024-03-29,res espaldillacascaracarne para desmechar tradicional,A2,14790.0
91944,2024-03-29,res lomo barcino redondotapa lomo tradicional,A2,12790.0
92163,2024-03-29,sopa cup noodles carne 68g,A2,7200.0
92413,2024-03-29,tonica schweppes 300ml x 4 unds,A2,11700.0
92471,2024-03-29,vino baron philippe rot chardonnay 750 ml,A2,45640.0
92555,2024-03-29,vino blanco santa rita 120 chardonnay 750 ml,A2,71400.0
92719,2024-03-29,vino santiago 1541 brut espuma 750 ml,A2,43452.0
92793,2024-03-29,vino tinto dada 3 cabernet sauvignon syrah 750 ml,A2,72700.0
92849,2024-03-29,vino tinto libertador moscatel 750 ml,A2,16000.0
92874,2024-03-29,vino tinto polero cabernet sauvignon 750 ml,A2,35800.0
92911,2024-03-29,vino tinto santa rita 3 medallas merlot 750 ml,A2,50500.0
93134,2024-03-29,yogurt alpina finesse melocoton 1000 g,A2,15500.0
93215,2024-03-29,yogurt griego snack fit me x150 ml,A2,8900.0
93327,2024-03-30,4 dispensadores de agua electrico para botellon recargable,A2,417900.0
93744,2024-03-30,aromatica jaibel herbales frutos surtido 90 g,A2,18193.0
94147,2024-03-30,bebida natures heart almendras sin azucar 946 ml,A2,13300.0
94352,2024-03-30,caramelo bianchi mini mani chocolate blanco 65 g,A2,1990.0
94515,2024-03-30,cereal kellogg s allbran 400g,A2,13845.0
94850,2024-03-30,cplmto dentalife purina perro med 119g,A2,23550.0
94895,2024-03-30,cuchilla para licuadora black decker fusion acero bl165005la,A2,56900.0
95229,2024-03-30,galleta tosh fusion cereal fit 388g,A2,10450.0
95293,2024-03-30,galletas matinas vainilla 225g,A2,5150.0
95462,2024-03-30,gaseosa schweppes ginger ale 269ml,A2,2200.0
95530,2024-03-30,ginebra hendricks escape 750ml,A2,236900.0
95748,2024-03-30,jugo del valle frutal mango 500ml,A2,2170.0
95881,2024-03-30,lampara de techo ikelite 1 luz rojo e27 60 w,A2,46900.0
95906,2024-03-30,leche colanta deslactosada 11 lt,A2,5400.0
96477,2024-03-30,pasaboca kibo chips de lentejas sal marina 28 g x4 unds,A2,12950.0
96605,2024-03-30,pez filete de salmon pesco 300 g,A2,34500.0
96702,2024-03-30,pollo muslo fresco con piel acondesa kg,A2,11500.0
96996,2024-03-30,refresco frutino mango 2 lt,A2,800.0
97358,2024-03-30,sopa cup noodles carne 68g,A2,7200.0
97516,2024-03-30,te negro fuze tea durazno 400ml,A2,2750.0
97550,2024-03-30,teclado inalambrico star tec stkb689,A2,42900.0
97624,2024-03-30,tonica schweppes 300ml x 4 unds,A2,11700.0
97722,2024-03-30,vino baron philippe rot chardonnay 750 ml,A2,45640.0
97806,2024-03-30,vino blanco santa rita 120 chardonnay 750 ml,A2,71400.0
98029,2024-03-30,vino tinto dada 3 cabernet sauvignon syrah 750 ml,A2,72700.0
98116,2024-03-30,vino tinto polero cabernet sauvignon 750 ml,A2,35800.0
98150,2024-03-30,vino tinto santa rita 3 medallas merlot 750 ml,A2,50500.0
98221,2024-03-30,waflera black decker 800 w 4 puestos negro wm1000b,A2,229900.0
98375,2024-03-30,yogurt alpina finesse melocoton 1000 g,A2,15500.0
98458,2024-03-30,yogurt griego snack fit me x150 ml,A2,8900.0
98561,2024-04-01,4 dispensadores de agua electrico para botellon recargable,A2,417900.0
98568,2024-04-01,achiras mauka sabor original ecopack 100 g,A2,11700.0
98962,2024-04-01,aromatica jaibel herbales frutos surtido 90 g,A2,27990.0
99374,2024-04-01,bebida natures heart almendras sin azucar 946 ml,A2,13300.0
99417,2024-04-01,bebida tosh cacao y almendra sin azucar 1 l,A2,17277.0
99587,2024-04-01,caramelo bianchi mini mani chocolate blanco 65 g,A2,1990.0
99756,2024-04-01,cereal kellogg s allbran 400g,A2,21300.0
100094,2024-04-01,cplmto dentalife purina perro med 119g,A2,23550.0
100480,2024-04-01,galleta tosh fusion cereal fit 388g,A2,10450.0
100488,2024-04-01,galleta tosh tipo sandwich vainilla 144 g,A2,9500.0
100713,2024-04-01,gaseosa schweppes ginger ale 269ml,A2,2200.0
100792,2024-04-01,ginebra hendricks escape 750ml,A2,236900.0
101007,2024-04-01,jugo del valle frutal mango 500ml,A2,3100.0
101129,2024-04-01,lampara de techo ikelite 1 luz rojo e27 60 w,A2,46900.0
101152,2024-04-01,leche colanta deslactosada 11 lt,A2,5400.0
101461,2024-04-01,marisco camaron antillana artesanal 500 g,A2,41500.0
101497,2024-04-01,mezc frutino polv gelat ligth lm 11g,A2,2500.0
101728,2024-04-01,pasaboca kibo chips de lentejas sal marina 28 g x4 unds,A2,12950.0
101856,2024-04-01,pez filete de salmon pesco 300 g,A2,34500.0
101958,2024-04-01,pollo muslo fresco con piel acondesa kg,A2,11500.0
102238,2024-04-01,refresco frutino mango 2 lt,A2,800.0
102350,2024-04-01,res lomo barcino redondotapa lomo tradicional,A2,12790.0
102786,2024-04-01,teclado inalambrico star tec stkb689,A2,42900.0
102951,2024-04-01,vino baron philippe rot chardonnay 750 ml,A2,39120.0
103037,2024-04-01,vino blanco santa rita 120 chardonnay 750 ml,A2,71400.0
103193,2024-04-01,vino santiago 1541 brut espuma 750 ml,A2,46795.0
103266,2024-04-01,vino tinto dada 3 cabernet sauvignon syrah 750 ml,A2,72700.0
103325,2024-04-01,vino tinto libertador moscatel 750 ml,A2,16000.0
103345,2024-04-01,vino tinto polero cabernet sauvignon 750 ml,A2,35800.0
103376,2024-04-01,vino tinto santa rita 3 medallas merlot 750 ml,A2,50500.0
103442,2024-04-01,waflera black decker 800 w 4 puestos negro wm1000b,A2,170126.0
103598,2024-04-01,yogurt alpina finesse melocoton 1000 g,A2,15500.0
103678,2024-04-01,yogurt griego snack fit me x150 ml,A2,7120.0
103777,2024-04-03,4 dispensadores de agua electrico para botellon recargable,A2,417900.0
104560,2024-04-03,bebida natures heart almendras sin azucar 946 ml,A2,13300.0
104601,2024-04-03,bebida tosh cacao y almendra sin azucar 1 l,A2,17277.0
104756,2024-04-03,caramelo bianchi mini mani chocolate blanco 65 g,A2,1990.0
104874,2024-04-03,cepillos dentales oralb indicator color collection 4 unds,A2,20475.0
104954,2024-04-03,cereal kellogg s allbran 400g,A2,21300.0
105287,2024-04-03,cplmto dentalife purina perro med 119g,A2,23550.0
105329,2024-04-03,cuchilla para licuadora black decker fusion acero bl165005la,A2,56900.0
105677,2024-04-03,galleta tosh fusion cereal fit 388g,A2,10450.0
105685,2024-04-03,galleta tosh tipo sandwich vainilla 144 g,A2,9500.0
105744,2024-04-03,galletas matinas vainilla 225g,A2,5150.0
105887,2024-04-03,gaseosa schweppes ginger ale 269ml,A2,2200.0
106178,2024-04-03,jugo del valle frutal mango 500ml,A2,3100.0
106297,2024-04-03,lampara de techo ikelite 1 luz rojo e27 60 w,A2,46900.0
106325,2024-04-03,leche colanta deslactosada 11 lt,A2,5400.0
106677,2024-04-03,mezc frutino polv gelat ligth lm 11g,A2,2500.0
106915,2024-04-03,pasaboca kibo chips de lentejas sal marina 28 g x4 unds,A2,12950.0
107048,2024-04-03,pez filete de salmon pesco 300 g,A2,34500.0
107153,2024-04-03,pollo muslo fresco con piel acondesa kg,A2,11500.0
107439,2024-04-03,refresco frutino mango 2 lt,A2,800.0
107545,2024-04-03,res espaldillacascaracarne para desmechar tradicional,A2,14790.0
107550,2024-04-03,res lomo barcino redondotapa lomo tradicional,A2,12790.0
107687,2024-04-03,salsa fruco de soya 154 ml,A2,6550.0
107780,2024-04-03,sopa cup noodles carne 68g,A2,7200.0
107930,2024-04-03,te negro fuze tea durazno 400ml,A2,2750.0
107966,2024-04-03,teclado inalambrico star tec stkb689,A2,42900.0
108125,2024-04-03,vino baron philippe rot chardonnay 750 ml,A2,39120.0
108206,2024-04-03,vino blanco santa rita 120 chardonnay 750 ml,A2,71400.0
108354,2024-04-03,vino santiago 1541 brut espuma 750 ml,A2,46795.0
108426,2024-04-03,vino tinto dada 3 cabernet sauvignon syrah 750 ml,A2,72700.0
108489,2024-04-03,vino tinto libertador moscatel 750 ml,A2,16000.0
108509,2024-04-03,vino tinto polero cabernet sauvignon 750 ml,A2,35800.0
108541,2024-04-03,vino tinto santa rita 3 medallas merlot 750 ml,A2,50500.0
108764,2024-04-03,yogurt alpina finesse melocoton 1000 g,A2,15500.0
108797,2024-04-03,yogurt alpinito petit suisse melocoton 45 g x4 unds,A2,5800.0
108850,2024-04-03,yogurt griego snack fit me x150 ml,A2,8900.0
108959,2024-04-06,4 dispensadores de agua electrico para botellon recargable,A2,417900.0
108963,2024-04-06,achiras mauka sabor original ecopack 100 g,A2,11700.0
109327,2024-04-06,aromatica jaibel herbales frutos surtido 90 g,A2,18193.0
109717,2024-04-06,bebida natures heart almendras sin azucar 946 ml,A2,13300.0
109760,2024-04-06,bebida tosh cacao y almendra sin azucar 1 l,A2,17277.0
109895,2024-04-06,caramelo bianchi mini mani chocolate blanco 65 g,A2,1990.0
110059,2024-04-06,cereal kellogg s allbran 400g,A2,13845.0
110398,2024-04-06,cplmto dentalife purina perro med 119g,A2,18840.0
110735,2024-04-06,galleta tosh fusion cereal fit 388g,A2,10450.0
110743,2024-04-06,galleta tosh tipo sandwich vainilla 144 g,A2,9500.0
110953,2024-04-06,gaseosa schweppes ginger ale 269ml,A2,2200.0
111018,2024-04-06,ginebra hendricks escape 750ml,A2,189520.0
111167,2024-04-06,jamon pietran de cerdo sin conservantes 431 g,A2,20750.0
111215,2024-04-06,jugo del valle frutal mango 500ml,A2,3100.0
111347,2024-04-06,leche colanta deslactosada 11 lt,A2,5400.0
111611,2024-04-06,marisco camaron antillana artesanal 500 g,A2,35500.0
111642,2024-04-06,mezc frutino polv gelat ligth lm 11g,A2,2500.0
111860,2024-04-06,pasaboca kibo chips de lentejas sal marina 28 g x4 unds,A2,12950.0
111978,2024-04-06,pez filete de salmon pesco 300 g,A2,34500.0
112071,2024-04-06,pollo muslo fresco con piel acondesa kg,A2,11500.0
112316,2024-04-06,refresco frutino mango 2 lt,A2,800.0
112423,2024-04-06,res espaldillacascaracarne para desmechar tradicional,A2,14790.0
112424,2024-04-06,res goulashtrocito a2 bandeja x kg,A2,32087.0
112560,2024-04-06,salsa fruco de soya 154 ml,A2,4585.0
112658,2024-04-06,sopa cup noodles carne 68g,A2,7200.0
112806,2024-04-06,te negro fuze tea durazno 400ml,A2,1650.0
112841,2024-04-06,teclado inalambrico star tec stkb689,A2,42900.0
112995,2024-04-06,vino baron philippe rot chardonnay 750 ml,A2,39120.0
113086,2024-04-06,vino blanco santa rita 120 chardonnay 750 ml,A2,71400.0
113247,2024-04-06,vino santiago 1541 brut espuma 750 ml,A2,46795.0
113317,2024-04-06,vino tinto dada 3 cabernet sauvignon syrah 750 ml,A2,72700.0
113379,2024-04-06,vino tinto libertador moscatel 750 ml,A2,16000.0
113404,2024-04-06,vino tinto polero cabernet sauvignon 750 ml,A2,35800.0
113437,2024-04-06,vino tinto santa rita 3 medallas merlot 750 ml,A2,50500.0
113656,2024-04-06,yogurt alpina finesse melocoton 1000 g,A2,15500.0
113685,2024-04-06,yogurt alpinito petit suisse melocoton 45 g x4 unds,A2,5800.0
113739,2024-04-06,yogurt griego snack fit me x150 ml,A2,8900.0
113848,2024-04-09,4 dispensadores de agua electrico para botellon recargable,A2,417900.0
113853,2024-04-09,achiras mauka sabor original ecopack 100 g,A2,11700.0
114240,2024-04-09,aromatica jaibel herbales frutos surtido 90 g,A2,27990.0
114657,2024-04-09,bebida natures heart almendras sin azucar 946 ml,A2,13300.0
114698,2024-04-09,bebida tosh cacao y almendra sin azucar 1 l,A2,17277.0
114827,2024-04-09,caramelo bianchi mini mani chocolate blanco 65 g,A2,1990.0
114996,2024-04-09,cereal kellogg s allbran 400g,A2,21300.0
115333,2024-04-09,cplmto dentalife purina perro med 119g,A2,23550.0
115380,2024-04-09,cuchilla para licuadora black decker fusion acero bl165005la,A2,56900.0
115710,2024-04-09,galleta tosh fusion cereal fit 388g,A2,10450.0
115717,2024-04-09,galleta tosh tipo sandwich vainilla 144 g,A2,9800.0
115781,2024-04-09,galletas matinas vainilla 225g,A2,5150.0
115945,2024-04-09,gaseosa schweppes ginger ale 269ml,A2,2200.0
116210,2024-04-09,jugo del valle frutal mango 500ml,A2,3100.0
116294,2024-04-09,lampara de techo ikelite 1 luz rojo e27 60 w,A2,46900.0
116319,2024-04-09,leche colanta deslactosada 11 lt,A2,5400.0
116616,2024-04-09,marisco camaron antillana artesanal 500 g,A2,35500.0
116641,2024-04-09,mezc frutino polv gelat ligth lm 11g,A2,2500.0
116873,2024-04-09,pasaboca kibo chips de lentejas sal marina 28 g x4 unds,A2,12950.0
116971,2024-04-09,pez filete de salmon pesco 300 g,A2,34500.0
117073,2024-04-09,pollo muslo fresco con piel acondesa kg,A2,11500.0
117341,2024-04-09,refresco frutino mango 2 lt,A2,800.0
117448,2024-04-09,res espaldillacascaracarne para desmechar tradicional,A2,14790.0
117595,2024-04-09,salsa fruco de soya 154 ml,A2,6900.0
117677,2024-04-09,sopa cup noodles carne 68g,A2,7200.0
117828,2024-04-09,te negro fuze tea durazno 400ml,A2,2750.0
117933,2024-04-09,tonica schweppes 300ml x 4 unds,A2,11700.0
118033,2024-04-09,vino baron philippe rot chardonnay 750 ml,A2,39120.0
118123,2024-04-09,vino blanco santa rita 120 chardonnay 750 ml,A2,71400.0
118278,2024-04-09,vino santiago 1541 brut espuma 750 ml,A2,46795.0
118356,2024-04-09,vino tinto dada 3 cabernet sauvignon syrah 750 ml,A2,72700.0
118415,2024-04-09,vino tinto libertador moscatel 750 ml,A2,16000.0
118444,2024-04-09,vino tinto polero cabernet sauvignon 750 ml,A2,35800.0
118478,2024-04-09,vino tinto santa rita 3 medallas merlot 750 ml,A2,50500.0
118553,2024-04-09,waflera black decker 800 w 4 puestos negro wm1000b,A2,170126.0
118707,2024-04-09,yogurt alpina finesse melocoton 1000 g,A2,15500.0
118738,2024-04-09,yogurt alpinito petit suisse melocoton 45 g x4 unds,A2,4930.0
118788,2024-04-09,yogurt griego snack fit me x150 ml,A2,8900.0
118904,2024-04-10,4 dispensadores de agua electrico para botellon recargable,A2,417900.0
118913,2024-04-10,achiras mauka sabor original ecopack 100 g,A2,11700.0
119302,2024-04-10,aromatica jaibel herbales frutos surtido 90 g,A2,27990.0
119683,2024-04-10,bebida natures heart almendras sin azucar 946 ml,A2,13300.0
119723,2024-04-10,bebida tosh cacao y almendra sin azucar 1 l,A2,17277.0
119870,2024-04-10,caramelo bianchi mini mani chocolate blanco 65 g,A2,2700.0
119922,2024-04-10,cepillos dentales oralb indicator color collection 4 unds,A2,27300.0
119990,2024-04-10,cereal kellogg s allbran 400g,A2,21300.0
120368,2024-04-10,cuchilla para licuadora black decker fusion acero bl165005la,A2,56900.0
120733,2024-04-10,galleta tosh fusion cereal fit 388g,A2,10450.0
120742,2024-04-10,galleta tosh tipo sandwich vainilla 144 g,A2,9800.0
121037,2024-04-10,ginebra hendricks escape 750ml,A2,236900.0
121329,2024-04-10,lampara de techo ikelite 1 luz rojo e27 60 w,A2,46900.0
121352,2024-04-10,leche colanta deslactosada 11 lt,A2,5400.0
121692,2024-04-10,mezc frutino polv gelat ligth lm 11g,A2,2500.0
121906,2024-04-10,pasaboca kibo chips de lentejas sal marina 28 g x4 unds,A2,12950.0
122121,2024-04-10,pollo muslo fresco con piel acondesa kg,A2,11500.0
122387,2024-04-10,refresco frutino mango 2 lt,A2,800.0
122501,2024-04-10,res espaldillacascaracarne para desmechar tradicional,A2,14790.0
122504,2024-04-10,res goulashtrocito a2 bandeja x kg,A2,32087.0
122507,2024-04-10,res lomo barcino redondotapa lomo tradicional,A2,12790.0
122885,2024-04-10,teclado inalambrico star tec stkb689,A2,42900.0
122946,2024-04-10,tonica schweppes 300ml x 4 unds,A2,11700.0
123036,2024-04-10,vino baron philippe rot chardonnay 750 ml,A2,39120.0
123121,2024-04-10,vino blanco santa rita 120 chardonnay 750 ml,A2,71400.0
123269,2024-04-10,vino santiago 1541 brut espuma 750 ml,A2,46795.0
123345,2024-04-10,vino tinto dada 3 cabernet sauvignon syrah 750 ml,A2,72700.0
123403,2024-04-10,vino tinto libertador moscatel 750 ml,A2,16000.0
123429,2024-04-10,vino tinto polero cabernet sauvignon 750 ml,A2,35800.0
123681,2024-04-10,yogurt alpina finesse melocoton 1000 g,A2,15500.0
123714,2024-04-10,yogurt alpinito petit suisse melocoton 45 g x4 unds,A2,5800.0
123772,2024-04-10,yogurt griego snack fit me x150 ml,A2,8900.0
123893,2024-04-12,4 dispensadores de agua electrico para botellon recargable,A2,417900.0
123900,2024-04-12,achiras mauka sabor original ecopack 100 g,A2,11700.0
124703,2024-04-12,bebida natures heart almendras sin azucar 946 ml,A2,13300.0
124883,2024-04-12,caramelo bianchi mini mani chocolate blanco 65 g,A2,2700.0
124935,2024-04-12,cepillos dentales oralb indicator color collection 4 unds,A2,27300.0
125009,2024-04-12,cereal kellogg s allbran 400g,A2,21300.0
125382,2024-04-12,cuchilla para licuadora black decker fusion acero bl165005la,A2,56900.0
125726,2024-04-12,galleta tosh fusion cereal fit 388g,A2,10450.0
125734,2024-04-12,galleta tosh tipo sandwich vainilla 144 g,A2,9800.0
125797,2024-04-12,galletas matinas vainilla 225g,A2,5150.0
126209,2024-04-12,jugo del valle frutal mango 500ml,A2,3100.0
126289,2024-04-12,lampara de techo ikelite 1 luz rojo e27 60 w,A2,46900.0
126318,2024-04-12,leche colanta deslactosada 11 lt,A2,5400.0
126673,2024-04-12,mezc frutino polv gelat ligth lm 11g,A2,2500.0
127003,2024-04-12,pez filete de salmon pesco 300 g,A2,27600.0
127383,2024-04-12,refresco frutino mango 2 lt,A2,800.0
127484,2024-04-12,res espaldillacascaracarne para desmechar tradicional,A2,14790.0
127489,2024-04-12,res lomo barcino redondotapa lomo tradicional,A2,12790.0
127854,2024-04-12,te negro fuze tea durazno 400ml,A2,2750.0
127884,2024-04-12,teclado inalambrico star tec stkb689,A2,42900.0
127954,2024-04-12,tonica schweppes 300ml x 4 unds,A2,11700.0
128128,2024-04-12,vino blanco santa rita 120 chardonnay 750 ml,A2,71400.0
128279,2024-04-12,vino santiago 1541 brut espuma 750 ml,A2,46795.0
128388,2024-04-12,vino tinto libertador moscatel 750 ml,A2,16000.0
128418,2024-04-12,vino tinto polero cabernet sauvignon 750 ml,A2,35800.0
128454,2024-04-12,vino tinto santa rita 3 medallas merlot 750 ml,A2,50500.0
128668,2024-04-12,yogurt alpina finesse melocoton 1000 g,A2,15500.0
128700,2024-04-12,yogurt alpinito petit suisse melocoton 45 g x4 unds,A2,5800.0
128755,2024-04-12,yogurt griego snack fit me x150 ml,A2,8900.0
128870,2024-04-13,4 dispensadores de agua electrico para botellon recargable,A2,417900.0
128875,2024-04-13,achiras mauka sabor original ecopack 100 g,A2,11700.0
129643,2024-04-13,bebida natures heart almendras sin azucar 946 ml,A2,13300.0
129790,2024-04-13,caramelo bianchi mini mani chocolate blanco 65 g,A2,2700.0
129889,2024-04-13,cereal kellogg s allbran 400g,A2,21300.0
130205,2024-04-13,cplmto dentalife purina perro med 119g,A2,23550.0
130582,2024-04-13,galleta tosh fusion cereal fit 388g,A2,10450.0
130647,2024-04-13,galletas matinas vainilla 225g,A2,5150.0
130867,2024-04-13,ginebra hendricks escape 750ml,A2,236900.0
131053,2024-04-13,jugo del valle frutal mango 500ml,A2,3100.0
131160,2024-04-13,leche colanta deslactosada 11 lt,A2,5400.0
131395,2024-04-13,marisco camaron antillana artesanal 500 g,A2,35500.0
131432,2024-04-13,mezc frutino polv gelat ligth lm 11g,A2,2500.0
131624,2024-04-13,pasaboca kibo chips de lentejas sal marina 28 g x4 unds,A2,12950.0
131733,2024-04-13,pez filete de salmon pesco 300 g,A2,34500.0
132080,2024-04-13,refresco frutino mango 2 lt,A2,800.0
132189,2024-04-13,res lomo barcino redondotapa lomo tradicional,A2,12790.0
132403,2024-04-13,sopa cup noodles carne 68g,A2,7200.0
132552,2024-04-13,te negro fuze tea durazno 400ml,A2,2750.0
132646,2024-04-13,tonica schweppes 300ml x 4 unds,A2,11700.0
132725,2024-04-13,vino baron philippe rot chardonnay 750 ml,A2,39120.0
132810,2024-04-13,vino blanco santa rita 120 chardonnay 750 ml,A2,71400.0
132965,2024-04-13,vino santiago 1541 brut espuma 750 ml,A2,46795.0
133107,2024-04-13,vino tinto libertador moscatel 750 ml,A2,16000.0
133170,2024-04-13,vino tinto santa rita 3 medallas merlot 750 ml,A2,50500.0
133405,2024-04-13,yogurt alpina finesse melocoton 1000 g,A2,15500.0
133438,2024-04-13,yogurt alpinito petit suisse melocoton 45 g x4 unds,A2,5800.0
133496,2024-04-13,yogurt griego snack fit me x150 ml,A2,8900.0
133614,2024-04-14,4 dispensadores de agua electrico para botellon recargable,A2,417900.0
133620,2024-04-14,achiras mauka sabor original ecopack 100 g,A2,11700.0
133999,2024-04-14,aromatica jaibel herbales frutos surtido 90 g,A2,27990.0
134372,2024-04-14,bebida natures heart almendras sin azucar 946 ml,A2,13300.0
134415,2024-04-14,bebida tosh cacao y almendra sin azucar 1 l,A2,17277.0
134544,2024-04-14,caramelo bianchi mini mani chocolate blanco 65 g,A2,2700.0
134666,2024-04-14,cereal kellogg s allbran 400g,A2,21300.0
134986,2024-04-14,cplmto dentalife purina perro med 119g,A2,23550.0
135035,2024-04-14,cuchilla para licuadora black decker fusion acero bl165005la,A2,56900.0
135382,2024-04-14,galleta tosh fusion cereal fit 388g,A2,10450.0
135390,2024-04-14,galleta tosh tipo sandwich vainilla 144 g,A2,9800.0
135448,2024-04-14,galletas matinas vainilla 225g,A2,5150.0
135862,2024-04-14,jugo del valle frutal mango 500ml,A2,3100.0
136325,2024-04-14,mezc frutino polv gelat ligth lm 11g,A2,2500.0
136539,2024-04-14,pasaboca kibo chips de lentejas sal marina 28 g x4 unds,A2,12950.0
136654,2024-04-14,pez filete de salmon pesco 300 g,A2,34500.0
136755,2024-04-14,pollo muslo fresco con piel acondesa kg,A2,11500.0
137000,2024-04-14,refresco frutino mango 2 lt,A2,800.0
137117,2024-04-14,res lomo barcino redondotapa lomo tradicional,A2,12790.0
137475,2024-04-14,te negro fuze tea durazno 400ml,A2,2750.0
137513,2024-04-14,teclado inalambrico star tec stkb689,A2,42900.0
137579,2024-04-14,tonica schweppes 300ml x 4 unds,A2,11700.0
137665,2024-04-14,vino baron philippe rot chardonnay 750 ml,A2,39120.0
137751,2024-04-14,vino blanco santa rita 120 chardonnay 750 ml,A2,71400.0
137900,2024-04-14,vino santiago 1541 brut espuma 750 ml,A2,46795.0
138033,2024-04-14,vino tinto libertador moscatel 750 ml,A2,16000.0
138057,2024-04-14,vino tinto polero cabernet sauvignon 750 ml,A2,35800.0
138091,2024-04-14,vino tinto santa rita 3 medallas merlot 750 ml,A2,50500.0
138168,2024-04-14,waflera black decker 800 w 4 puestos negro wm1000b,A2,170126.0
138310,2024-04-14,yogurt alpina finesse melocoton 1000 g,A2,15500.0
138342,2024-04-14,yogurt alpinito petit suisse melocoton 45 g x4 unds,A2,5800.0
138402,2024-04-14,yogurt griego snack fit me x150 ml,A2,8900.0
138519,2024-04-15,4 dispensadores de agua electrico para botellon recargable,A2,417900.0
138523,2024-04-15,achiras mauka sabor original ecopack 100 g,A2,11700.0
138891,2024-04-15,aromatica jaibel herbales frutos surtido 90 g,A2,22392.0
139280,2024-04-15,bebida natures heart almendras sin azucar 946 ml,A2,13300.0
139443,2024-04-15,caramelo bianchi mini mani chocolate blanco 65 g,A2,2700.0
139494,2024-04-15,cepillos dentales oralb indicator color collection 4 unds,A2,27300.0
139558,2024-04-15,cereal kellogg s allbran 400g,A2,14910.0
139909,2024-04-15,cuchilla para licuadora black decker fusion acero bl165005la,A2,56900.0
140204,2024-04-15,galleta tosh fusion cereal fit 388g,A2,10450.0
140266,2024-04-15,galletas matinas vainilla 225g,A2,5150.0
140498,2024-04-15,ginebra hendricks escape 750ml,A2,236900.0
140665,2024-04-15,jamon pietran de cerdo sin conservantes 431 g,A2,21400.0
140695,2024-04-15,jugo del valle frutal mango 500ml,A2,3100.0
140781,2024-04-15,lampara de techo ikelite 1 luz rojo e27 60 w,A2,46900.0
140806,2024-04-15,leche colanta deslactosada 11 lt,A2,5400.0
141095,2024-04-15,marisco camaron antillana artesanal 500 g,A2,35500.0
141108,2024-04-15,mezc frutino polv gelat ligth lm 11g,A2,2000.0
141314,2024-04-15,pasaboca kibo chips de lentejas sal marina 28 g x4 unds,A2,12950.0
141388,2024-04-15,pez filete de salmon pesco 300 g,A2,34500.0
141455,2024-04-15,pollo muslo fresco con piel acondesa kg,A2,11500.0
141689,2024-04-15,refresco frutino mango 2 lt,A2,800.0
141798,2024-04-15,res espaldillacascaracarne para desmechar tradicional,A2,14790.0
141802,2024-04-15,res lomo barcino redondotapa lomo tradicional,A2,12790.0
142000,2024-04-15,sopa cup noodles carne 68g,A2,7200.0
142164,2024-04-15,te negro fuze tea durazno 400ml,A2,2750.0
142200,2024-04-15,teclado inalambrico star tec stkb689,A2,42900.0
142263,2024-04-15,tonica schweppes 300ml x 4 unds,A2,11700.0
142344,2024-04-15,vino baron philippe rot chardonnay 750 ml,A2,39120.0
142431,2024-04-15,vino blanco santa rita 120 chardonnay 750 ml,A2,71400.0
142585,2024-04-15,vino santiago 1541 brut espuma 750 ml,A2,46795.0
142714,2024-04-15,vino tinto libertador moscatel 750 ml,A2,16000.0
142771,2024-04-15,vino tinto santa rita 3 medallas merlot 750 ml,A2,50500.0
142993,2024-04-15,yogurt alpina finesse melocoton 1000 g,A2,15500.0
143022,2024-04-15,yogurt alpinito petit suisse melocoton 45 g x4 unds,A2,5800.0
143078,2024-04-15,yogurt griego snack fit me x150 ml,A2,8900.0
143460,2024-04-18,achiras mauka sabor original ecopack 100 g,A2,10700.0
143641,2024-04-18,aromatica jaibel herbales frutos surtido 90 g,A2,27990.0
143832,2024-04-18,bebida natures heart almendras sin azucar 946 ml,A2,13300.0
143853,2024-04-18,bebida tosh cacao y almendra sin azucar 1 l,A2,17277.0
143968,2024-04-18,cafe colcafe vainil centto 115g x10 cap,A2,15112.0
144063,2024-04-18,caramelo bianchi mini mani chocolate blanco 65 g,A2,2700.0
144125,2024-04-18,cereal kellogg s allbran 400g,A2,14910.0
144521,2024-04-18,galleta tosh fusion cereal fit 388g,A2,9500.0
144524,2024-04-18,galleta tosh tipo sandwich vainilla 144 g,A2,9500.0
144554,2024-04-18,galletas matinas vainilla 225g,A2,4900.0
144660,2024-04-18,ginebra hendricks escape 750ml,A2,236900.0
144788,2024-04-18,jugo del valle frutal mango 500ml,A2,2600.0
144818,2024-04-18,kimono mujer amarillo atypical 93586,A2,63000.0
144989,2024-04-18,marisco camaron antillana artesanal 500 g,A2,35500.0
145015,2024-04-18,mezc frutino polv gelat ligth lm 11g,A2,2000.0
145145,2024-04-18,pasaboca kibo chips de lentejas sal marina 28 g x4 unds,A2,12950.0
145397,2024-04-18,refresco frutino mango 2 lt,A2,800.0
145456,2024-04-18,res espaldillacascaracarne para desmechar tradicional,A2,29980.0
145598,2024-04-18,sopa cup noodles carne 68g,A2,7200.0
145700,2024-04-18,teclado inalambrico star tec stkb689,A2,42900.0
145744,2024-04-18,tonica schweppes 300ml x 4 unds,A2,9500.0
145813,2024-04-18,vino baron philippe rot chardonnay 750 ml,A2,39120.0
145847,2024-04-18,vino blanco santa rita 120 chardonnay 750 ml,A2,71400.0
145957,2024-04-18,vino tinto libertador moscatel 750 ml,A2,14600.0
145980,2024-04-18,vino tinto santa rita 3 medallas merlot 750 ml,A2,51990.0
146100,2024-04-18,yogurt alpina finesse melocoton 1000 g,A2,15500.0
146120,2024-04-18,yogurt alpinito petit suisse melocoton 45 g x4 unds,A2,5800.0
146176,2024-04-22,4 dispensadores de agua electrico para botellon recargable,A2,417900.0
146183,2024-04-22,achiras mauka sabor original ecopack 100 g,A2,10700.0
146466,2024-04-22,aromatica jaibel herbales frutos surtido 90 g,A2,27990.0
146753,2024-04-22,bebida natures heart almendras sin azucar 946 ml,A2,13300.0
146779,2024-04-22,bebida tosh cacao y almendra sin azucar 1 l,A2,17277.0
146873,2024-04-22,cafe colcafe vainil centto 115g x10 cap,A2,18890.0
146938,2024-04-22,caramelo bianchi mini mani chocolate blanco 65 g,A2,2700.0
147047,2024-04-22,cereal kellogg s allbran 400g,A2,21300.0
147296,2024-04-22,cplmto dentalife purina perro med 119g,A2,23550.0
147619,2024-04-22,galleta tosh fusion cereal fit 388g,A2,9500.0
147626,2024-04-22,galleta tosh tipo sandwich vainilla 144 g,A2,9500.0
147686,2024-04-22,galletas matinas vainilla 225g,A2,4900.0
147784,2024-04-22,gaseosa schweppes ginger ale 269ml,A2,2500.0
147850,2024-04-22,ginebra hendricks escape 750ml,A2,236900.0
147979,2024-04-22,jamon pietran de cerdo sin conservantes 431 g,A2,20750.0
148016,2024-04-22,jugo del valle frutal mango 500ml,A2,2600.0
148107,2024-04-22,leche colanta deslactosada 11 lt,A2,5400.0
148354,2024-04-22,marisco camaron antillana artesanal 500 g,A2,35500.0
148391,2024-04-22,mezc frutino polv gelat ligth lm 11g,A2,2500.0
148601,2024-04-22,pasaboca kibo chips de lentejas sal marina 28 g x4 unds,A2,9712.0
148716,2024-04-22,pez filete de salmon pesco 300 g,A2,34500.0
148808,2024-04-22,pollo muslo fresco con piel acondesa kg,A2,11500.0
149030,2024-04-22,refresco frutino mango 2 lt,A2,800.0
149123,2024-04-22,res espaldillacascaracarne para desmechar tradicional,A2,29980.0
149126,2024-04-22,res goulashtrocito a2 bandeja x kg,A2,37750.0
149131,2024-04-22,res lomo barcino redondotapa lomo tradicional,A2,27980.0
149263,2024-04-22,salsa fruco de soya 154 ml,A2,6550.0
149341,2024-04-22,sopa cup noodles carne 68g,A2,7200.0
149466,2024-04-22,te negro fuze tea durazno 400ml,A2,2750.0
149495,2024-04-22,teclado inalambrico star tec stkb689,A2,42900.0
149550,2024-04-22,tonica schweppes 300ml x 4 unds,A2,9500.0
149615,2024-04-22,vino baron philippe rot chardonnay 750 ml,A2,39120.0
149678,2024-04-22,vino blanco santa rita 120 chardonnay 750 ml,A2,71400.0
149795,2024-04-22,vino santiago 1541 brut espuma 750 ml,A2,46795.0
149904,2024-04-22,vino tinto libertador moscatel 750 ml,A2,14600.0
149924,2024-04-22,vino tinto polero cabernet sauvignon 750 ml,A2,35800.0
149957,2024-04-22,vino tinto santa rita 3 medallas merlot 750 ml,A2,51990.0
150021,2024-04-22,waflera black decker 800 w 4 puestos negro wm1000b,A2,170126.0
150132,2024-04-22,yogurt alpina finesse melocoton 1000 g,A2,15500.0
150160,2024-04-22,yogurt alpinito petit suisse melocoton 45 g x4 unds,A2,5800.0
150188,2024-04-22,yogurt griego snack fit me x150 ml,A2,7120.0
150236,2024-04-23,4 dispensadores de agua electrico para botellon recargable,A2,417900.0
150243,2024-04-23,achiras mauka sabor original ecopack 100 g,A2,10700.0
150543,2024-04-23,aromatica jaibel herbales frutos surtido 90 g,A2,27990.0
150852,2024-04-23,bebida natures heart almendras sin azucar 946 ml,A2,13300.0
150878,2024-04-23,bebida tosh cacao y almendra sin azucar 1 l,A2,17277.0
150992,2024-04-23,cafe colcafe vainil centto 115g x10 cap,A2,18890.0
151057,2024-04-23,caramelo bianchi mini mani chocolate blanco 65 g,A2,2700.0
151112,2024-04-23,cepillos dentales oralb indicator color collection 4 unds,A2,27300.0
151188,2024-04-23,cereal kellogg s allbran 400g,A2,21300.0
151460,2024-04-23,cplmto dentalife purina perro med 119g,A2,17662.0
151502,2024-04-23,cuchilla para licuadora black decker fusion acero bl165005la,A2,56900.0
151795,2024-04-23,galleta tosh fusion cereal fit 388g,A2,9500.0
151802,2024-04-23,galleta tosh tipo sandwich vainilla 144 g,A2,9500.0
151863,2024-04-23,galletas matinas vainilla 225g,A2,4900.0
151961,2024-04-23,gaseosa schweppes ginger ale 269ml,A2,2500.0
151998,2024-04-23,ginebra hendricks escape 750ml,A2,236900.0
152165,2024-04-23,jamon pietran de cerdo sin conservantes 431 g,A2,20750.0
152202,2024-04-23,jugo del valle frutal mango 500ml,A2,2600.0
152274,2024-04-23,lampara de techo ikelite 1 luz rojo e27 60 w,A2,46900.0
152296,2024-04-23,leche colanta deslactosada 11 lt,A2,5400.0
152578,2024-04-23,marisco camaron antillana artesanal 500 g,A2,41500.0
152617,2024-04-23,mezc frutino polv gelat ligth lm 11g,A2,2500.0
152831,2024-04-23,pasaboca kibo chips de lentejas sal marina 28 g x4 unds,A2,9712.0
152947,2024-04-23,pez filete de salmon pesco 300 g,A2,34500.0
153038,2024-04-23,pollo muslo fresco con piel acondesa kg,A2,11500.0
153262,2024-04-23,refresco frutino mango 2 lt,A2,800.0
153355,2024-04-23,res espaldillacascaracarne para desmechar tradicional,A2,30580.0
153358,2024-04-23,res goulashtrocito a2 bandeja x kg,A2,37750.0
153363,2024-04-23,res lomo barcino redondotapa lomo tradicional,A2,28380.0
153495,2024-04-23,salsa fruco de soya 154 ml,A2,6900.0
153578,2024-04-23,sopa cup noodles carne 68g,A2,7200.0
153715,2024-04-23,te negro fuze tea durazno 400ml,A2,2750.0
153745,2024-04-23,teclado inalambrico star tec stkb689,A2,42900.0
153807,2024-04-23,tonica schweppes 300ml x 4 unds,A2,9500.0
153960,2024-04-23,vino tinto libertador moscatel 750 ml,A2,14600.0
154007,2024-04-23,waflera black decker 800 w 4 puestos negro wm1000b,A2,170126.0
154120,2024-04-23,yogurt alpina finesse melocoton 1000 g,A2,15500.0
154148,2024-04-23,yogurt alpinito petit suisse melocoton 45 g x4 unds,A2,5800.0
154176,2024-04-23,yogurt griego snack fit me x150 ml,A2,8900.0
154224,2024-04-24,4 dispensadores de agua electrico para botellon recargable,A2,417900.0
154231,2024-04-24,achiras mauka sabor original ecopack 100 g,A2,13500.0
154532,2024-04-24,aromatica jaibel herbales frutos surtido 90 g,A2,27990.0
154851,2024-04-24,bebida natures heart almendras sin azucar 946 ml,A2,13300.0
154877,2024-04-24,bebida tosh cacao y almendra sin azucar 1 l,A2,17277.0
155101,2024-04-24,cafe colcafe vainil centto 115g x10 cap,A2,18890.0
155236,2024-04-24,caramelo bianchi mini mani chocolate blanco 65 g,A2,2700.0
155294,2024-04-24,cepillos dentales oralb indicator color collection 4 unds,A2,27300.0
155369,2024-04-24,cereal kellogg s allbran 400g,A2,21300.0
155705,2024-04-24,cplmto dentalife purina perro med 119g,A2,23550.0
155751,2024-04-24,cuchilla para licuadora black decker fusion acero bl165005la,A2,56900.0
156081,2024-04-24,galleta tosh fusion cereal fit 388g,A2,9500.0
156088,2024-04-24,galleta tosh tipo sandwich vainilla 144 g,A2,9500.0
156149,2024-04-24,galletas matinas vainilla 225g,A2,4900.0
156246,2024-04-24,gaseosa schweppes ginger ale 269ml,A2,2500.0
156315,2024-04-24,ginebra hendricks escape 750ml,A2,236900.0
156497,2024-04-24,jamon pietran de cerdo sin conservantes 431 g,A2,20750.0
156557,2024-04-24,jugo del valle frutal mango 500ml,A2,2600.0
156607,2024-04-24,kimono mujer amarillo atypical 93586,A2,63000.0
156632,2024-04-24,lampara de techo ikelite 1 luz rojo e27 60 w,A2,46900.0
156654,2024-04-24,leche colanta deslactosada 11 lt,A2,5400.0
156942,2024-04-24,marisco camaron antillana artesanal 500 g,A2,41500.0
156981,2024-04-24,mezc frutino polv gelat ligth lm 11g,A2,2500.0
157251,2024-04-24,pasaboca kibo chips de lentejas sal marina 28 g x4 unds,A2,12950.0
157366,2024-04-24,pez filete de salmon pesco 300 g,A2,34500.0
157472,2024-04-24,pollo muslo fresco con piel acondesa kg,A2,11500.0
157722,2024-04-24,refresco frutino mango 2 lt,A2,800.0
157850,2024-04-24,res espaldillacascaracarne para desmechar tradicional,A2,30580.0
157853,2024-04-24,res goulashtrocito a2 bandeja x kg,A2,32087.0
157858,2024-04-24,res lomo barcino redondotapa lomo tradicional,A2,28380.0
157996,2024-04-24,salsa fruco de soya 154 ml,A2,5175.0
158121,2024-04-24,sopa cup noodles carne 68g,A2,7200.0
158263,2024-04-24,te negro fuze tea durazno 400ml,A2,2750.0
158292,2024-04-24,teclado inalambrico star tec stkb689,A2,42900.0
158369,2024-04-24,tonica schweppes 300ml x 4 unds,A2,9500.0
158501,2024-04-24,vino baron philippe rot chardonnay 750 ml,A2,39120.0
158524,2024-04-24,vino blanco catena alta chardonnay 750 ml,A2,185350.0
158588,2024-04-24,vino blanco santa rita 120 chardonnay 750 ml,A2,71400.0
158724,2024-04-24,vino santiago 1541 brut espuma 750 ml,A2,46795.0
158804,2024-04-24,vino tinto dada 3 cabernet sauvignon syrah 750 ml,A2,72700.0
158807,2024-04-24,vino tinto dalamel merlot 750 ml,A2,78200.0
158872,2024-04-24,vino tinto libertador moscatel 750 ml,A2,14600.0
158909,2024-04-24,vino tinto polero cabernet sauvignon 750 ml,A2,35800.0
158944,2024-04-24,vino tinto santa rita 3 medallas merlot 750 ml,A2,51100.0
159017,2024-04-24,waflera black decker 800 w 4 puestos negro wm1000b,A2,170126.0
159136,2024-04-24,yogurt alpina finesse melocoton 1000 g,A2,15500.0
159164,2024-04-24,yogurt alpinito petit suisse melocoton 45 g x4 unds,A2,5800.0
159192,2024-04-24,yogurt griego snack fit me x150 ml,A2,8900.0
159242,2024-04-25,4 dispensadores de agua electrico para botellon recargable,A2,417900.0
159250,2024-04-25,achiras mauka sabor original ecopack 100 g,A2,13500.0
159523,2024-04-25,aromatica jaibel herbales frutos surtido 90 g,A2,27990.0
159789,2024-04-25,bebida natures heart almendras sin azucar 946 ml,A2,15300.0
159815,2024-04-25,bebida tosh cacao y almendra sin azucar 1 l,A2,17277.0
159930,2024-04-25,cafe colcafe vainil centto 115g x10 cap,A2,18890.0
160023,2024-04-25,caramelo bianchi mini mani chocolate blanco 65 g,A2,2700.0
160133,2024-04-25,cereal kellogg s allbran 400g,A2,21300.0
160384,2024-04-25,cplmto dentalife purina perro med 119g,A2,23550.0
160683,2024-04-25,galleta tosh fusion cereal fit 388g,A2,9500.0
160690,2024-04-25,galleta tosh tipo sandwich vainilla 144 g,A2,9500.0
160748,2024-04-25,galletas matinas vainilla 225g,A2,4900.0
160845,2024-04-25,gaseosa schweppes ginger ale 269ml,A2,2500.0
160906,2024-04-25,ginebra hendricks escape 750ml,A2,236900.0
161051,2024-04-25,jamon pietran de cerdo sin conservantes 431 g,A2,20750.0
161092,2024-04-25,jugo del valle frutal mango 500ml,A2,2600.0
161142,2024-04-25,kimono mujer amarillo atypical 93586,A2,63000.0
161180,2024-04-25,leche colanta deslactosada 11 lt,A2,5400.0
161378,2024-04-25,marisco camaron antillana artesanal 500 g,A2,41500.0
161411,2024-04-25,mezc frutino polv gelat ligth lm 11g,A2,2500.0
161615,2024-04-25,pasaboca kibo chips de lentejas sal marina 28 g x4 unds,A2,12950.0
161730,2024-04-25,pez filete de salmon pesco 300 g,A2,34500.0
161819,2024-04-25,pollo muslo fresco con piel acondesa kg,A2,11500.0
162046,2024-04-25,refresco frutino mango 2 lt,A2,800.0
162137,2024-04-25,res espaldillacascaracarne para desmechar tradicional,A2,30580.0
162140,2024-04-25,res goulashtrocito a2 bandeja x kg,A2,37750.0
162145,2024-04-25,res lomo barcino redondotapa lomo tradicional,A2,28380.0
162247,2024-04-25,salsa fruco de soya 154 ml,A2,6900.0
162321,2024-04-25,sopa cup noodles carne 68g,A2,7200.0
162450,2024-04-25,te negro fuze tea durazno 400ml,A2,2750.0
162538,2024-04-25,tonica schweppes 300ml x 4 unds,A2,9500.0
162589,2024-04-25,vino baron philippe rot chardonnay 750 ml,A2,39120.0
162618,2024-04-25,vino blanco santa rita 120 chardonnay 750 ml,A2,71400.0
162700,2024-04-25,vino santiago 1541 brut espuma 750 ml,A2,46795.0
162896,2024-04-25,yogurt alpina finesse melocoton 1000 g,A2,15500.0
162924,2024-04-25,yogurt alpinito petit suisse melocoton 45 g x4 unds,A2,5800.0
162952,2024-04-25,yogurt griego snack fit me x150 ml,A2,8900.0
163003,2024-04-27,4 dispensadores de agua electrico para botellon recargable,A2,417900.0
163010,2024-04-27,achiras mauka sabor original ecopack 100 g,A2,13500.0
163311,2024-04-27,aromatica jaibel herbales frutos surtido 90 g,A2,27990.0
163638,2024-04-27,bebida natures heart almendras sin azucar 946 ml,A2,15300.0
163665,2024-04-27,bebida tosh cacao y almendra sin azucar 1 l,A2,17277.0
163882,2024-04-27,cafe colcafe vainil centto 115g x10 cap,A2,18890.0
164058,2024-04-27,caramelo bianchi mini mani chocolate blanco 65 g,A2,2700.0
164114,2024-04-27,cepillos dentales oralb indicator color collection 4 unds,A2,27300.0
164189,2024-04-27,cereal kellogg s allbran 400g,A2,21300.0
164533,2024-04-27,cplmto dentalife purina perro med 119g,A2,23550.0
164583,2024-04-27,cuchilla para licuadora black decker fusion acero bl165005la,A2,56900.0
164906,2024-04-27,galleta tosh fusion cereal fit 388g,A2,9500.0
164913,2024-04-27,galleta tosh tipo sandwich vainilla 144 g,A2,9500.0
164973,2024-04-27,galletas matinas vainilla 225g,A2,4900.0
165070,2024-04-27,gaseosa schweppes ginger ale 269ml,A2,2500.0
165136,2024-04-27,ginebra hendricks escape 750ml,A2,236900.0
165314,2024-04-27,jamon pietran de cerdo sin conservantes 431 g,A2,20750.0
165364,2024-04-27,jugo del valle frutal mango 500ml,A2,2600.0
165376,2024-04-27,jugo en caja nectar manzana 1000 ml,A2,6900.0
165417,2024-04-27,kimono mujer amarillo atypical 93586,A2,63000.0
165439,2024-04-27,lampara de techo ikelite 1 luz rojo e27 60 w,A2,46900.0
165460,2024-04-27,leche colanta deslactosada 11 lt,A2,5400.0
165747,2024-04-27,marisco camaron antillana artesanal 500 g,A2,41500.0
165790,2024-04-27,mezc frutino polv gelat ligth lm 11g,A2,2500.0
166053,2024-04-27,pasaboca kibo chips de lentejas sal marina 28 g x4 unds,A2,12950.0
166165,2024-04-27,pez filete de salmon pesco 300 g,A2,34500.0
166270,2024-04-27,pollo muslo fresco con piel acondesa kg,A2,11500.0
166532,2024-04-27,refresco frutino mango 2 lt,A2,800.0
166653,2024-04-27,res espaldillacascaracarne para desmechar tradicional,A2,30580.0
166656,2024-04-27,res goulashtrocito a2 bandeja x kg,A2,37750.0
166661,2024-04-27,res lomo barcino redondotapa lomo tradicional,A2,28380.0
166796,2024-04-27,salsa fruco de soya 154 ml,A2,4485.0
166940,2024-04-27,sopa cup noodles carne 68g,A2,5760.0
167070,2024-04-27,te negro fuze tea durazno 400ml,A2,2750.0
167099,2024-04-27,teclado inalambrico star tec stkb689,A2,42900.0
167175,2024-04-27,tonica schweppes 300ml x 4 unds,A2,9500.0
167326,2024-04-27,vino blanco catena alta chardonnay 750 ml,A2,185350.0
167388,2024-04-27,vino blanco santa rita 120 chardonnay 750 ml,A2,71400.0
167520,2024-04-27,vino santiago 1541 brut espuma 750 ml,A2,46795.0
167597,2024-04-27,vino tinto dada 3 cabernet sauvignon syrah 750 ml,A2,72700.0
167600,2024-04-27,vino tinto dalamel merlot 750 ml,A2,78200.0
167666,2024-04-27,vino tinto libertador moscatel 750 ml,A2,14600.0
167703,2024-04-27,vino tinto polero cabernet sauvignon 750 ml,A2,35800.0
167738,2024-04-27,vino tinto santa rita 3 medallas merlot 750 ml,A2,51100.0
167810,2024-04-27,waflera black decker 800 w 4 puestos negro wm1000b,A2,170126.0
167930,2024-04-27,yogurt alpina finesse melocoton 1000 g,A2,15500.0
167958,2024-04-27,yogurt alpinito petit suisse melocoton 45 g x4 unds,A2,4060.0
167986,2024-04-27,yogurt griego snack fit me x150 ml,A2,8900.0
168035,2024-04-29,4 dispensadores de agua electrico para botellon recargable,A2,417900.0
168042,2024-04-29,achiras mauka sabor original ecopack 100 g,A2,13500.0
168339,2024-04-29,aromatica jaibel herbales frutos surtido 90 g,A2,27990.0
168636,2024-04-29,bebida natures heart almendras sin azucar 946 ml,A2,15300.0
168660,2024-04-29,bebida tosh cacao y almendra sin azucar 1 l,A2,17277.0
168796,2024-04-29,cafe colcafe vainil centto 115g x10 cap,A2,18890.0
168878,2024-04-29,caramelo bianchi mini mani chocolate blanco 65 g,A2,2700.0
168933,2024-04-29,cepillos dentales oralb indicator color collection 4 unds,A2,27300.0
169006,2024-04-29,cereal kellogg s allbran 400g,A2,21300.0
169295,2024-04-29,cplmto dentalife purina perro med 119g,A2,23550.0
169337,2024-04-29,cuchilla para licuadora black decker fusion acero bl165005la,A2,56900.0
169620,2024-04-29,galleta tosh fusion cereal fit 388g,A2,9500.0
169627,2024-04-29,galleta tosh tipo sandwich vainilla 144 g,A2,9500.0
169703,2024-04-29,galletas matinas vainilla 225g,A2,4900.0
169799,2024-04-29,gaseosa schweppes ginger ale 269ml,A2,2500.0
169865,2024-04-29,ginebra hendricks escape 750ml,A2,236900.0
170042,2024-04-29,jamon pietran de cerdo sin conservantes 431 g,A2,20750.0
170081,2024-04-29,jugo del valle frutal mango 500ml,A2,2600.0
170093,2024-04-29,jugo en caja nectar manzana 1000 ml,A2,6900.0
170155,2024-04-29,lampara de techo ikelite 1 luz rojo e27 60 w,A2,46900.0
170174,2024-04-29,leche colanta deslactosada 11 lt,A2,5400.0
170453,2024-04-29,marisco camaron antillana artesanal 500 g,A2,41500.0
170490,2024-04-29,mezc frutino polv gelat ligth lm 11g,A2,2500.0
170733,2024-04-29,pasaboca kibo chips de lentejas sal marina 28 g x4 unds,A2,9712.0
170846,2024-04-29,pez filete de salmon pesco 300 g,A2,34500.0
170941,2024-04-29,pollo muslo fresco con piel acondesa kg,A2,11500.0
171192,2024-04-29,refresco frutino mango 2 lt,A2,800.0
171293,2024-04-29,res espaldillacascaracarne para desmechar tradicional,A2,30580.0
171296,2024-04-29,res goulashtrocito a2 bandeja x kg,A2,37750.0
171301,2024-04-29,res lomo barcino redondotapa lomo tradicional,A2,28380.0
171434,2024-04-29,salsa fruco de soya 154 ml,A2,4485.0
171545,2024-04-29,sopa cup noodles carne 68g,A2,5760.0
171675,2024-04-29,te negro fuze tea durazno 400ml,A2,2750.0
171704,2024-04-29,teclado inalambrico star tec stkb689,A2,42900.0
171776,2024-04-29,tonica schweppes 300ml x 4 unds,A2,9500.0
171875,2024-04-29,vino blanco catena alta chardonnay 750 ml,A2,185350.0
171937,2024-04-29,vino blanco santa rita 120 chardonnay 750 ml,A2,71400.0
172071,2024-04-29,vino santiago 1541 brut espuma 750 ml,A2,46795.0
172148,2024-04-29,vino tinto dada 3 cabernet sauvignon syrah 750 ml,A2,72700.0
172151,2024-04-29,vino tinto dalamel merlot 750 ml,A2,78200.0
172217,2024-04-29,vino tinto libertador moscatel 750 ml,A2,14600.0
172254,2024-04-29,vino tinto polero cabernet sauvignon 750 ml,A2,35800.0
172289,2024-04-29,vino tinto santa rita 3 medallas merlot 750 ml,A2,51100.0
172361,2024-04-29,waflera black decker 800 w 4 puestos negro wm1000b,A2,229900.0
172478,2024-04-29,yogurt alpina finesse melocoton 1000 g,A2,15500.0
172506,2024-04-29,yogurt alpinito petit suisse melocoton 45 g x4 unds,A2,5800.0
172534,2024-04-29,yogurt griego snack fit me x150 ml,A2,7120.0
172583,2024-04-30,4 dispensadores de agua electrico para botellon recargable,A2,417900.0
172585,2024-04-30,achiras mauka sabor original ecopack 100 g,A2,13500.0
173060,2024-04-30,bebida natures heart almendras sin azucar 946 ml,A2,15300.0
173087,2024-04-30,bebida tosh cacao y almendra sin azucar 1 l,A2,17277.0
173398,2024-04-30,caramelo bianchi mini mani chocolate blanco 65 g,A2,2700.0
173443,2024-04-30,cepillos dentales oralb indicator color collection 4 unds,A2,20475.0
173511,2024-04-30,cereal kellogg s allbran 400g,A2,21300.0
173808,2024-04-30,cplmto dentalife purina perro med 119g,A2,17662.0
173837,2024-04-30,cuchilla para licuadora black decker fusion acero bl165005la,A2,56900.0
174130,2024-04-30,gaseosa schweppes ginger ale 269ml,A2,2500.0
174182,2024-04-30,ginebra hendricks escape 750ml,A2,236900.0
174335,2024-04-30,jugo del valle frutal mango 500ml,A2,2600.0
174347,2024-04-30,jugo en caja nectar manzana 1000 ml,A2,6900.0
174387,2024-04-30,kimono mujer amarillo atypical 93586,A2,63000.0
174408,2024-04-30,lampara de techo ikelite 1 luz rojo e27 60 w,A2,46900.0
174611,2024-04-30,marisco camaron antillana artesanal 500 g,A2,41500.0
174656,2024-04-30,mezc frutino polv gelat ligth lm 11g,A2,2500.0
174884,2024-04-30,pasaboca kibo chips de lentejas sal marina 28 g x4 unds,A2,9712.0
174976,2024-04-30,pez filete de salmon pesco 300 g,A2,34500.0
175262,2024-04-30,refresco frutino mango 2 lt,A2,800.0
175429,2024-04-30,salsa fruco de soya 154 ml,A2,4485.0
175547,2024-04-30,sopa cup noodles carne 68g,A2,5760.0
175651,2024-04-30,te negro fuze tea durazno 400ml,A2,2750.0
175662,2024-04-30,teclado inalambrico star tec stkb689,A2,42900.0
175726,2024-04-30,tonica schweppes 300ml x 4 unds,A2,9500.0
175874,2024-04-30,vino blanco catena alta chardonnay 750 ml,A2,185350.0
175936,2024-04-30,vino blanco santa rita 120 chardonnay 750 ml,A2,71400.0
176073,2024-04-30,vino santiago 1541 brut espuma 750 ml,A2,46795.0
176150,2024-04-30,vino tinto dada 3 cabernet sauvignon syrah 750 ml,A2,72700.0
176153,2024-04-30,vino tinto dalamel merlot 750 ml,A2,78200.0
176217,2024-04-30,vino tinto libertador moscatel 750 ml,A2,14600.0
176254,2024-04-30,vino tinto polero cabernet sauvignon 750 ml,A2,35800.0
176290,2024-04-30,vino tinto santa rita 3 medallas merlot 750 ml,A2,51100.0
176360,2024-04-30,waflera black decker 800 w 4 puestos negro wm1000b,A2,229900.0
176453,2024-04-30,yogurt alpinito petit suisse melocoton 45 g x4 unds,A2,4930.0
176490,2024-05-01,4 dispensadores de agua electrico para botellon recargable,A2,417900.0
176497,2024-05-01,achiras mauka sabor original ecopack 100 g,A2,13500.0
176799,2024-05-01,aromatica jaibel herbales frutos surtido 90 g,A2,27990.0
177100,2024-05-01,bebida natures heart almendras sin azucar 946 ml,A2,15300.0
177125,2024-05-01,bebida tosh cacao y almendra sin azucar 1 l,A2,17277.0
177304,2024-05-01,cafe colcafe vainil centto 115g x10 cap,A2,18890.0
177432,2024-05-01,caramelo bianchi mini mani chocolate blanco 65 g,A2,2700.0
177486,2024-05-01,cepillos dentales oralb indicator color collection 4 unds,A2,19110.0
177553,2024-05-01,cereal kellogg s allbran 400g,A2,21300.0
177861,2024-05-01,cplmto dentalife purina perro med 119g,A2,23550.0
177903,2024-05-01,cuchilla para licuadora black decker fusion acero bl165005la,A2,56900.0
178199,2024-05-01,galleta tosh fusion cereal fit 388g,A2,9500.0
178206,2024-05-01,galleta tosh tipo sandwich vainilla 144 g,A2,9500.0
178283,2024-05-01,galletas matinas vainilla 225g,A2,4900.0
178379,2024-05-01,gaseosa schweppes ginger ale 269ml,A2,2500.0
178443,2024-05-01,ginebra hendricks escape 750ml,A2,236900.0
178620,2024-05-01,jamon pietran de cerdo sin conservantes 431 g,A2,20750.0
178666,2024-05-01,jugo del valle frutal mango 500ml,A2,2600.0
178678,2024-05-01,jugo en caja nectar manzana 1000 ml,A2,6900.0
178742,2024-05-01,lampara de techo ikelite 1 luz rojo e27 60 w,A2,46900.0
178761,2024-05-01,leche colanta deslactosada 11 lt,A2,5400.0
179058,2024-05-01,marisco camaron antillana artesanal 500 g,A2,41500.0
179103,2024-05-01,mezc frutino polv gelat ligth lm 11g,A2,2500.0
179375,2024-05-01,pasaboca kibo chips de lentejas sal marina 28 g x4 unds,A2,12950.0
179488,2024-05-01,pez filete de salmon pesco 300 g,A2,34500.0
179588,2024-05-01,pollo muslo fresco con piel acondesa kg,A2,11500.0
179827,2024-05-01,refresco frutino mango 2 lt,A2,800.0
179916,2024-05-01,res espaldillacascaracarne para desmechar tradicional,A2,30580.0
179923,2024-05-01,res lomo barcino redondotapa lomo tradicional,A2,28380.0
180053,2024-05-01,salsa fruco de soya 154 ml,A2,4485.0
180166,2024-05-01,sopa cup noodles carne 68g,A2,7200.0
180301,2024-05-01,te negro fuze tea durazno 400ml,A2,2750.0
180329,2024-05-01,teclado inalambrico star tec stkb689,A2,42900.0
180393,2024-05-01,tonica schweppes 300ml x 4 unds,A2,9500.0
180490,2024-05-01,vino blanco catena alta chardonnay 750 ml,A2,185350.0
180552,2024-05-01,vino blanco santa rita 120 chardonnay 750 ml,A2,71400.0
180685,2024-05-01,vino santiago 1541 brut espuma 750 ml,A2,66850.0
180762,2024-05-01,vino tinto dada 3 cabernet sauvignon syrah 750 ml,A2,72700.0
180765,2024-05-01,vino tinto dalamel merlot 750 ml,A2,78200.0
180830,2024-05-01,vino tinto libertador moscatel 750 ml,A2,14600.0
180867,2024-05-01,vino tinto polero cabernet sauvignon 750 ml,A2,35800.0
180902,2024-05-01,vino tinto santa rita 3 medallas merlot 750 ml,A2,51100.0
180974,2024-05-01,waflera black decker 800 w 4 puestos negro wm1000b,A2,229900.0
181100,2024-05-01,yogurt alpina finesse melocoton 1000 g,A2,15500.0
181128,2024-05-01,yogurt alpinito petit suisse melocoton 45 g x4 unds,A2,5800.0
181156,2024-05-01,yogurt griego snack fit me x150 ml,A2,8900.0
181206,2024-05-02,4 dispensadores de agua electrico para botellon recargable,A2,417900.0
181212,2024-05-02,achiras mauka sabor original ecopack 100 g,A2,13500.0
181510,2024-05-02,aromatica jaibel herbales frutos surtido 90 g,A2,27990.0
181813,2024-05-02,bebida natures heart almendras sin azucar 946 ml,A2,15300.0
181839,2024-05-02,bebida tosh cacao y almendra sin azucar 1 l,A2,17277.0
182058,2024-05-02,cafe colcafe vainil centto 115g x10 cap,A2,18890.0
182234,2024-05-02,caramelo bianchi mini mani chocolate blanco 65 g,A2,2700.0
182293,2024-05-02,cepillos dentales oralb indicator color collection 4 unds,A2,20475.0
182362,2024-05-02,cereal kellogg s allbran 400g,A2,21300.0
182693,2024-05-02,cplmto dentalife purina perro med 119g,A2,23550.0
182739,2024-05-02,cuchilla para licuadora black decker fusion acero bl165005la,A2,52917.0
183045,2024-05-02,galleta tosh fusion cereal fit 388g,A2,9500.0
183052,2024-05-02,galleta tosh tipo sandwich vainilla 144 g,A2,9500.0
183129,2024-05-02,galletas matinas vainilla 225g,A2,4900.0
183225,2024-05-02,gaseosa schweppes ginger ale 269ml,A2,2500.0
183289,2024-05-02,ginebra hendricks escape 750ml,A2,236900.0
183457,2024-05-02,jamon pietran de cerdo sin conservantes 431 g,A2,20750.0
183513,2024-05-02,jugo del valle frutal mango 500ml,A2,2600.0
183525,2024-05-02,jugo en caja nectar manzana 1000 ml,A2,6900.0
183565,2024-05-02,kimono mujer amarillo atypical 93586,A2,63000.0
183591,2024-05-02,lampara de techo ikelite 1 luz rojo e27 60 w,A2,46900.0
183610,2024-05-02,leche colanta deslactosada 11 lt,A2,5400.0
183896,2024-05-02,marisco camaron antillana artesanal 500 g,A2,41500.0
183945,2024-05-02,mezc frutino polv gelat ligth lm 11g,A2,2500.0
184227,2024-05-02,pasaboca kibo chips de lentejas sal marina 28 g x4 unds,A2,12950.0
184339,2024-05-02,pez filete de salmon pesco 300 g,A2,34500.0
184441,2024-05-02,pollo muslo fresco con piel acondesa kg,A2,11500.0
184710,2024-05-02,refresco frutino mango 2 lt,A2,800.0
184813,2024-05-02,res espaldillacascaracarne para desmechar tradicional,A2,30580.0
184819,2024-05-02,res lomo barcino redondotapa lomo tradicional,A2,28380.0
184948,2024-05-02,salsa fruco de soya 154 ml,A2,4485.0
185082,2024-05-02,sopa cup noodles carne 68g,A2,7200.0
185220,2024-05-02,te negro fuze tea durazno 400ml,A2,2750.0
185248,2024-05-02,teclado inalambrico star tec stkb689,A2,41900.0
185327,2024-05-02,tonica schweppes 300ml x 4 unds,A2,9500.0
185474,2024-05-02,vino blanco catena alta chardonnay 750 ml,A2,185350.0
185536,2024-05-02,vino blanco santa rita 120 chardonnay 750 ml,A2,71400.0
185669,2024-05-02,vino santiago 1541 brut espuma 750 ml,A2,66850.0
185746,2024-05-02,vino tinto dada 3 cabernet sauvignon syrah 750 ml,A2,72700.0
185749,2024-05-02,vino tinto dalamel merlot 750 ml,A2,78200.0
185814,2024-05-02,vino tinto libertador moscatel 750 ml,A2,14600.0
185851,2024-05-02,vino tinto polero cabernet sauvignon 750 ml,A2,35800.0
185886,2024-05-02,vino tinto santa rita 3 medallas merlot 750 ml,A2,51100.0
185961,2024-05-02,waflera black decker 800 w 4 puestos negro wm1000b,A2,170126.0
186089,2024-05-02,yogurt alpina finesse melocoton 1000 g,A2,15500.0
186117,2024-05-02,yogurt alpinito petit suisse melocoton 45 g x4 unds,A2,5800.0
186144,2024-05-02,yogurt griego snack fit me x150 ml,A2,8900.0
186194,2024-05-03,4 dispensadores de agua electrico para botellon recargable,A2,417900.0
186202,2024-05-03,achiras mauka sabor original ecopack 100 g,A2,13500.0
186512,2024-05-03,aromatica jaibel herbales frutos surtido 90 g,A2,27990.0
186818,2024-05-03,bebida natures heart almendras sin azucar 946 ml,A2,15300.0
186844,2024-05-03,bebida tosh cacao y almendra sin azucar 1 l,A2,17277.0
187063,2024-05-03,cafe colcafe vainil centto 115g x10 cap,A2,18890.0
187219,2024-05-03,caramelo bianchi mini mani chocolate blanco 65 g,A2,2700.0
187278,2024-05-03,cepillos dentales oralb indicator color collection 4 unds,A2,27300.0
187346,2024-05-03,cereal kellogg s allbran 400g,A2,21300.0
187674,2024-05-03,cplmto dentalife purina perro med 119g,A2,23550.0
187719,2024-05-03,cuchilla para licuadora black decker fusion acero bl165005la,A2,52917.0
188024,2024-05-03,galleta tosh fusion cereal fit 388g,A2,9500.0
188031,2024-05-03,galleta tosh tipo sandwich vainilla 144 g,A2,9500.0
188108,2024-05-03,galletas matinas vainilla 225g,A2,4900.0
188206,2024-05-03,gaseosa schweppes ginger ale 269ml,A2,2500.0
188273,2024-05-03,ginebra hendricks escape 750ml,A2,236900.0
188448,2024-05-03,jamon pietran de cerdo sin conservantes 431 g,A2,20750.0
188505,2024-05-03,jugo del valle frutal mango 500ml,A2,2600.0
188517,2024-05-03,jugo en caja nectar manzana 1000 ml,A2,6900.0
188559,2024-05-03,kimono mujer amarillo atypical 93586,A2,63000.0
188584,2024-05-03,lampara de techo ikelite 1 luz rojo e27 60 w,A2,46900.0
188604,2024-05-03,leche colanta deslactosada 11 lt,A2,5400.0
188889,2024-05-03,marisco camaron antillana artesanal 500 g,A2,33200.0
188934,2024-05-03,mezc frutino polv gelat ligth lm 11g,A2,2500.0
189220,2024-05-03,pasaboca kibo chips de lentejas sal marina 28 g x4 unds,A2,12950.0
189429,2024-05-03,pollo muslo fresco con piel acondesa kg,A2,11500.0
189699,2024-05-03,refresco frutino mango 2 lt,A2,800.0
189804,2024-05-03,res espaldillacascaracarne para desmechar tradicional,A2,30580.0
189810,2024-05-03,res lomo barcino redondotapa lomo tradicional,A2,28380.0
189934,2024-05-03,salsa fruco de soya 154 ml,A2,4485.0
190063,2024-05-03,sopa cup noodles carne 68g,A2,7200.0
190205,2024-05-03,te negro fuze tea durazno 400ml,A2,2750.0
190237,2024-05-03,teclado inalambrico star tec stkb689,A2,41900.0
190315,2024-05-03,tonica schweppes 300ml x 4 unds,A2,9500.0
190441,2024-05-03,vino baron philippe rot chardonnay 750 ml,A2,45640.0
190464,2024-05-03,vino blanco catena alta chardonnay 750 ml,A2,129745.0
190528,2024-05-03,vino blanco santa rita 120 chardonnay 750 ml,A2,49980.0
190663,2024-05-03,vino santiago 1541 brut espuma 750 ml,A2,46795.0
190739,2024-05-03,vino tinto dada 3 cabernet sauvignon syrah 750 ml,A2,50890.0
190742,2024-05-03,vino tinto dalamel merlot 750 ml,A2,54740.0
190809,2024-05-03,vino tinto libertador moscatel 750 ml,A2,10220.0
190846,2024-05-03,vino tinto polero cabernet sauvignon 750 ml,A2,25060.0
190880,2024-05-03,vino tinto santa rita 3 medallas merlot 750 ml,A2,35770.0
190951,2024-05-03,waflera black decker 800 w 4 puestos negro wm1000b,A2,170126.0
191075,2024-05-03,yogurt alpina finesse melocoton 1000 g,A2,15500.0
191103,2024-05-03,yogurt alpinito petit suisse melocoton 45 g x4 unds,A2,5800.0
191130,2024-05-03,yogurt griego snack fit me x150 ml,A2,8900.0
191178,2024-05-06,4 dispensadores de agua electrico para botellon recargable,A2,417900.0
191186,2024-05-06,achiras mauka sabor original ecopack 100 g,A2,13500.0
191489,2024-05-06,aromatica jaibel herbales frutos surtido 90 g,A2,27990.0
191785,2024-05-06,bebida natures heart almendras sin azucar 946 ml,A2,15300.0
191810,2024-05-06,bebida tosh cacao y almendra sin azucar 1 l,A2,17277.0
192026,2024-05-06,cafe colcafe vainil centto 115g x10 cap,A2,18890.0
192185,2024-05-06,caramelo bianchi mini mani chocolate blanco 65 g,A2,2700.0
192243,2024-05-06,cepillos dentales oralb indicator color collection 4 unds,A2,27300.0
192317,2024-05-06,cereal kellogg s allbran 400g,A2,21300.0
192647,2024-05-06,cplmto dentalife purina perro med 119g,A2,23550.0
192694,2024-05-06,cuchilla para licuadora black decker fusion acero bl165005la,A2,56900.0
193007,2024-05-06,galleta tosh fusion cereal fit 388g,A2,9850.0
193014,2024-05-06,galleta tosh tipo sandwich vainilla 144 g,A2,9500.0
193089,2024-05-06,galletas matinas vainilla 225g,A2,4900.0
193188,2024-05-06,gaseosa schweppes ginger ale 269ml,A2,1625.0
193253,2024-05-06,ginebra hendricks escape 750ml,A2,236900.0
193431,2024-05-06,jamon pietran de cerdo sin conservantes 431 g,A2,20750.0
193490,2024-05-06,jugo del valle frutal mango 500ml,A2,2600.0
193502,2024-05-06,jugo en caja nectar manzana 1000 ml,A2,6900.0
193544,2024-05-06,kimono mujer amarillo atypical 93586,A2,63000.0
193570,2024-05-06,lampara de techo ikelite 1 luz rojo e27 60 w,A2,46900.0
193590,2024-05-06,leche colanta deslactosada 11 lt,A2,5400.0
193875,2024-05-06,marisco camaron antillana artesanal 500 g,A2,41500.0
193918,2024-05-06,mezc frutino polv gelat ligth lm 11g,A2,2500.0
194197,2024-05-06,pasaboca kibo chips de lentejas sal marina 28 g x4 unds,A2,9065.0
194310,2024-05-06,pez filete de salmon pesco 300 g,A2,34500.0
194415,2024-05-06,pollo muslo fresco con piel acondesa kg,A2,11500.0
194681,2024-05-06,refresco frutino mango 2 lt,A2,800.0
194799,2024-05-06,res espaldillacascaracarne para desmechar tradicional,A2,30580.0
194802,2024-05-06,res goulashtrocito a2 bandeja x kg,A2,37750.0
194807,2024-05-06,res lomo barcino redondotapa lomo tradicional,A2,28380.0
194940,2024-05-06,salsa fruco de soya 154 ml,A2,4485.0
195070,2024-05-06,sopa cup noodles carne 68g,A2,7200.0
195210,2024-05-06,te negro fuze tea durazno 400ml,A2,2750.0
195239,2024-05-06,teclado inalambrico star tec stkb689,A2,41900.0
195319,2024-05-06,tonica schweppes 300ml x 4 unds,A2,6175.0
195454,2024-05-06,vino baron philippe rot chardonnay 750 ml,A2,39120.0
195474,2024-05-06,vino blanco catena alta chardonnay 750 ml,A2,185350.0
195538,2024-05-06,vino blanco santa rita 120 chardonnay 750 ml,A2,46410.0
195672,2024-05-06,vino santiago 1541 brut espuma 750 ml,A2,66850.0
195748,2024-05-06,vino tinto dada 3 cabernet sauvignon syrah 750 ml,A2,72700.0
195816,2024-05-06,vino tinto libertador moscatel 750 ml,A2,14600.0
195853,2024-05-06,vino tinto polero cabernet sauvignon 750 ml,A2,35800.0
195887,2024-05-06,vino tinto santa rita 3 medallas merlot 750 ml,A2,33215.0
195959,2024-05-06,waflera black decker 800 w 4 puestos negro wm1000b,A2,229900.0
196074,2024-05-06,yogurt alpina finesse melocoton 1000 g,A2,15500.0
196102,2024-05-06,yogurt alpinito petit suisse melocoton 45 g x4 unds,A2,5800.0
196130,2024-05-06,yogurt griego snack fit me x150 ml,A2,7120.0
196180,2024-05-08,4 dispensadores de agua electrico para botellon recargable,A2,417900.0
196187,2024-05-08,achiras mauka sabor original ecopack 100 g,A2,13500.0
196488,2024-05-08,aromatica jaibel herbales frutos surtido 90 g,A2,27990.0
196792,2024-05-08,bebida natures heart almendras sin azucar 946 ml,A2,15300.0
196817,2024-05-08,bebida tosh cacao y almendra sin azucar 1 l,A2,17277.0
197043,2024-05-08,cafe colcafe vainil centto 115g x10 cap,A2,18890.0
197215,2024-05-08,caramelo bianchi mini mani chocolate blanco 65 g,A2,2700.0
197271,2024-05-08,cepillos dentales oralb indicator color collection 4 unds,A2,20475.0
197346,2024-05-08,cereal kellogg s allbran 400g,A2,21300.0
197686,2024-05-08,cplmto dentalife purina perro med 119g,A2,23550.0
197735,2024-05-08,cuchilla para licuadora black decker fusion acero bl165005la,A2,56900.0
198042,2024-05-08,galleta tosh fusion cereal fit 388g,A2,9850.0
198049,2024-05-08,galleta tosh tipo sandwich vainilla 144 g,A2,9500.0
198125,2024-05-08,galletas matinas vainilla 225g,A2,4900.0
198223,2024-05-08,gaseosa schweppes ginger ale 269ml,A2,1625.0
198287,2024-05-08,ginebra hendricks escape 750ml,A2,236900.0
198464,2024-05-08,jamon pietran de cerdo sin conservantes 431 g,A2,20750.0
198529,2024-05-08,jugo del valle frutal mango 500ml,A2,2600.0
198541,2024-05-08,jugo en caja nectar manzana 1000 ml,A2,6900.0
198583,2024-05-08,kimono mujer amarillo atypical 93586,A2,63000.0
198609,2024-05-08,lampara de techo ikelite 1 luz rojo e27 60 w,A2,46900.0
198628,2024-05-08,leche colanta deslactosada 11 lt,A2,5400.0
198907,2024-05-08,marisco camaron antillana artesanal 500 g,A2,41500.0
198950,2024-05-08,mezc frutino polv gelat ligth lm 11g,A2,2500.0
199226,2024-05-08,pasaboca kibo chips de lentejas sal marina 28 g x4 unds,A2,12950.0
199336,2024-05-08,pez filete de salmon pesco 300 g,A2,34500.0
199440,2024-05-08,pollo muslo fresco con piel acondesa kg,A2,11500.0
199703,2024-05-08,refresco frutino mango 2 lt,A2,800.0
199821,2024-05-08,res espaldillacascaracarne para desmechar tradicional,A2,30580.0
199824,2024-05-08,res goulashtrocito a2 bandeja x kg,A2,32087.0
199829,2024-05-08,res lomo barcino redondotapa lomo tradicional,A2,28380.0
199959,2024-05-08,salsa fruco de soya 154 ml,A2,4485.0
200084,2024-05-08,sopa cup noodles carne 68g,A2,7200.0
200215,2024-05-08,te negro fuze tea durazno 400ml,A2,2750.0
200246,2024-05-08,teclado inalambrico star tec stkb689,A2,41900.0
200323,2024-05-08,tonica schweppes 300ml x 4 unds,A2,6175.0
200453,2024-05-08,vino baron philippe rot chardonnay 750 ml,A2,39120.0
200475,2024-05-08,vino blanco catena alta chardonnay 750 ml,A2,185350.0
200539,2024-05-08,vino blanco santa rita 120 chardonnay 750 ml,A2,46410.0
200673,2024-05-08,vino santiago 1541 brut espuma 750 ml,A2,66850.0
200749,2024-05-08,vino tinto dada 3 cabernet sauvignon syrah 750 ml,A2,72700.0
200752,2024-05-08,vino tinto dalamel merlot 750 ml,A2,78200.0
200818,2024-05-08,vino tinto libertador moscatel 750 ml,A2,14600.0
200855,2024-05-08,vino tinto polero cabernet sauvignon 750 ml,A2,35800.0
200889,2024-05-08,vino tinto santa rita 3 medallas merlot 750 ml,A2,33215.0
200962,2024-05-08,waflera black decker 800 w 4 puestos negro wm1000b,A2,229900.0
201079,2024-05-08,yogurt alpina finesse melocoton 1000 g,A2,15500.0
201107,2024-05-08,yogurt alpinito petit suisse melocoton 45 g x4 unds,A2,5800.0
201134,2024-05-08,yogurt griego snack fit me x150 ml,A2,8900.0
201187,2024-05-09,4 dispensadores de agua electrico para botellon recargable,A2,417900.0
201194,2024-05-09,achiras mauka sabor original ecopack 100 g,A2,13500.0
201499,2024-05-09,aromatica jaibel herbales frutos surtido 90 g,A2,27990.0
201797,2024-05-09,bebida natures heart almendras sin azucar 946 ml,A2,15300.0
201822,2024-05-09,bebida tosh cacao y almendra sin azucar 1 l,A2,17277.0
201972,2024-05-09,cafe colcafe vainil centto 115g x10 cap,A2,18890.0
202072,2024-05-09,caramelo bianchi mini mani chocolate blanco 65 g,A2,2700.0
202198,2024-05-09,cereal kellogg s allbran 400g,A2,21300.0
202529,2024-05-09,cplmto dentalife purina perro med 119g,A2,23550.0
202573,2024-05-09,cuchilla para licuadora black decker fusion acero bl165005la,A2,52917.0
202855,2024-05-09,galleta tosh fusion cereal fit 388g,A2,9850.0
202862,2024-05-09,galleta tosh tipo sandwich vainilla 144 g,A2,9500.0
202938,2024-05-09,galletas matinas vainilla 225g,A2,4900.0
203035,2024-05-09,gaseosa schweppes ginger ale 269ml,A2,1625.0
203099,2024-05-09,ginebra hendricks escape 750ml,A2,236900.0
203273,2024-05-09,jamon pietran de cerdo sin conservantes 431 g,A2,20750.0
203321,2024-05-09,jugo del valle frutal mango 500ml,A2,2600.0
203333,2024-05-09,jugo en caja nectar manzana 1000 ml,A2,6900.0
203396,2024-05-09,lampara de techo ikelite 1 luz rojo e27 60 w,A2,46900.0
203415,2024-05-09,leche colanta deslactosada 11 lt,A2,5400.0
203698,2024-05-09,marisco camaron antillana artesanal 500 g,A2,41500.0
203742,2024-05-09,mezc frutino polv gelat ligth lm 11g,A2,2500.0
203983,2024-05-09,pasaboca kibo chips de lentejas sal marina 28 g x4 unds,A2,12950.0
204094,2024-05-09,pez filete de salmon pesco 300 g,A2,34500.0
204190,2024-05-09,pollo muslo fresco con piel acondesa kg,A2,11500.0
204430,2024-05-09,refresco frutino mango 2 lt,A2,800.0
204536,2024-05-09,res espaldillacascaracarne para desmechar tradicional,A2,30580.0
204543,2024-05-09,res lomo barcino redondotapa lomo tradicional,A2,28380.0
204685,2024-05-09,salsa fruco de soya 154 ml,A2,4485.0
204785,2024-05-09,sopa cup noodles carne 68g,A2,7200.0
204913,2024-05-09,te negro fuze tea durazno 400ml,A2,2750.0
204944,2024-05-09,teclado inalambrico star tec stkb689,A2,41900.0
205023,2024-05-09,tonica schweppes 300ml x 4 unds,A2,6175.0
205115,2024-05-09,vino baron philippe rot chardonnay 750 ml,A2,39120.0
205137,2024-05-09,vino blanco catena alta chardonnay 750 ml,A2,185350.0
205201,2024-05-09,vino blanco santa rita 120 chardonnay 750 ml,A2,46410.0
205334,2024-05-09,vino santiago 1541 brut espuma 750 ml,A2,66850.0
205410,2024-05-09,vino tinto dada 3 cabernet sauvignon syrah 750 ml,A2,72700.0
205413,2024-05-09,vino tinto dalamel merlot 750 ml,A2,78200.0
205478,2024-05-09,vino tinto libertador moscatel 750 ml,A2,14600.0
205515,2024-05-09,vino tinto polero cabernet sauvignon 750 ml,A2,35800.0
205549,2024-05-09,vino tinto santa rita 3 medallas merlot 750 ml,A2,33215.0
205622,2024-05-09,waflera black decker 800 w 4 puestos negro wm1000b,A2,170126.0
205736,2024-05-09,yogurt alpina finesse melocoton 1000 g,A2,15500.0
205764,2024-05-09,yogurt alpinito petit suisse melocoton 45 g x4 unds,A2,5800.0
205791,2024-05-09,yogurt griego snack fit me x150 ml,A2,8900.0
205840,2024-05-11,4 dispensadores de agua electrico para botellon recargable,A2,417900.0
205847,2024-05-11,achiras mauka sabor original ecopack 100 g,A2,13500.0
206143,2024-05-11,aromatica jaibel herbales frutos surtido 90 g,A2,27990.0
206434,2024-05-11,bebida natures heart almendras sin azucar 946 ml,A2,15300.0
206460,2024-05-11,bebida tosh cacao y almendra sin azucar 1 l,A2,17277.0
206597,2024-05-11,cafe colcafe vainil centto 115g x10 cap,A2,18890.0
206675,2024-05-11,caramelo bianchi mini mani chocolate blanco 65 g,A2,2700.0
206731,2024-05-11,cepillos dentales oralb indicator color collection 4 unds,A2,27300.0
206805,2024-05-11,cereal kellogg s allbran 400g,A2,21300.0
207125,2024-05-11,cplmto dentalife purina perro med 119g,A2,23550.0
207170,2024-05-11,cuchilla para licuadora black decker fusion acero bl165005la,A2,52917.0
207453,2024-05-11,galleta tosh fusion cereal fit 388g,A2,9850.0
207460,2024-05-11,galleta tosh tipo sandwich vainilla 144 g,A2,9500.0
207534,2024-05-11,galletas matinas vainilla 225g,A2,4900.0
207631,2024-05-11,gaseosa schweppes ginger ale 269ml,A2,1625.0
207697,2024-05-11,ginebra hendricks escape 750ml,A2,236900.0
207872,2024-05-11,jamon pietran de cerdo sin conservantes 431 g,A2,20750.0
207914,2024-05-11,jugo del valle frutal mango 500ml,A2,2600.0
207926,2024-05-11,jugo en caja nectar manzana 1000 ml,A2,6900.0
207989,2024-05-11,lampara de techo ikelite 1 luz rojo e27 60 w,A2,46900.0
208009,2024-05-11,leche colanta deslactosada 11 lt,A2,5400.0
208293,2024-05-11,marisco camaron antillana artesanal 500 g,A2,35275.0
208336,2024-05-11,mezc frutino polv gelat ligth lm 11g,A2,2500.0
208577,2024-05-11,pasaboca kibo chips de lentejas sal marina 28 g x4 unds,A2,12950.0
208691,2024-05-11,pez filete de salmon pesco 300 g,A2,34500.0
208788,2024-05-11,pollo muslo fresco con piel acondesa kg,A2,11500.0
209026,2024-05-11,refresco frutino mango 2 lt,A2,800.0
209316,2024-05-11,res espaldillacascaracarne para desmechar tradicional,A2,30580.0
209319,2024-05-11,res goulashtrocito a2 bandeja x kg,A2,37750.0
209324,2024-05-11,res lomo barcino redondotapa lomo tradicional,A2,28380.0
209465,2024-05-11,salsa fruco de soya 154 ml,A2,4485.0
209573,2024-05-11,sopa cup noodles carne 68g,A2,7200.0
209702,2024-05-11,te negro fuze tea durazno 400ml,A2,2750.0
209733,2024-05-11,teclado inalambrico star tec stkb689,A2,41900.0
209797,2024-05-11,tonica schweppes 300ml x 4 unds,A2,6175.0
209875,2024-05-11,vino baron philippe rot chardonnay 750 ml,A2,39120.0
209896,2024-05-11,vino blanco catena alta chardonnay 750 ml,A2,215300.0
209962,2024-05-11,vino blanco santa rita 120 chardonnay 750 ml,A2,46410.0
210094,2024-05-11,vino santiago 1541 brut espuma 750 ml,A2,66850.0
210169,2024-05-11,vino tinto dada 3 cabernet sauvignon syrah 750 ml,A2,72700.0
210172,2024-05-11,vino tinto dalamel merlot 750 ml,A2,78200.0
210235,2024-05-11,vino tinto libertador moscatel 750 ml,A2,14600.0
210272,2024-05-11,vino tinto polero cabernet sauvignon 750 ml,A2,35800.0
210304,2024-05-11,vino tinto santa rita 3 medallas merlot 750 ml,A2,33215.0
210377,2024-05-11,waflera black decker 800 w 4 puestos negro wm1000b,A2,170126.0
210495,2024-05-11,yogurt alpina finesse melocoton 1000 g,A2,15500.0
210523,2024-05-11,yogurt alpinito petit suisse melocoton 45 g x4 unds,A2,5800.0
210553,2024-05-11,yogurt griego snack fit me x150 ml,A2,8900.0
210605,2024-05-12,4 dispensadores de agua electrico para botellon recargable,A2,417900.0
210612,2024-05-12,achiras mauka sabor original ecopack 100 g,A2,13500.0
210901,2024-05-12,aromatica jaibel herbales frutos surtido 90 g,A2,27990.0
211201,2024-05-12,bebida natures heart almendras sin azucar 946 ml,A2,15300.0
211225,2024-05-12,bebida tosh cacao y almendra sin azucar 1 l,A2,17277.0
211425,2024-05-12,cafe colcafe vainil centto 115g x10 cap,A2,18890.0
211597,2024-05-12,caramelo bianchi mini mani chocolate blanco 65 g,A2,2700.0
211655,2024-05-12,cepillos dentales oralb indicator color collection 4 unds,A2,27300.0
211726,2024-05-12,cereal kellogg s allbran 400g,A2,21300.0
212056,2024-05-12,cplmto dentalife purina perro med 119g,A2,23550.0
212102,2024-05-12,cuchilla para licuadora black decker fusion acero bl165005la,A2,52917.0
212413,2024-05-12,galleta tosh fusion cereal fit 388g,A2,9850.0
212420,2024-05-12,galleta tosh tipo sandwich vainilla 144 g,A2,9500.0
212494,2024-05-12,galletas matinas vainilla 225g,A2,4900.0
212589,2024-05-12,gaseosa schweppes ginger ale 269ml,A2,1625.0
212657,2024-05-12,ginebra hendricks escape 750ml,A2,236900.0
212831,2024-05-12,jamon pietran de cerdo sin conservantes 431 g,A2,20750.0
212878,2024-05-12,jugo del valle frutal mango 500ml,A2,2600.0
212890,2024-05-12,jugo en caja nectar manzana 1000 ml,A2,6900.0
212932,2024-05-12,kimono mujer amarillo atypical 93586,A2,63000.0
212956,2024-05-12,lampara de techo ikelite 1 luz rojo e27 60 w,A2,46900.0
213243,2024-05-12,marisco camaron antillana artesanal 500 g,A2,35275.0
213286,2024-05-12,mezc frutino polv gelat ligth lm 11g,A2,2500.0
213550,2024-05-12,pasaboca kibo chips de lentejas sal marina 28 g x4 unds,A2,12950.0
213666,2024-05-12,pez filete de salmon pesco 300 g,A2,34500.0
213770,2024-05-12,pollo muslo fresco con piel acondesa kg,A2,11500.0
214025,2024-05-12,refresco frutino mango 2 lt,A2,800.0
214122,2024-05-12,res espaldillacascaracarne para desmechar tradicional,A2,30580.0
214128,2024-05-12,res lomo barcino redondotapa lomo tradicional,A2,28380.0
214256,2024-05-12,salsa fruco de soya 154 ml,A2,4485.0
214399,2024-05-12,sopa cup noodles carne 68g,A2,7200.0
214535,2024-05-12,te negro fuze tea durazno 400ml,A2,2750.0
214566,2024-05-12,teclado inalambrico star tec stkb689,A2,41900.0
214641,2024-05-12,tonica schweppes 300ml x 4 unds,A2,6175.0
214758,2024-05-12,vino baron philippe rot chardonnay 750 ml,A2,39120.0
214779,2024-05-12,vino blanco catena alta chardonnay 750 ml,A2,215300.0
214845,2024-05-12,vino blanco santa rita 120 chardonnay 750 ml,A2,46410.0
214974,2024-05-12,vino santiago 1541 brut espuma 750 ml,A2,66850.0
215048,2024-05-12,vino tinto dada 3 cabernet sauvignon syrah 750 ml,A2,72700.0
215051,2024-05-12,vino tinto dalamel merlot 750 ml,A2,78200.0
215115,2024-05-12,vino tinto libertador moscatel 750 ml,A2,14600.0
215152,2024-05-12,vino tinto polero cabernet sauvignon 750 ml,A2,35800.0
215184,2024-05-12,vino tinto santa rita 3 medallas merlot 750 ml,A2,33215.0
215256,2024-05-12,waflera black decker 800 w 4 puestos negro wm1000b,A2,170126.0
215369,2024-05-12,yogurt alpina finesse melocoton 1000 g,A2,15500.0
215397,2024-05-12,yogurt alpinito petit suisse melocoton 45 g x4 unds,A2,5800.0
215426,2024-05-12,yogurt griego snack fit me x150 ml,A2,8900.0
215478,2024-05-13,4 dispensadores de agua electrico para botellon recargable,A2,417900.0
215485,2024-05-13,achiras mauka sabor original ecopack 100 g,A2,13500.0
215783,2024-05-13,aromatica jaibel herbales frutos surtido 90 g,A2,27990.0
216082,2024-05-13,bebida natures heart almendras sin azucar 946 ml,A2,15300.0
216109,2024-05-13,bebida tosh cacao y almendra sin azucar 1 l,A2,17277.0
216331,2024-05-13,cafe colcafe vainil centto 115g x10 cap,A2,18890.0
216505,2024-05-13,caramelo bianchi mini mani chocolate blanco 65 g,A2,2700.0
216563,2024-05-13,cepillos dentales oralb indicator color collection 4 unds,A2,27300.0
216636,2024-05-13,cereal kellogg s allbran 400g,A2,21300.0
216977,2024-05-13,cplmto dentalife purina perro med 119g,A2,23550.0
217027,2024-05-13,cuchilla para licuadora black decker fusion acero bl165005la,A2,56900.0
217323,2024-05-13,galleta tosh fusion cereal fit 388g,A2,9850.0
217330,2024-05-13,galleta tosh tipo sandwich vainilla 144 g,A2,9500.0
217404,2024-05-13,galletas matinas vainilla 225g,A2,4900.0
217500,2024-05-13,gaseosa schweppes ginger ale 269ml,A2,2500.0
217568,2024-05-13,ginebra hendricks escape 750ml,A2,236900.0
217744,2024-05-13,jamon pietran de cerdo sin conservantes 431 g,A2,20750.0
217801,2024-05-13,jugo del valle frutal mango 500ml,A2,2600.0
217813,2024-05-13,jugo en caja nectar manzana 1000 ml,A2,6900.0
217853,2024-05-13,kimono mujer amarillo atypical 93586,A2,63000.0
217877,2024-05-13,lampara de techo ikelite 1 luz rojo e27 60 w,A2,46900.0
217896,2024-05-13,leche colanta deslactosada 11 lt,A2,5400.0
218179,2024-05-13,marisco camaron antillana artesanal 500 g,A2,35275.0
218225,2024-05-13,mezc frutino polv gelat ligth lm 11g,A2,2500.0
218497,2024-05-13,pasaboca kibo chips de lentejas sal marina 28 g x4 unds,A2,9065.0
218612,2024-05-13,pez filete de salmon pesco 300 g,A2,34500.0
218717,2024-05-13,pollo muslo fresco con piel acondesa kg,A2,11500.0
218970,2024-05-13,refresco frutino mango 2 lt,A2,800.0
219073,2024-05-13,res espaldillacascaracarne para desmechar tradicional,A2,30580.0
219080,2024-05-13,res lomo barcino redondotapa lomo tradicional,A2,28380.0
219211,2024-05-13,salsa fruco de soya 154 ml,A2,4485.0
219343,2024-05-13,sopa cup noodles carne 68g,A2,7200.0
219477,2024-05-13,te negro fuze tea durazno 400ml,A2,2750.0
219508,2024-05-13,teclado inalambrico star tec stkb689,A2,41900.0
219585,2024-05-13,tonica schweppes 300ml x 4 unds,A2,9500.0
219715,2024-05-13,vino baron philippe rot chardonnay 750 ml,A2,39120.0
219735,2024-05-13,vino blanco catena alta chardonnay 750 ml,A2,215300.0
219801,2024-05-13,vino blanco santa rita 120 chardonnay 750 ml,A2,46410.0
219930,2024-05-13,vino santiago 1541 brut espuma 750 ml,A2,66850.0
220004,2024-05-13,vino tinto dada 3 cabernet sauvignon syrah 750 ml,A2,72700.0
220007,2024-05-13,vino tinto dalamel merlot 750 ml,A2,78200.0
220070,2024-05-13,vino tinto libertador moscatel 750 ml,A2,14600.0
220106,2024-05-13,vino tinto polero cabernet sauvignon 750 ml,A2,35800.0
220138,2024-05-13,vino tinto santa rita 3 medallas merlot 750 ml,A2,33215.0
220213,2024-05-13,waflera black decker 800 w 4 puestos negro wm1000b,A2,229900.0
220326,2024-05-13,yogurt alpina finesse melocoton 1000 g,A2,15500.0
220354,2024-05-13,yogurt alpinito petit suisse melocoton 45 g x4 unds,A2,5800.0
220383,2024-05-13,yogurt griego snack fit me x150 ml,A2,8900.0
220432,2024-05-14,4 dispensadores de agua electrico para botellon recargable,A2,417900.0
220434,2024-05-14,achiras mauka sabor original ecopack 100 g,A2,13500.0
220873,2024-05-14,bebida natures heart almendras sin azucar 946 ml,A2,15300.0
220899,2024-05-14,bebida tosh cacao y almendra sin azucar 1 l,A2,17277.0
221224,2024-05-14,caramelo bianchi mini mani chocolate blanco 65 g,A2,2700.0
221335,2024-05-14,cereal kellogg s allbran 400g,A2,21300.0
221620,2024-05-14,cplmto dentalife purina perro med 119g,A2,17662.0
221649,2024-05-14,cuchilla para licuadora black decker fusion acero bl165005la,A2,56900.0
221916,2024-05-14,gaseosa schweppes ginger ale 269ml,A2,2500.0
221968,2024-05-14,ginebra hendricks escape 750ml,A2,236900.0
222122,2024-05-14,jugo del valle frutal mango 500ml,A2,2600.0
222134,2024-05-14,jugo en caja nectar manzana 1000 ml,A2,6900.0
222174,2024-05-14,kimono mujer amarillo atypical 93586,A2,63000.0
222193,2024-05-14,lampara de techo ikelite 1 luz rojo e27 60 w,A2,46900.0
222381,2024-05-14,marisco camaron antillana artesanal 500 g,A2,35275.0
222424,2024-05-14,mezc frutino polv gelat ligth lm 11g,A2,2500.0
222651,2024-05-14,pasaboca kibo chips de lentejas sal marina 28 g x4 unds,A2,9065.0
222732,2024-05-14,pez filete de salmon pesco 300 g,A2,34500.0
222988,2024-05-14,refresco frutino mango 2 lt,A2,800.0
223140,2024-05-14,salsa fruco de soya 154 ml,A2,4485.0
223338,2024-05-14,te negro fuze tea durazno 400ml,A2,2750.0
223348,2024-05-14,teclado inalambrico star tec stkb689,A2,41900.0
223410,2024-05-14,tonica schweppes 300ml x 4 unds,A2,9500.0
223535,2024-05-14,vino baron philippe rot chardonnay 750 ml,A2,39120.0
223555,2024-05-14,vino blanco catena alta chardonnay 750 ml,A2,215300.0
223620,2024-05-14,vino blanco santa rita 120 chardonnay 750 ml,A2,46410.0
223751,2024-05-14,vino santiago 1541 brut espuma 750 ml,A2,66850.0
223825,2024-05-14,vino tinto dada 3 cabernet sauvignon syrah 750 ml,A2,72700.0
223828,2024-05-14,vino tinto dalamel merlot 750 ml,A2,78200.0
223891,2024-05-14,vino tinto libertador moscatel 750 ml,A2,14600.0
223927,2024-05-14,vino tinto polero cabernet sauvignon 750 ml,A2,35800.0
223959,2024-05-14,vino tinto santa rita 3 medallas merlot 750 ml,A2,33215.0
224029,2024-05-14,waflera black decker 800 w 4 puestos negro wm1000b,A2,229900.0
224118,2024-05-14,yogurt alpinito petit suisse melocoton 45 g x4 unds,A2,4930.0
224156,2024-05-15,4 dispensadores de agua electrico para botellon recargable,A2,417900.0
224163,2024-05-15,achiras mauka sabor original ecopack 100 g,A2,13500.0
224458,2024-05-15,aromatica jaibel herbales frutos surtido 90 g,A2,27990.0
224750,2024-05-15,bebida natures heart almendras sin azucar 946 ml,A2,10710.0
224775,2024-05-15,bebida tosh cacao y almendra sin azucar 1 l,A2,17277.0
224946,2024-05-15,cafe colcafe vainil centto 115g x10 cap,A2,18890.0
225048,2024-05-15,caramelo bianchi mini mani chocolate blanco 65 g,A2,2700.0
225107,2024-05-15,cepillos dentales oralb indicator color collection 4 unds,A2,20475.0
225181,2024-05-15,cereal kellogg s allbran 400g,A2,21300.0
225497,2024-05-15,cplmto dentalife purina perro med 119g,A2,23550.0
225540,2024-05-15,cuchilla para licuadora black decker fusion acero bl165005la,A2,56900.0
225829,2024-05-15,galleta tosh fusion cereal fit 388g,A2,9850.0
225836,2024-05-15,galleta tosh tipo sandwich vainilla 144 g,A2,9500.0
225910,2024-05-15,galletas matinas vainilla 225g,A2,4900.0
226006,2024-05-15,gaseosa schweppes ginger ale 269ml,A2,2500.0
226070,2024-05-15,ginebra hendricks escape 750ml,A2,236900.0
226246,2024-05-15,jamon pietran de cerdo sin conservantes 431 g,A2,21400.0
226285,2024-05-15,jugo del valle frutal mango 500ml,A2,2600.0
226297,2024-05-15,jugo en caja nectar manzana 1000 ml,A2,6900.0
226361,2024-05-15,lampara de techo ikelite 1 luz rojo e27 60 w,A2,46900.0
226381,2024-05-15,leche colanta deslactosada 11 lt,A2,5400.0
226665,2024-05-15,marisco camaron antillana artesanal 500 g,A2,35275.0
226706,2024-05-15,mezc frutino polv gelat ligth lm 11g,A2,2500.0
226969,2024-05-15,pasaboca kibo chips de lentejas sal marina 28 g x4 unds,A2,12950.0
227075,2024-05-15,pez filete de salmon pesco 300 g,A2,34500.0
227171,2024-05-15,pollo muslo fresco con piel acondesa kg,A2,11500.0
227403,2024-05-15,refresco frutino mango 2 lt,A2,800.0
227684,2024-05-15,res espaldillacascaracarne para desmechar tradicional,A2,30580.0
227687,2024-05-15,res goulashtrocito a2 bandeja x kg,A2,32087.0
227692,2024-05-15,res lomo barcino redondotapa lomo tradicional,A2,28380.0
227833,2024-05-15,salsa fruco de soya 154 ml,A2,4543.0
227943,2024-05-15,sopa cup noodles carne 68g,A2,7200.0
228082,2024-05-15,te negro fuze tea durazno 400ml,A2,2750.0
228108,2024-05-15,teclado inalambrico star tec stkb689,A2,41900.0
228173,2024-05-15,tonica schweppes 300ml x 4 unds,A2,9500.0
228252,2024-05-15,vino baron philippe rot chardonnay 750 ml,A2,39120.0
228272,2024-05-15,vino blanco catena alta chardonnay 750 ml,A2,215300.0
228336,2024-05-15,vino blanco santa rita 120 chardonnay 750 ml,A2,46410.0
228466,2024-05-15,vino santiago 1541 brut espuma 750 ml,A2,66850.0
228540,2024-05-15,vino tinto dada 3 cabernet sauvignon syrah 750 ml,A2,72700.0
228543,2024-05-15,vino tinto dalamel merlot 750 ml,A2,78200.0
228606,2024-05-15,vino tinto libertador moscatel 750 ml,A2,14600.0
228642,2024-05-15,vino tinto polero cabernet sauvignon 750 ml,A2,35800.0
228674,2024-05-15,vino tinto santa rita 3 medallas merlot 750 ml,A2,33215.0
228749,2024-05-15,waflera black decker 800 w 4 puestos negro wm1000b,A2,229900.0
228871,2024-05-15,yogurt alpina finesse melocoton 1000 g,A2,15500.0
228899,2024-05-15,yogurt alpinito petit suisse melocoton 45 g x4 unds,A2,5800.0
228927,2024-05-15,yogurt griego snack fit me x150 ml,A2,8900.0
228980,2024-05-16,4 dispensadores de agua electrico para botellon recargable,A2,417900.0
228987,2024-05-16,achiras mauka sabor original ecopack 100 g,A2,13500.0
229290,2024-05-16,aromatica jaibel herbales frutos surtido 90 g,A2,27990.0
229589,2024-05-16,bebida natures heart almendras sin azucar 946 ml,A2,15300.0
229615,2024-05-16,bebida tosh cacao y almendra sin azucar 1 l,A2,17277.0
229787,2024-05-16,cafe colcafe vainil centto 115g x10 cap,A2,18890.0
229899,2024-05-16,caramelo bianchi mini mani chocolate blanco 65 g,A2,2700.0
229958,2024-05-16,cepillos dentales oralb indicator color collection 4 unds,A2,20475.0
230026,2024-05-16,cereal kellogg s allbran 400g,A2,21300.0
230334,2024-05-16,cplmto dentalife purina perro med 119g,A2,23550.0
230376,2024-05-16,cuchilla para licuadora black decker fusion acero bl165005la,A2,56900.0
230650,2024-05-16,galleta tosh fusion cereal fit 388g,A2,9850.0
230657,2024-05-16,galleta tosh tipo sandwich vainilla 144 g,A2,9500.0
230730,2024-05-16,galletas matinas vainilla 225g,A2,4900.0
230826,2024-05-16,gaseosa schweppes ginger ale 269ml,A2,2500.0
230887,2024-05-16,ginebra hendricks escape 750ml,A2,236900.0
231045,2024-05-16,jamon pietran de cerdo sin conservantes 431 g,A2,21400.0
231084,2024-05-16,jugo del valle frutal mango 500ml,A2,2600.0
231096,2024-05-16,jugo en caja nectar manzana 1000 ml,A2,6900.0
231157,2024-05-16,lampara de techo ikelite 1 luz rojo e27 60 w,A2,46900.0
231177,2024-05-16,leche colanta deslactosada 11 lt,A2,5400.0
231459,2024-05-16,marisco camaron antillana artesanal 500 g,A2,35275.0
231504,2024-05-16,mezc frutino polv gelat ligth lm 11g,A2,2500.0
231583,2024-05-16,mouse logitech g703 hero wireless 910005638,A2,396900.0
231777,2024-05-16,pasaboca kibo chips de lentejas sal marina 28 g x4 unds,A2,12950.0
231879,2024-05-16,pez filete de salmon pesco 300 g,A2,34500.0
231974,2024-05-16,pollo muslo fresco con piel acondesa kg,A2,11500.0
232200,2024-05-16,refresco frutino mango 2 lt,A2,800.0
232471,2024-05-16,res espaldillacascaracarne para desmechar tradicional,A2,30580.0
232478,2024-05-16,res lomo barcino redondotapa lomo tradicional,A2,28380.0
232611,2024-05-16,salsa fruco de soya 154 ml,A2,6900.0
232721,2024-05-16,sopa cup noodles carne 68g,A2,7200.0
232863,2024-05-16,te negro fuze tea durazno 400ml,A2,2750.0
232893,2024-05-16,teclado inalambrico star tec stkb689,A2,41900.0
232955,2024-05-16,tonica schweppes 300ml x 4 unds,A2,9500.0
233031,2024-05-16,vino baron philippe rot chardonnay 750 ml,A2,39120.0
233052,2024-05-16,vino blanco catena alta chardonnay 750 ml,A2,215300.0
233116,2024-05-16,vino blanco santa rita 120 chardonnay 750 ml,A2,46410.0
233246,2024-05-16,vino santiago 1541 brut espuma 750 ml,A2,66850.0
233320,2024-05-16,vino tinto dada 3 cabernet sauvignon syrah 750 ml,A2,72700.0
233323,2024-05-16,vino tinto dalamel merlot 750 ml,A2,78200.0
233386,2024-05-16,vino tinto libertador moscatel 750 ml,A2,14600.0
233422,2024-05-16,vino tinto polero cabernet sauvignon 750 ml,A2,35800.0
233454,2024-05-16,vino tinto santa rita 3 medallas merlot 750 ml,A2,33215.0
233528,2024-05-16,waflera black decker 800 w 4 puestos negro wm1000b,A2,229900.0
233643,2024-05-16,yogurt alpina finesse melocoton 1000 g,A2,15500.0
233671,2024-05-16,yogurt alpinito petit suisse melocoton 45 g x4 unds,A2,5800.0
233699,2024-05-16,yogurt griego snack fit me x150 ml,A2,8900.0
233749,2024-05-17,4 dispensadores de agua electrico para botellon recargable,A2,417900.0
233756,2024-05-17,achiras mauka sabor original ecopack 100 g,A2,13500.0
234058,2024-05-17,aromatica jaibel herbales frutos surtido 90 g,A2,27990.0
234356,2024-05-17,bebida natures heart almendras sin azucar 946 ml,A2,15300.0
234382,2024-05-17,bebida tosh cacao y almendra sin azucar 1 l,A2,17277.0
234604,2024-05-17,cafe colcafe vainil centto 115g x10 cap,A2,18890.0
234768,2024-05-17,caramelo bianchi mini mani chocolate blanco 65 g,A2,2700.0
234828,2024-05-17,cepillos dentales oralb indicator color collection 4 unds,A2,27300.0
234896,2024-05-17,cereal kellogg s allbran 400g,A2,21300.0
235226,2024-05-17,cplmto dentalife purina perro med 119g,A2,23550.0
235275,2024-05-17,cuchilla para licuadora black decker fusion acero bl165005la,A2,56900.0
235573,2024-05-17,galleta tosh fusion cereal fit 388g,A2,9750.0
235580,2024-05-17,galleta tosh tipo sandwich vainilla 144 g,A2,9500.0
235654,2024-05-17,galletas matinas vainilla 225g,A2,4900.0
235748,2024-05-17,gaseosa schweppes ginger ale 269ml,A2,2500.0
235807,2024-05-17,ginebra hendricks escape 750ml,A2,236900.0
235975,2024-05-17,jamon pietran de cerdo sin conservantes 431 g,A2,21400.0
236039,2024-05-17,jugo del valle frutal mango 500ml,A2,2600.0
236051,2024-05-17,jugo en caja nectar manzana 1000 ml,A2,6900.0
236092,2024-05-17,kimono mujer amarillo atypical 93586,A2,50400.0
236116,2024-05-17,lampara de techo ikelite 1 luz rojo e27 60 w,A2,46900.0
236136,2024-05-17,leche colanta deslactosada 11 lt,A2,5400.0
236416,2024-05-17,marisco camaron antillana artesanal 500 g,A2,33200.0
236457,2024-05-17,mezc frutino polv gelat ligth lm 11g,A2,2500.0
236529,2024-05-17,mouse logitech g703 hero wireless 910005638,A2,396900.0
236731,2024-05-17,pasaboca kibo chips de lentejas sal marina 28 g x4 unds,A2,12950.0
236835,2024-05-17,pez filete de salmon pesco 300 g,A2,27600.0
236938,2024-05-17,pollo muslo fresco con piel acondesa kg,A2,11500.0
237196,2024-05-17,refresco frutino mango 2 lt,A2,800.0
237269,2024-05-17,res espaldillacascaracarne para desmechar tradicional,A2,30580.0
237275,2024-05-17,res lomo barcino redondotapa lomo tradicional,A2,28380.0
237390,2024-05-17,salsa fruco de soya 154 ml,A2,6900.0
237517,2024-05-17,sopa cup noodles carne 68g,A2,7200.0
237659,2024-05-17,te negro fuze tea durazno 400ml,A2,2750.0
237690,2024-05-17,teclado inalambrico star tec stkb689,A2,41900.0
237765,2024-05-17,tonica schweppes 300ml x 4 unds,A2,9500.0
237898,2024-05-17,vino baron philippe rot chardonnay 750 ml,A2,39120.0
237918,2024-05-17,vino blanco catena alta chardonnay 750 ml,A2,150710.0
237982,2024-05-17,vino blanco santa rita 120 chardonnay 750 ml,A2,46410.0
238112,2024-05-17,vino santiago 1541 brut espuma 750 ml,A2,46795.0
238186,2024-05-17,vino tinto dada 3 cabernet sauvignon syrah 750 ml,A2,50890.0
238189,2024-05-17,vino tinto dalamel merlot 750 ml,A2,54740.0
238251,2024-05-17,vino tinto libertador moscatel 750 ml,A2,10220.0
238287,2024-05-17,vino tinto polero cabernet sauvignon 750 ml,A2,25060.0
238319,2024-05-17,vino tinto santa rita 3 medallas merlot 750 ml,A2,33215.0
238391,2024-05-17,waflera black decker 800 w 4 puestos negro wm1000b,A2,229900.0
238505,2024-05-17,yogurt alpina finesse melocoton 1000 g,A2,15500.0
238532,2024-05-17,yogurt alpinito petit suisse melocoton 45 g x4 unds,A2,5800.0
238561,2024-05-17,yogurt griego snack fit me x150 ml,A2,8900.0
238610,2024-05-18,4 dispensadores de agua electrico para botellon recargable,A2,417900.0
238617,2024-05-18,achiras mauka sabor original ecopack 100 g,A2,13500.0
238915,2024-05-18,aromatica jaibel herbales frutos surtido 90 g,A2,27990.0
239216,2024-05-18,bebida natures heart almendras sin azucar 946 ml,A2,15300.0
239241,2024-05-18,bebida tosh cacao y almendra sin azucar 1 l,A2,17277.0
239447,2024-05-18,cafe colcafe vainil centto 115g x10 cap,A2,18890.0
239620,2024-05-18,caramelo bianchi mini mani chocolate blanco 65 g,A2,2700.0
239678,2024-05-18,cepillos dentales oralb indicator color collection 4 unds,A2,27300.0
239745,2024-05-18,cereal kellogg s allbran 400g,A2,21300.0
240072,2024-05-18,cplmto dentalife purina perro med 119g,A2,23550.0
240120,2024-05-18,cuchilla para licuadora black decker fusion acero bl165005la,A2,56900.0
240423,2024-05-18,galleta tosh fusion cereal fit 388g,A2,9750.0
240430,2024-05-18,galleta tosh tipo sandwich vainilla 144 g,A2,9500.0
240504,2024-05-18,galletas matinas vainilla 225g,A2,4900.0
240600,2024-05-18,gaseosa schweppes ginger ale 269ml,A2,2500.0
240660,2024-05-18,ginebra hendricks escape 750ml,A2,236900.0
240838,2024-05-18,jamon pietran de cerdo sin conservantes 431 g,A2,21400.0
240886,2024-05-18,jugo del valle frutal mango 500ml,A2,2600.0
240898,2024-05-18,jugo en caja nectar manzana 1000 ml,A2,6900.0
240940,2024-05-18,kimono mujer amarillo atypical 93586,A2,63000.0
240964,2024-05-18,lampara de techo ikelite 1 luz rojo e27 60 w,A2,46900.0
240986,2024-05-18,leche colanta deslactosada 11 lt,A2,5400.0
241278,2024-05-18,marisco camaron antillana artesanal 500 g,A2,41500.0
241327,2024-05-18,mezc frutino polv gelat ligth lm 11g,A2,2500.0
241400,2024-05-18,mouse logitech g703 hero wireless 910005638,A2,396900.0
241604,2024-05-18,pasaboca kibo chips de lentejas sal marina 28 g x4 unds,A2,12950.0
241707,2024-05-18,pez filete de salmon pesco 300 g,A2,34500.0
241813,2024-05-18,pollo muslo fresco con piel acondesa kg,A2,11500.0
242082,2024-05-18,refresco frutino mango 2 lt,A2,800.0
242158,2024-05-18,res espaldillacascaracarne para desmechar tradicional,A2,30580.0
242165,2024-05-18,res lomo barcino redondotapa lomo tradicional,A2,28380.0
242298,2024-05-18,salsa fruco de soya 154 ml,A2,5175.0
242453,2024-05-18,sopa cup noodles carne 68g,A2,7200.0
242587,2024-05-18,te negro fuze tea durazno 400ml,A2,2750.0
242616,2024-05-18,teclado inalambrico star tec stkb689,A2,41900.0
242693,2024-05-18,tonica schweppes 300ml x 4 unds,A2,9500.0
242823,2024-05-18,vino baron philippe rot chardonnay 750 ml,A2,39120.0
242843,2024-05-18,vino blanco catena alta chardonnay 750 ml,A2,215300.0
242905,2024-05-18,vino blanco santa rita 120 chardonnay 750 ml,A2,46410.0
243032,2024-05-18,vino santiago 1541 brut espuma 750 ml,A2,66850.0
243107,2024-05-18,vino tinto dada 3 cabernet sauvignon syrah 750 ml,A2,72700.0
243110,2024-05-18,vino tinto dalamel merlot 750 ml,A2,78200.0
243174,2024-05-18,vino tinto libertador moscatel 750 ml,A2,14600.0
243210,2024-05-18,vino tinto polero cabernet sauvignon 750 ml,A2,35800.0
243242,2024-05-18,vino tinto santa rita 3 medallas merlot 750 ml,A2,33215.0
243313,2024-05-18,waflera black decker 800 w 4 puestos negro wm1000b,A2,229900.0
243426,2024-05-18,yogurt alpina finesse melocoton 1000 g,A2,15500.0
243452,2024-05-18,yogurt alpinito petit suisse melocoton 45 g x4 unds,A2,4060.0
243481,2024-05-18,yogurt griego snack fit me x150 ml,A2,8900.0
243532,2024-05-19,4 dispensadores de agua electrico para botellon recargable,A2,417900.0
243539,2024-05-19,achiras mauka sabor original ecopack 100 g,A2,13500.0
243839,2024-05-19,aromatica jaibel herbales frutos surtido 90 g,A2,27990.0
244132,2024-05-19,bebida natures heart almendras sin azucar 946 ml,A2,15300.0
244157,2024-05-19,bebida tosh cacao y almendra sin azucar 1 l,A2,17277.0
244363,2024-05-19,cafe colcafe vainil centto 115g x10 cap,A2,18890.0
244540,2024-05-19,caramelo bianchi mini mani chocolate blanco 65 g,A2,2700.0
244597,2024-05-19,cepillos dentales oralb indicator color collection 4 unds,A2,27300.0
244667,2024-05-19,cereal kellogg s allbran 400g,A2,21300.0
244991,2024-05-19,cplmto dentalife purina perro med 119g,A2,23550.0
245038,2024-05-19,cuchilla para licuadora black decker fusion acero bl165005la,A2,56900.0
245336,2024-05-19,galleta tosh fusion cereal fit 388g,A2,9750.0
245343,2024-05-19,galleta tosh tipo sandwich vainilla 144 g,A2,9500.0
245417,2024-05-19,galletas matinas vainilla 225g,A2,4900.0
245513,2024-05-19,gaseosa schweppes ginger ale 269ml,A2,2500.0
245577,2024-05-19,ginebra hendricks escape 750ml,A2,236900.0
245755,2024-05-19,jamon pietran de cerdo sin conservantes 431 g,A2,21400.0
245802,2024-05-19,jugo del valle frutal mango 500ml,A2,2600.0
245814,2024-05-19,jugo en caja nectar manzana 1000 ml,A2,6900.0
245855,2024-05-19,kimono mujer amarillo atypical 93586,A2,63000.0
245878,2024-05-19,lampara de techo ikelite 1 luz rojo e27 60 w,A2,46900.0
245900,2024-05-19,leche colanta deslactosada 11 lt,A2,5400.0
246187,2024-05-19,marisco camaron antillana artesanal 500 g,A2,41500.0
246233,2024-05-19,mezc frutino polv gelat ligth lm 11g,A2,2500.0
246306,2024-05-19,mouse logitech g703 hero wireless 910005638,A2,396900.0
246511,2024-05-19,pasaboca kibo chips de lentejas sal marina 28 g x4 unds,A2,12950.0
246618,2024-05-19,pez filete de salmon pesco 300 g,A2,34500.0
246726,2024-05-19,pollo muslo fresco con piel acondesa kg,A2,11500.0
246984,2024-05-19,refresco frutino mango 2 lt,A2,800.0
247062,2024-05-19,res espaldillacascaracarne para desmechar tradicional,A2,30580.0
247065,2024-05-19,res goulashtrocito a2 bandeja x kg,A2,37750.0
247070,2024-05-19,res lomo barcino redondotapa lomo tradicional,A2,28380.0
247204,2024-05-19,salsa fruco de soya 154 ml,A2,6900.0
247353,2024-05-19,sopa cup noodles carne 68g,A2,7200.0
247489,2024-05-19,te negro fuze tea durazno 400ml,A2,2750.0
247519,2024-05-19,teclado inalambrico star tec stkb689,A2,41900.0
247597,2024-05-19,tonica schweppes 300ml x 4 unds,A2,9500.0
247727,2024-05-19,vino baron philippe rot chardonnay 750 ml,A2,39120.0
247747,2024-05-19,vino blanco catena alta chardonnay 750 ml,A2,215300.0
247809,2024-05-19,vino blanco santa rita 120 chardonnay 750 ml,A2,46410.0
247936,2024-05-19,vino santiago 1541 brut espuma 750 ml,A2,66850.0
248011,2024-05-19,vino tinto dada 3 cabernet sauvignon syrah 750 ml,A2,72700.0
248014,2024-05-19,vino tinto dalamel merlot 750 ml,A2,78200.0
248078,2024-05-19,vino tinto libertador moscatel 750 ml,A2,14600.0
248114,2024-05-19,vino tinto polero cabernet sauvignon 750 ml,A2,35800.0
248146,2024-05-19,vino tinto santa rita 3 medallas merlot 750 ml,A2,33215.0
248217,2024-05-19,waflera black decker 800 w 4 puestos negro wm1000b,A2,229900.0
248329,2024-05-19,yogurt alpina finesse melocoton 1000 g,A2,15500.0
248356,2024-05-19,yogurt alpinito petit suisse melocoton 45 g x4 unds,A2,5800.0
248386,2024-05-19,yogurt griego snack fit me x150 ml,A2,8900.0
248439,2024-05-20,4 dispensadores de agua electrico para botellon recargable,A2,417900.0
248447,2024-05-20,achiras mauka sabor original ecopack 100 g,A2,13500.0
248737,2024-05-20,aromatica jaibel herbales frutos surtido 90 g,A2,27990.0
249020,2024-05-20,bebida natures heart almendras sin azucar 946 ml,A2,15300.0
249045,2024-05-20,bebida tosh cacao y almendra sin azucar 1 l,A2,17277.0
249210,2024-05-20,cafe colcafe vainil centto 115g x10 cap,A2,18890.0
249329,2024-05-20,caramelo bianchi mini mani chocolate blanco 65 g,A2,2700.0
249388,2024-05-20,cepillos dentales oralb indicator color collection 4 unds,A2,27300.0
249458,2024-05-20,cereal kellogg s allbran 400g,A2,21300.0
249764,2024-05-20,cplmto dentalife purina perro med 119g,A2,23550.0
249808,2024-05-20,cuchilla para licuadora black decker fusion acero bl165005la,A2,56900.0
250100,2024-05-20,galleta tosh fusion cereal fit 388g,A2,9750.0
250107,2024-05-20,galleta tosh tipo sandwich vainilla 144 g,A2,9500.0
250181,2024-05-20,galletas matinas vainilla 225g,A2,4900.0
250276,2024-05-20,gaseosa schweppes ginger ale 269ml,A2,2500.0
250336,2024-05-20,ginebra hendricks escape 750ml,A2,236900.0
250514,2024-05-20,jamon pietran de cerdo sin conservantes 431 g,A2,21400.0
250561,2024-05-20,jugo del valle frutal mango 500ml,A2,2600.0
250573,2024-05-20,jugo en caja nectar manzana 1000 ml,A2,6900.0
250636,2024-05-20,lampara de techo ikelite 1 luz rojo e27 60 w,A2,46900.0
250658,2024-05-20,leche colanta deslactosada 11 lt,A2,5400.0
250947,2024-05-20,marisco camaron antillana artesanal 500 g,A2,41500.0
250988,2024-05-20,mezc frutino polv gelat ligth lm 11g,A2,2500.0
251067,2024-05-20,mouse logitech g703 hero wireless 910005638,A2,396900.0
251269,2024-05-20,pasaboca kibo chips de lentejas sal marina 28 g x4 unds,A2,9065.0
251376,2024-05-20,pez filete de salmon pesco 300 g,A2,34500.0
251475,2024-05-20,pollo muslo fresco con piel acondesa kg,A2,11500.0
251699,2024-05-20,refresco frutino mango 2 lt,A2,800.0
251777,2024-05-20,res espaldillacascaracarne para desmechar tradicional,A2,30580.0
251780,2024-05-20,res goulashtrocito a2 bandeja x kg,A2,37750.0
251785,2024-05-20,res lomo barcino redondotapa lomo tradicional,A2,28380.0
251928,2024-05-20,salsa fruco de soya 154 ml,A2,6900.0
252048,2024-05-20,sopa cup noodles carne 68g,A2,7200.0
252180,2024-05-20,te negro fuze tea durazno 400ml,A2,2750.0
252213,2024-05-20,teclado inalambrico star tec stkb689,A2,41900.0
252340,2024-05-20,tonica schweppes 300ml x 4 unds,A2,9500.0
252429,2024-05-20,vino baron philippe rot chardonnay 750 ml,A2,39120.0
252449,2024-05-20,vino blanco catena alta chardonnay 750 ml,A2,215300.0
252511,2024-05-20,vino blanco santa rita 120 chardonnay 750 ml,A2,46410.0
252638,2024-05-20,vino santiago 1541 brut espuma 750 ml,A2,66850.0
252713,2024-05-20,vino tinto dada 3 cabernet sauvignon syrah 750 ml,A2,72700.0
252716,2024-05-20,vino tinto dalamel merlot 750 ml,A2,78200.0
252780,2024-05-20,vino tinto libertador moscatel 750 ml,A2,14600.0
252816,2024-05-20,vino tinto polero cabernet sauvignon 750 ml,A2,35800.0
252848,2024-05-20,vino tinto santa rita 3 medallas merlot 750 ml,A2,33215.0
252919,2024-05-20,waflera black decker 800 w 4 puestos negro wm1000b,A2,229900.0
253028,2024-05-20,yogurt alpina finesse melocoton 1000 g,A2,15500.0
253056,2024-05-20,yogurt alpinito petit suisse melocoton 45 g x4 unds,A2,5800.0
253084,2024-05-20,yogurt griego snack fit me x150 ml,A2,7120.0
253135,2024-05-21,4 dispensadores de agua electrico para botellon recargable,A2,417900.0
253137,2024-05-21,achiras mauka sabor original ecopack 100 g,A2,13500.0
253546,2024-05-21,bebida natures heart almendras sin azucar 946 ml,A2,15300.0
253570,2024-05-21,bebida tosh cacao y almendra sin azucar 1 l,A2,17277.0
253887,2024-05-21,caramelo bianchi mini mani chocolate blanco 65 g,A2,2700.0
253996,2024-05-21,cereal kellogg s allbran 400g,A2,21300.0
254286,2024-05-21,cplmto dentalife purina perro med 119g,A2,17662.0
254319,2024-05-21,cuchilla para licuadora black decker fusion acero bl165005la,A2,56900.0
254558,2024-05-21,gaseosa schweppes ginger ale 269ml,A2,2500.0
254604,2024-05-21,ginebra hendricks escape 750ml,A2,236900.0
254759,2024-05-21,jugo del valle frutal mango 500ml,A2,2600.0
254771,2024-05-21,jugo en caja nectar manzana 1000 ml,A2,6900.0
254808,2024-05-21,kimono mujer amarillo atypical 93586,A2,63000.0
254826,2024-05-21,lampara de techo ikelite 1 luz rojo e27 60 w,A2,46900.0
255001,2024-05-21,marisco camaron antillana artesanal 500 g,A2,41500.0
255041,2024-05-21,mezc frutino polv gelat ligth lm 11g,A2,2500.0
255090,2024-05-21,mouse logitech g703 hero wireless 910005638,A2,396900.0
255275,2024-05-21,pasaboca kibo chips de lentejas sal marina 28 g x4 unds,A2,9065.0
255354,2024-05-21,pez filete de salmon pesco 300 g,A2,34500.0
255597,2024-05-21,refresco frutino mango 2 lt,A2,800.0
255898,2024-05-21,te negro fuze tea durazno 400ml,A2,2750.0
255908,2024-05-21,teclado inalambrico star tec stkb689,A2,41900.0
255972,2024-05-21,tonica schweppes 300ml x 4 unds,A2,9500.0
256100,2024-05-21,vino baron philippe rot chardonnay 750 ml,A2,39120.0
256120,2024-05-21,vino blanco catena alta chardonnay 750 ml,A2,215300.0
256184,2024-05-21,vino blanco santa rita 120 chardonnay 750 ml,A2,71400.0
256313,2024-05-21,vino santiago 1541 brut espuma 750 ml,A2,66850.0
256388,2024-05-21,vino tinto dada 3 cabernet sauvignon syrah 750 ml,A2,72700.0
256391,2024-05-21,vino tinto dalamel merlot 750 ml,A2,78200.0
256455,2024-05-21,vino tinto libertador moscatel 750 ml,A2,14600.0
256491,2024-05-21,vino tinto polero cabernet sauvignon 750 ml,A2,42150.0
256523,2024-05-21,vino tinto santa rita 3 medallas merlot 750 ml,A2,51100.0
256592,2024-05-21,waflera black decker 800 w 4 puestos negro wm1000b,A2,229900.0
256674,2024-05-21,yogurt alpinito petit suisse melocoton 45 g x4 unds,A2,4930.0
256704,2024-05-22,4 dispensadores de agua electrico para botellon recargable,A2,417900.0
256711,2024-05-22,achiras mauka sabor original ecopack 100 g,A2,13500.0
256986,2024-05-22,aromatica jaibel herbales frutos surtido 90 g,A2,27990.0
257278,2024-05-22,bebida natures heart almendras sin azucar 946 ml,A2,15300.0
257302,2024-05-22,bebida tosh cacao y almendra sin azucar 1 l,A2,17277.0
257506,2024-05-22,cafe colcafe vainil centto 115g x10 cap,A2,18890.0
257644,2024-05-22,caramelo bianchi mini mani chocolate blanco 65 g,A2,2700.0
257705,2024-05-22,cepillos dentales oralb indicator color collection 4 unds,A2,27300.0
257774,2024-05-22,cereal kellogg s allbran 400g,A2,21300.0
258103,2024-05-22,cplmto dentalife purina perro med 119g,A2,23550.0
258152,2024-05-22,cuchilla para licuadora black decker fusion acero bl165005la,A2,56900.0
258460,2024-05-22,galleta tosh fusion cereal fit 388g,A2,9750.0
258467,2024-05-22,galleta tosh tipo sandwich vainilla 144 g,A2,9500.0
258541,2024-05-22,galletas matinas vainilla 225g,A2,4900.0
258637,2024-05-22,gaseosa schweppes ginger ale 269ml,A2,2500.0
258697,2024-05-22,ginebra hendricks escape 750ml,A2,236900.0
258870,2024-05-22,jamon pietran de cerdo sin conservantes 431 g,A2,21400.0
258938,2024-05-22,jugo del valle frutal mango 500ml,A2,2600.0
258950,2024-05-22,jugo en caja nectar manzana 1000 ml,A2,6900.0
258988,2024-05-22,kimono mujer amarillo atypical 93586,A2,44100.0
259012,2024-05-22,lampara de techo ikelite 1 luz rojo e27 60 w,A2,46900.0
259034,2024-05-22,leche colanta deslactosada 11 lt,A2,5400.0
259317,2024-05-22,marisco camaron antillana artesanal 500 g,A2,41500.0
259362,2024-05-22,mezc frutino polv gelat ligth lm 11g,A2,2500.0
259433,2024-05-22,mouse logitech g703 hero wireless 910005638,A2,341900.0
259626,2024-05-22,pasaboca kibo chips de lentejas sal marina 28 g x4 unds,A2,12950.0
259730,2024-05-22,pez filete de salmon pesco 300 g,A2,34500.0
259837,2024-05-22,pollo muslo fresco con piel acondesa kg,A2,11500.0
260050,2024-05-22,refresco frutino mango 2 lt,A2,800.0
260119,2024-05-22,res espaldillacascaracarne para desmechar tradicional,A2,30580.0
260126,2024-05-22,res lomo barcino redondotapa lomo tradicional,A2,28380.0
260256,2024-05-22,salsa fruco de soya 154 ml,A2,5175.0
260387,2024-05-22,sopa cup noodles carne 68g,A2,7200.0
260514,2024-05-22,te negro fuze tea durazno 400ml,A2,2750.0
260546,2024-05-22,teclado inalambrico star tec stkb689,A2,34900.0
260617,2024-05-22,tonica schweppes 300ml x 4 unds,A2,9500.0
260752,2024-05-22,vino baron philippe rot chardonnay 750 ml,A2,39120.0
260772,2024-05-22,vino blanco catena alta chardonnay 750 ml,A2,215300.0
260834,2024-05-22,vino blanco santa rita 120 chardonnay 750 ml,A2,71400.0
260962,2024-05-22,vino santiago 1541 brut espuma 750 ml,A2,66850.0
261037,2024-05-22,vino tinto dada 3 cabernet sauvignon syrah 750 ml,A2,72700.0
261040,2024-05-22,vino tinto dalamel merlot 750 ml,A2,78200.0
261104,2024-05-22,vino tinto libertador moscatel 750 ml,A2,14600.0
261140,2024-05-22,vino tinto polero cabernet sauvignon 750 ml,A2,42150.0
261172,2024-05-22,vino tinto santa rita 3 medallas merlot 750 ml,A2,51100.0
261247,2024-05-22,waflera black decker 800 w 4 puestos negro wm1000b,A2,229900.0
261336,2024-05-22,yogurt alpina finesse melocoton 1000 g,A2,15500.0
261364,2024-05-22,yogurt alpinito petit suisse melocoton 45 g x4 unds,A2,5800.0
261392,2024-05-22,yogurt griego snack fit me x150 ml,A2,8900.0
261439,2024-05-23,4 dispensadores de agua electrico para botellon recargable,A2,417900.0
261446,2024-05-23,achiras mauka sabor original ecopack 100 g,A2,13500.0
261715,2024-05-23,aromatica jaibel herbales frutos surtido 90 g,A2,27990.0
261996,2024-05-23,bebida natures heart almendras sin azucar 946 ml,A2,15300.0
262020,2024-05-23,bebida tosh cacao y almendra sin azucar 1 l,A2,17277.0
262187,2024-05-23,cafe colcafe vainil centto 115g x10 cap,A2,18890.0
262289,2024-05-23,caramelo bianchi mini mani chocolate blanco 65 g,A2,2700.0
262348,2024-05-23,cepillos dentales oralb indicator color collection 4 unds,A2,20475.0
262415,2024-05-23,cereal kellogg s allbran 400g,A2,21300.0
262718,2024-05-23,cplmto dentalife purina perro med 119g,A2,23550.0
262761,2024-05-23,cuchilla para licuadora black decker fusion acero bl165005la,A2,56900.0
263051,2024-05-23,galleta tosh fusion cereal fit 388g,A2,9750.0
263058,2024-05-23,galleta tosh tipo sandwich vainilla 144 g,A2,9500.0
263131,2024-05-23,galletas matinas vainilla 225g,A2,4900.0
263228,2024-05-23,gaseosa schweppes ginger ale 269ml,A2,2500.0
263287,2024-05-23,ginebra hendricks escape 750ml,A2,236900.0
263470,2024-05-23,jamon pietran de cerdo sin conservantes 431 g,A2,21400.0
263516,2024-05-23,jugo del valle frutal mango 500ml,A2,2600.0
263528,2024-05-23,jugo en caja nectar manzana 1000 ml,A2,6900.0
263588,2024-05-23,lampara de techo ikelite 1 luz rojo e27 60 w,A2,46900.0
263610,2024-05-23,leche colanta deslactosada 11 lt,A2,5400.0
263900,2024-05-23,marisco camaron antillana artesanal 500 g,A2,41500.0
263941,2024-05-23,mezc frutino polv gelat ligth lm 11g,A2,2500.0
264013,2024-05-23,mouse logitech g703 hero wireless 910005638,A2,341900.0
264182,2024-05-23,pasaboca kibo chips de lentejas sal marina 28 g x4 unds,A2,12950.0
264283,2024-05-23,pez filete de salmon pesco 300 g,A2,34500.0
264389,2024-05-23,pollo muslo fresco con piel acondesa kg,A2,11500.0
264584,2024-05-23,refresco frutino mango 2 lt,A2,800.0
264656,2024-05-23,res espaldillacascaracarne para desmechar tradicional,A2,30580.0
264659,2024-05-23,res goulashtrocito a2 bandeja x kg,A2,37750.0
264664,2024-05-23,res lomo barcino redondotapa lomo tradicional,A2,28380.0
264795,2024-05-23,salsa fruco de soya 154 ml,A2,6900.0
264923,2024-05-23,sopa cup noodles carne 68g,A2,7200.0
265055,2024-05-23,te negro fuze tea durazno 400ml,A2,2750.0
265088,2024-05-23,teclado inalambrico star tec stkb689,A2,34900.0
265237,2024-05-23,tonica schweppes 300ml x 4 unds,A2,9500.0
265317,2024-05-23,vino baron philippe rot chardonnay 750 ml,A2,39120.0
265337,2024-05-23,vino blanco catena alta chardonnay 750 ml,A2,215300.0
265401,2024-05-23,vino blanco santa rita 120 chardonnay 750 ml,A2,71400.0
265530,2024-05-23,vino santiago 1541 brut espuma 750 ml,A2,66850.0
265605,2024-05-23,vino tinto dada 3 cabernet sauvignon syrah 750 ml,A2,72700.0
265608,2024-05-23,vino tinto dalamel merlot 750 ml,A2,78200.0
265672,2024-05-23,vino tinto libertador moscatel 750 ml,A2,14600.0
265708,2024-05-23,vino tinto polero cabernet sauvignon 750 ml,A2,42150.0
265740,2024-05-23,vino tinto santa rita 3 medallas merlot 750 ml,A2,51100.0
265811,2024-05-23,waflera black decker 800 w 4 puestos negro wm1000b,A2,229900.0
265898,2024-05-23,yogurt alpina finesse melocoton 1000 g,A2,15500.0
265926,2024-05-23,yogurt alpinito petit suisse melocoton 45 g x4 unds,A2,5800.0
265954,2024-05-23,yogurt griego snack fit me x150 ml,A2,8900.0
266001,2024-05-24,4 dispensadores de agua electrico para botellon recargable,A2,417900.0
266007,2024-05-24,achiras mauka sabor original ecopack 100 g,A2,13500.0
266282,2024-05-24,aromatica jaibel herbales frutos surtido 90 g,A2,27990.0
266569,2024-05-24,bebida natures heart almendras sin azucar 946 ml,A2,15300.0
266593,2024-05-24,bebida tosh cacao y almendra sin azucar 1 l,A2,17277.0
266814,2024-05-24,cafe colcafe vainil centto 115g x10 cap,A2,18890.0
266988,2024-05-24,caramelo bianchi mini mani chocolate blanco 65 g,A2,2700.0
267049,2024-05-24,cepillos dentales oralb indicator color collection 4 unds,A2,27300.0
267121,2024-05-24,cereal kellogg s allbran 400g,A2,21300.0
267461,2024-05-24,cplmto dentalife purina perro med 119g,A2,23550.0
267516,2024-05-24,cuchilla para licuadora black decker fusion acero bl165005la,A2,56900.0
267817,2024-05-24,galleta tosh fusion cereal fit 388g,A2,9750.0
267824,2024-05-24,galleta tosh tipo sandwich vainilla 144 g,A2,9500.0
267897,2024-05-24,galletas matinas vainilla 225g,A2,4900.0
267994,2024-05-24,gaseosa schweppes ginger ale 269ml,A2,1625.0
268054,2024-05-24,ginebra hendricks escape 750ml,A2,236900.0
268226,2024-05-24,jamon pietran de cerdo sin conservantes 431 g,A2,21400.0
268289,2024-05-24,jugo del valle frutal mango 500ml,A2,2600.0
268301,2024-05-24,jugo en caja nectar manzana 1000 ml,A2,6900.0
268340,2024-05-24,kimono mujer amarillo atypical 93586,A2,44100.0
268363,2024-05-24,lampara de techo ikelite 1 luz rojo e27 60 w,A2,46900.0
268385,2024-05-24,leche colanta deslactosada 11 lt,A2,5400.0
268662,2024-05-24,marisco camaron antillana artesanal 500 g,A2,33200.0
268714,2024-05-24,mezc frutino polv gelat ligth lm 11g,A2,2500.0
268786,2024-05-24,mouse logitech g703 hero wireless 910005638,A2,341900.0
268975,2024-05-24,pasaboca kibo chips de lentejas sal marina 28 g x4 unds,A2,12950.0
269085,2024-05-24,pez filete de salmon pesco 300 g,A2,27600.0
269209,2024-05-24,pollo muslo fresco con piel acondesa kg,A2,11500.0
269421,2024-05-24,refresco frutino mango 2 lt,A2,800.0
269505,2024-05-24,res espaldillacascaracarne para desmechar tradicional,A2,30580.0
269508,2024-05-24,res goulashtrocito a2 bandeja x kg,A2,37750.0
269513,2024-05-24,res lomo barcino redondotapa lomo tradicional,A2,28380.0
269639,2024-05-24,salsa fruco de soya 154 ml,A2,6900.0
269769,2024-05-24,sopa cup noodles carne 68g,A2,7200.0
269893,2024-05-24,te negro fuze tea durazno 400ml,A2,1650.0
269926,2024-05-24,teclado inalambrico star tec stkb689,A2,34900.0
269998,2024-05-24,tonica schweppes 300ml x 4 unds,A2,6175.0
270127,2024-05-24,vino baron philippe rot chardonnay 750 ml,A2,39120.0
270147,2024-05-24,vino blanco catena alta chardonnay 750 ml,A2,150710.0
270209,2024-05-24,vino blanco santa rita 120 chardonnay 750 ml,A2,49980.0
270335,2024-05-24,vino santiago 1541 brut espuma 750 ml,A2,46795.0
270410,2024-05-24,vino tinto dada 3 cabernet sauvignon syrah 750 ml,A2,50890.0
270413,2024-05-24,vino tinto dalamel merlot 750 ml,A2,54740.0
270477,2024-05-24,vino tinto libertador moscatel 750 ml,A2,10220.0
270513,2024-05-24,vino tinto polero cabernet sauvignon 750 ml,A2,29505.0
270545,2024-05-24,vino tinto santa rita 3 medallas merlot 750 ml,A2,35770.0
270616,2024-05-24,waflera black decker 800 w 4 puestos negro wm1000b,A2,229900.0
270706,2024-05-24,yogurt alpina finesse melocoton 1000 g,A2,15500.0
270733,2024-05-24,yogurt alpinito petit suisse melocoton 45 g x4 unds,A2,5800.0
270762,2024-05-24,yogurt griego snack fit me x150 ml,A2,8900.0
270809,2024-05-25,4 dispensadores de agua electrico para botellon recargable,A2,417900.0
270816,2024-05-25,achiras mauka sabor original ecopack 100 g,A2,13500.0
271090,2024-05-25,aromatica jaibel herbales frutos surtido 90 g,A2,27990.0
271370,2024-05-25,bebida natures heart almendras sin azucar 946 ml,A2,15300.0
271396,2024-05-25,bebida tosh cacao y almendra sin azucar 1 l,A2,17277.0
271574,2024-05-25,cafe colcafe vainil centto 115g x10 cap,A2,18890.0
271703,2024-05-25,caramelo bianchi mini mani chocolate blanco 65 g,A2,2700.0
271760,2024-05-25,cepillos dentales oralb indicator color collection 4 unds,A2,27300.0
271833,2024-05-25,cereal kellogg s allbran 400g,A2,21300.0
272139,2024-05-25,cplmto dentalife purina perro med 119g,A2,23550.0
272184,2024-05-25,cuchilla para licuadora black decker fusion acero bl165005la,A2,56900.0
272483,2024-05-25,galleta tosh fusion cereal fit 388g,A2,9750.0
272490,2024-05-25,galleta tosh tipo sandwich vainilla 144 g,A2,9500.0
272563,2024-05-25,galletas matinas vainilla 225g,A2,4900.0
272660,2024-05-25,gaseosa schweppes ginger ale 269ml,A2,1500.0
272719,2024-05-25,ginebra hendricks escape 750ml,A2,236900.0
272915,2024-05-25,jamon pietran de cerdo sin conservantes 431 g,A2,21400.0
272964,2024-05-25,jugo del valle frutal mango 500ml,A2,1690.0
272976,2024-05-25,jugo en caja nectar manzana 1000 ml,A2,6900.0
273036,2024-05-25,lampara de techo ikelite 1 luz rojo e27 60 w,A2,46900.0
273058,2024-05-25,leche colanta deslactosada 11 lt,A2,5400.0
273347,2024-05-25,marisco camaron antillana artesanal 500 g,A2,41500.0
273386,2024-05-25,mezc frutino polv gelat ligth lm 11g,A2,2500.0
273458,2024-05-25,mouse logitech g703 hero wireless 910005638,A2,341900.0
273636,2024-05-25,pasaboca kibo chips de lentejas sal marina 28 g x4 unds,A2,12950.0
273741,2024-05-25,pez filete de salmon pesco 300 g,A2,34500.0
273844,2024-05-25,pollo muslo fresco con piel acondesa kg,A2,11500.0
274042,2024-05-25,refresco frutino mango 2 lt,A2,800.0
274126,2024-05-25,res espaldillacascaracarne para desmechar tradicional,A2,30580.0
274129,2024-05-25,res goulashtrocito a2 bandeja x kg,A2,37750.0
274134,2024-05-25,res lomo barcino redondotapa lomo tradicional,A2,28380.0
274268,2024-05-25,salsa fruco de soya 154 ml,A2,5175.0
274394,2024-05-25,sopa cup noodles carne 68g,A2,7200.0
274536,2024-05-25,te negro fuze tea durazno 400ml,A2,2750.0
274569,2024-05-25,teclado inalambrico star tec stkb689,A2,34900.0
274710,2024-05-25,tonica schweppes 300ml x 4 unds,A2,5700.0
274793,2024-05-25,vino baron philippe rot chardonnay 750 ml,A2,39120.0
274814,2024-05-25,vino blanco catena alta chardonnay 750 ml,A2,215300.0
274877,2024-05-25,vino blanco santa rita 120 chardonnay 750 ml,A2,71400.0
275005,2024-05-25,vino santiago 1541 brut espuma 750 ml,A2,66850.0
275081,2024-05-25,vino tinto dada 3 cabernet sauvignon syrah 750 ml,A2,72700.0
275084,2024-05-25,vino tinto dalamel merlot 750 ml,A2,78200.0
275148,2024-05-25,vino tinto libertador moscatel 750 ml,A2,14600.0
275184,2024-05-25,vino tinto polero cabernet sauvignon 750 ml,A2,42150.0
275216,2024-05-25,vino tinto santa rita 3 medallas merlot 750 ml,A2,51100.0
275292,2024-05-25,waflera black decker 800 w 4 puestos negro wm1000b,A2,229900.0
275380,2024-05-25,yogurt alpina finesse melocoton 1000 g,A2,15500.0
275408,2024-05-25,yogurt alpinito petit suisse melocoton 45 g x4 unds,A2,5800.0
275437,2024-05-25,yogurt griego snack fit me x150 ml,A2,8900.0
275487,2024-05-26,4 dispensadores de agua electrico para botellon recargable,A2,417900.0
275494,2024-05-26,achiras mauka sabor original ecopack 100 g,A2,13500.0
275771,2024-05-26,aromatica jaibel herbales frutos surtido 90 g,A2,27990.0
276049,2024-05-26,bebida natures heart almendras sin azucar 946 ml,A2,15300.0
276073,2024-05-26,bebida tosh cacao y almendra sin azucar 1 l,A2,17277.0
276246,2024-05-26,cafe colcafe vainil centto 115g x10 cap,A2,18890.0
276353,2024-05-26,caramelo bianchi mini mani chocolate blanco 65 g,A2,2700.0
276409,2024-05-26,cepillos dentales oralb indicator color collection 4 unds,A2,27300.0
276481,2024-05-26,cereal kellogg s allbran 400g,A2,21300.0
276779,2024-05-26,cplmto dentalife purina perro med 119g,A2,23550.0
276824,2024-05-26,cuchilla para licuadora black decker fusion acero bl165005la,A2,56900.0
277114,2024-05-26,galleta tosh fusion cereal fit 388g,A2,9750.0
277121,2024-05-26,galleta tosh tipo sandwich vainilla 144 g,A2,9500.0
277194,2024-05-26,galletas matinas vainilla 225g,A2,4900.0
277289,2024-05-26,gaseosa schweppes ginger ale 269ml,A2,1500.0
277350,2024-05-26,ginebra hendricks escape 750ml,A2,236900.0
277545,2024-05-26,jamon pietran de cerdo sin conservantes 431 g,A2,21400.0
277591,2024-05-26,jugo del valle frutal mango 500ml,A2,1690.0
277603,2024-05-26,jugo en caja nectar manzana 1000 ml,A2,6900.0
277663,2024-05-26,lampara de techo ikelite 1 luz rojo e27 60 w,A2,46900.0
277685,2024-05-26,leche colanta deslactosada 11 lt,A2,5400.0
277973,2024-05-26,marisco camaron antillana artesanal 500 g,A2,41500.0
278012,2024-05-26,mezc frutino polv gelat ligth lm 11g,A2,2500.0
278082,2024-05-26,mouse logitech g703 hero wireless 910005638,A2,341900.0
278260,2024-05-26,pasaboca kibo chips de lentejas sal marina 28 g x4 unds,A2,12950.0
278364,2024-05-26,pez filete de salmon pesco 300 g,A2,34500.0
278466,2024-05-26,pollo muslo fresco con piel acondesa kg,A2,11500.0
278653,2024-05-26,refresco frutino mango 2 lt,A2,800.0
278734,2024-05-26,res espaldillacascaracarne para desmechar tradicional,A2,30580.0
278737,2024-05-26,res goulashtrocito a2 bandeja x kg,A2,37750.0
278742,2024-05-26,res lomo barcino redondotapa lomo tradicional,A2,28380.0
278878,2024-05-26,salsa fruco de soya 154 ml,A2,6900.0
279004,2024-05-26,sopa cup noodles carne 68g,A2,7200.0
279131,2024-05-26,te negro fuze tea durazno 400ml,A2,2750.0
279164,2024-05-26,teclado inalambrico star tec stkb689,A2,34900.0
279310,2024-05-26,tonica schweppes 300ml x 4 unds,A2,5700.0
279397,2024-05-26,vino baron philippe rot chardonnay 750 ml,A2,39120.0
279418,2024-05-26,vino blanco catena alta chardonnay 750 ml,A2,215300.0
279480,2024-05-26,vino blanco santa rita 120 chardonnay 750 ml,A2,71400.0
279606,2024-05-26,vino santiago 1541 brut espuma 750 ml,A2,66850.0
279682,2024-05-26,vino tinto dada 3 cabernet sauvignon syrah 750 ml,A2,72700.0
279685,2024-05-26,vino tinto dalamel merlot 750 ml,A2,78200.0
279749,2024-05-26,vino tinto libertador moscatel 750 ml,A2,14600.0
279785,2024-05-26,vino tinto polero cabernet sauvignon 750 ml,A2,42150.0
279817,2024-05-26,vino tinto santa rita 3 medallas merlot 750 ml,A2,51100.0
279889,2024-05-26,waflera black decker 800 w 4 puestos negro wm1000b,A2,229900.0
279977,2024-05-26,yogurt alpina finesse melocoton 1000 g,A2,15500.0
280003,2024-05-26,yogurt alpinito petit suisse melocoton 45 g x4 unds,A2,5800.0
280033,2024-05-26,yogurt griego snack fit me x150 ml,A2,8900.0
280080,2024-05-27,4 dispensadores de agua electrico para botellon recargable,A2,417900.0
280087,2024-05-27,achiras mauka sabor original ecopack 100 g,A2,13500.0
280365,2024-05-27,aromatica jaibel herbales frutos surtido 90 g,A2,27990.0
280651,2024-05-27,bebida natures heart almendras sin azucar 946 ml,A2,15300.0
280677,2024-05-27,bebida tosh cacao y almendra sin azucar 1 l,A2,17277.0
280893,2024-05-27,cafe colcafe vainil centto 115g x10 cap,A2,18890.0
281060,2024-05-27,caramelo bianchi mini mani chocolate blanco 65 g,A2,2700.0
281120,2024-05-27,cepillos dentales oralb indicator color collection 4 unds,A2,27300.0
281195,2024-05-27,cereal kellogg s allbran 400g,A2,21300.0
281525,2024-05-27,cplmto dentalife purina perro med 119g,A2,23550.0
281576,2024-05-27,cuchilla para licuadora black decker fusion acero bl165005la,A2,56900.0
281886,2024-05-27,galleta tosh fusion cereal fit 388g,A2,9750.0
281893,2024-05-27,galleta tosh tipo sandwich vainilla 144 g,A2,9500.0
281966,2024-05-27,galletas matinas vainilla 225g,A2,4900.0
282063,2024-05-27,gaseosa schweppes ginger ale 269ml,A2,2500.0
282118,2024-05-27,ginebra hendricks escape 750ml,A2,236900.0
282294,2024-05-27,jamon pietran de cerdo sin conservantes 431 g,A2,21400.0
282359,2024-05-27,jugo del valle frutal mango 500ml,A2,2600.0
282371,2024-05-27,jugo en caja nectar manzana 1000 ml,A2,6900.0
282411,2024-05-27,kimono mujer amarillo atypical 93586,A2,44100.0
282434,2024-05-27,lampara de techo ikelite 1 luz rojo e27 60 w,A2,46900.0
282457,2024-05-27,leche colanta deslactosada 11 lt,A2,5400.0
282742,2024-05-27,marisco camaron antillana artesanal 500 g,A2,41500.0
282784,2024-05-27,mezc frutino polv gelat ligth lm 11g,A2,2500.0
282856,2024-05-27,mouse logitech g703 hero wireless 910005638,A2,341900.0
283046,2024-05-27,pasaboca kibo chips de lentejas sal marina 28 g x4 unds,A2,9065.0
283149,2024-05-27,pez filete de salmon pesco 300 g,A2,34500.0
283258,2024-05-27,pollo muslo fresco con piel acondesa kg,A2,11500.0
283468,2024-05-27,refresco frutino mango 2 lt,A2,800.0
283556,2024-05-27,res espaldillacascaracarne para desmechar tradicional,A2,30580.0
283559,2024-05-27,res goulashtrocito a2 bandeja x kg,A2,37750.0
283564,2024-05-27,res lomo barcino redondotapa lomo tradicional,A2,28380.0
283695,2024-05-27,salsa fruco de soya 154 ml,A2,6900.0
283830,2024-05-27,sopa cup noodles carne 68g,A2,7200.0
283956,2024-05-27,te negro fuze tea durazno 400ml,A2,2750.0
283988,2024-05-27,teclado inalambrico star tec stkb689,A2,34900.0
284065,2024-05-27,tonica schweppes 300ml x 4 unds,A2,9500.0
284198,2024-05-27,vino baron philippe rot chardonnay 750 ml,A2,39120.0
284218,2024-05-27,vino blanco catena alta chardonnay 750 ml,A2,215300.0
284280,2024-05-27,vino blanco santa rita 120 chardonnay 750 ml,A2,71400.0
284406,2024-05-27,vino santiago 1541 brut espuma 750 ml,A2,66850.0
284481,2024-05-27,vino tinto dada 3 cabernet sauvignon syrah 750 ml,A2,72700.0
284484,2024-05-27,vino tinto dalamel merlot 750 ml,A2,78200.0
284548,2024-05-27,vino tinto libertador moscatel 750 ml,A2,14600.0
284584,2024-05-27,vino tinto polero cabernet sauvignon 750 ml,A2,42150.0
284616,2024-05-27,vino tinto santa rita 3 medallas merlot 750 ml,A2,51100.0
284686,2024-05-27,waflera black decker 800 w 4 puestos negro wm1000b,A2,229900.0
284776,2024-05-27,yogurt alpina finesse melocoton 1000 g,A2,15500.0
284804,2024-05-27,yogurt alpinito petit suisse melocoton 45 g x4 unds,A2,5800.0
284832,2024-05-27,yogurt griego snack fit me x150 ml,A2,7120.0
284878,2024-05-28,4 dispensadores de agua electrico para botellon recargable,A2,417900.0
284880,2024-05-28,achiras mauka sabor original ecopack 100 g,A2,13500.0
285281,2024-05-28,bebida natures heart almendras sin azucar 946 ml,A2,15300.0
285305,2024-05-28,bebida tosh cacao y almendra sin azucar 1 l,A2,17277.0
285638,2024-05-28,caramelo bianchi mini mani chocolate blanco 65 g,A2,2700.0
285749,2024-05-28,cereal kellogg s allbran 400g,A2,21300.0
286041,2024-05-28,cplmto dentalife purina perro med 119g,A2,17662.0
286073,2024-05-28,cuchilla para licuadora black decker fusion acero bl165005la,A2,56900.0
286333,2024-05-28,gaseosa schweppes ginger ale 269ml,A2,1625.0
286378,2024-05-28,ginebra hendricks escape 750ml,A2,236900.0
286540,2024-05-28,jugo del valle frutal mango 500ml,A2,1690.0
286552,2024-05-28,jugo en caja nectar manzana 1000 ml,A2,6900.0
286591,2024-05-28,kimono mujer amarillo atypical 93586,A2,44100.0
286608,2024-05-28,lampara de techo ikelite 1 luz rojo e27 60 w,A2,46900.0
286783,2024-05-28,marisco camaron antillana artesanal 500 g,A2,41500.0
286823,2024-05-28,mezc frutino polv gelat ligth lm 11g,A2,2500.0
286870,2024-05-28,mouse logitech g703 hero wireless 910005638,A2,341900.0
287041,2024-05-28,pasaboca kibo chips de lentejas sal marina 28 g x4 unds,A2,9065.0
287122,2024-05-28,pez filete de salmon pesco 300 g,A2,34500.0
287353,2024-05-28,refresco frutino mango 2 lt,A2,800.0
287671,2024-05-28,te negro fuze tea durazno 400ml,A2,1787.0
287681,2024-05-28,teclado inalambrico star tec stkb689,A2,34900.0
287749,2024-05-28,tonica schweppes 300ml x 4 unds,A2,6175.0
287872,2024-05-28,vino baron philippe rot chardonnay 750 ml,A2,39120.0
287892,2024-05-28,vino blanco catena alta chardonnay 750 ml,A2,215300.0
287954,2024-05-28,vino blanco santa rita 120 chardonnay 750 ml,A2,71400.0
288080,2024-05-28,vino santiago 1541 brut espuma 750 ml,A2,66850.0
288155,2024-05-28,vino tinto dada 3 cabernet sauvignon syrah 750 ml,A2,72700.0
288158,2024-05-28,vino tinto dalamel merlot 750 ml,A2,78200.0
288222,2024-05-28,vino tinto libertador moscatel 750 ml,A2,14600.0
288258,2024-05-28,vino tinto polero cabernet sauvignon 750 ml,A2,42150.0
288290,2024-05-28,vino tinto santa rita 3 medallas merlot 750 ml,A2,51100.0
288358,2024-05-28,waflera black decker 800 w 4 puestos negro wm1000b,A2,229900.0
288437,2024-05-28,yogurt alpinito petit suisse melocoton 45 g x4 unds,A2,4930.0
288467,2024-05-29,4 dispensadores de agua electrico para botellon recargable,A2,417900.0
288474,2024-05-29,achiras mauka sabor original ecopack 100 g,A2,13500.0
288746,2024-05-29,aromatica jaibel herbales frutos surtido 90 g,A2,27990.0
289025,2024-05-29,bebida natures heart almendras sin azucar 946 ml,A2,15300.0
289051,2024-05-29,bebida tosh cacao y almendra sin azucar 1 l,A2,17277.0
289220,2024-05-29,cafe colcafe vainil centto 115g x10 cap,A2,18890.0
289323,2024-05-29,caramelo bianchi mini mani chocolate blanco 65 g,A2,2700.0
289385,2024-05-29,cepillos dentales oralb indicator color collection 4 unds,A2,20475.0
289455,2024-05-29,cereal kellogg s allbran 400g,A2,21300.0
289744,2024-05-29,cplmto dentalife purina perro med 119g,A2,23550.0
289787,2024-05-29,cuchilla para licuadora black decker fusion acero bl165005la,A2,56900.0
290086,2024-05-29,galleta tosh fusion cereal fit 388g,A2,9750.0
290093,2024-05-29,galleta tosh tipo sandwich vainilla 144 g,A2,9500.0
290163,2024-05-29,galletas matinas vainilla 225g,A2,4900.0
290262,2024-05-29,gaseosa schweppes ginger ale 269ml,A2,2500.0
290319,2024-05-29,ginebra hendricks escape 750ml,A2,236900.0
290517,2024-05-29,jamon pietran de cerdo sin conservantes 431 g,A2,21400.0
290562,2024-05-29,jugo del valle frutal mango 500ml,A2,2600.0
290574,2024-05-29,jugo en caja nectar manzana 1000 ml,A2,6900.0
290637,2024-05-29,lampara de techo ikelite 1 luz rojo e27 60 w,A2,46900.0
290660,2024-05-29,leche colanta deslactosada 11 lt,A2,5400.0
290952,2024-05-29,marisco camaron antillana artesanal 500 g,A2,41500.0
290992,2024-05-29,mezc frutino polv gelat ligth lm 11g,A2,2500.0
291059,2024-05-29,mouse logitech g703 hero wireless 910005638,A2,396900.0
291239,2024-05-29,pasaboca kibo chips de lentejas sal marina 28 g x4 unds,A2,12950.0
291346,2024-05-29,pez filete de salmon pesco 300 g,A2,20700.0
291451,2024-05-29,pollo muslo fresco con piel acondesa kg,A2,11500.0
291650,2024-05-29,refresco frutino mango 2 lt,A2,800.0
291724,2024-05-29,res espaldillacascaracarne para desmechar tradicional,A2,30580.0
291727,2024-05-29,res goulashtrocito a2 bandeja x kg,A2,37750.0
291732,2024-05-29,res lomo barcino redondotapa lomo tradicional,A2,28380.0
291863,2024-05-29,salsa fruco de soya 154 ml,A2,6900.0
291987,2024-05-29,sopa cup noodles carne 68g,A2,7200.0
292123,2024-05-29,te negro fuze tea durazno 400ml,A2,2750.0
292151,2024-05-29,teclado inalambrico star tec stkb689,A2,41900.0
292305,2024-05-29,tonica schweppes 300ml x 4 unds,A2,9500.0
292386,2024-05-29,vino baron philippe rot chardonnay 750 ml,A2,39120.0
292406,2024-05-29,vino blanco catena alta chardonnay 750 ml,A2,215300.0
292471,2024-05-29,vino blanco santa rita 120 chardonnay 750 ml,A2,71400.0
292597,2024-05-29,vino santiago 1541 brut espuma 750 ml,A2,66850.0
292671,2024-05-29,vino tinto dada 3 cabernet sauvignon syrah 750 ml,A2,72700.0
292674,2024-05-29,vino tinto dalamel merlot 750 ml,A2,78200.0
292735,2024-05-29,vino tinto libertador moscatel 750 ml,A2,14600.0
292771,2024-05-29,vino tinto polero cabernet sauvignon 750 ml,A2,42150.0
292803,2024-05-29,vino tinto santa rita 3 medallas merlot 750 ml,A2,51100.0
292875,2024-05-29,waflera black decker 800 w 4 puestos negro wm1000b,A2,229900.0
292989,2024-05-29,yogurt alpinito petit suisse melocoton 45 g x4 unds,A2,5800.0
293018,2024-05-29,yogurt griego snack fit me x150 ml,A2,8900.0
293067,2024-05-30,4 dispensadores de agua electrico para botellon recargable,A2,417900.0
293074,2024-05-30,achiras mauka sabor original ecopack 100 g,A2,13500.0
293344,2024-05-30,aromatica jaibel herbales frutos surtido 90 g,A2,27990.0
293624,2024-05-30,bebida natures heart almendras sin azucar 946 ml,A2,15300.0
293651,2024-05-30,bebida tosh cacao y almendra sin azucar 1 l,A2,17277.0
293922,2024-05-30,caramelo bianchi mini mani chocolate blanco 65 g,A2,2700.0
294048,2024-05-30,cereal kellogg s allbran 400g,A2,21300.0
294334,2024-05-30,cplmto dentalife purina perro med 119g,A2,23550.0
294377,2024-05-30,cuchilla para licuadora black decker fusion acero bl165005la,A2,56900.0
294676,2024-05-30,galleta tosh fusion cereal fit 388g,A2,9750.0
294683,2024-05-30,galleta tosh tipo sandwich vainilla 144 g,A2,9500.0
294753,2024-05-30,galletas matinas vainilla 225g,A2,4900.0
294850,2024-05-30,gaseosa schweppes ginger ale 269ml,A2,2500.0
294905,2024-05-30,ginebra hendricks escape 750ml,A2,236900.0
295097,2024-05-30,jamon pietran de cerdo sin conservantes 431 g,A2,21400.0
295143,2024-05-30,jugo del valle frutal mango 500ml,A2,2600.0
295155,2024-05-30,jugo en caja nectar manzana 1000 ml,A2,6900.0
295216,2024-05-30,lampara de techo ikelite 1 luz rojo e27 60 w,A2,46900.0
295239,2024-05-30,leche colanta deslactosada 11 lt,A2,5400.0
295527,2024-05-30,marisco camaron antillana artesanal 500 g,A2,41500.0
295568,2024-05-30,mezc frutino polv gelat ligth lm 11g,A2,2500.0
295634,2024-05-30,mouse logitech g703 hero wireless 910005638,A2,396900.0
295810,2024-05-30,pasaboca kibo chips de lentejas sal marina 28 g x4 unds,A2,12950.0
295914,2024-05-30,pez filete de salmon pesco 300 g,A2,20700.0
296012,2024-05-30,pollo muslo fresco con piel acondesa kg,A2,11500.0
296208,2024-05-30,refresco frutino mango 2 lt,A2,800.0
296283,2024-05-30,res espaldillacascaracarne para desmechar tradicional,A2,30580.0
296286,2024-05-30,res goulashtrocito a2 bandeja x kg,A2,37750.0
296291,2024-05-30,res lomo barcino redondotapa lomo tradicional,A2,28380.0
296423,2024-05-30,salsa fruco de soya 154 ml,A2,6900.0
296543,2024-05-30,sopa cup noodles carne 68g,A2,7200.0
296679,2024-05-30,te negro fuze tea durazno 400ml,A2,2750.0
296709,2024-05-30,teclado inalambrico star tec stkb689,A2,41900.0
296859,2024-05-30,tonica schweppes 300ml x 4 unds,A2,9500.0
296932,2024-05-30,vino baron philippe rot chardonnay 750 ml,A2,39120.0
296952,2024-05-30,vino blanco catena alta chardonnay 750 ml,A2,215300.0
297018,2024-05-30,vino blanco santa rita 120 chardonnay 750 ml,A2,71400.0
297144,2024-05-30,vino santiago 1541 brut espuma 750 ml,A2,66850.0
297218,2024-05-30,vino tinto dada 3 cabernet sauvignon syrah 750 ml,A2,72700.0
297221,2024-05-30,vino tinto dalamel merlot 750 ml,A2,78200.0
297281,2024-05-30,vino tinto libertador moscatel 750 ml,A2,14600.0
297317,2024-05-30,vino tinto polero cabernet sauvignon 750 ml,A2,42150.0
297349,2024-05-30,vino tinto santa rita 3 medallas merlot 750 ml,A2,51100.0
297424,2024-05-30,waflera black decker 800 w 4 puestos negro wm1000b,A2,229900.0
297538,2024-05-30,yogurt alpinito petit suisse melocoton 45 g x4 unds,A2,5800.0
297567,2024-05-30,yogurt griego snack fit me x150 ml,A2,8900.0
297619,2024-05-31,4 dispensadores de agua electrico para botellon recargable,A2,417900.0
297626,2024-05-31,achiras mauka sabor original ecopack 100 g,A2,13500.0
297906,2024-05-31,aromatica jaibel herbales frutos surtido 90 g,A2,27990.0
298203,2024-05-31,bebida natures heart almendras sin azucar 946 ml,A2,15300.0
298229,2024-05-31,bebida tosh cacao y almendra sin azucar 1 l,A2,17277.0
298453,2024-05-31,cafe colcafe vainil centto 115g x10 cap,A2,18890.0
298642,2024-05-31,caramelo bianchi mini mani chocolate blanco 65 g,A2,2700.0
298703,2024-05-31,cepillos dentales oralb indicator color collection 4 unds,A2,27300.0
298777,2024-05-31,cereal kellogg s allbran 400g,A2,21300.0
299103,2024-05-31,cplmto dentalife purina perro med 119g,A2,23550.0
299153,2024-05-31,cuchilla para licuadora black decker fusion acero bl165005la,A2,56900.0
299472,2024-05-31,galleta tosh fusion cereal fit 388g,A2,9750.0
299479,2024-05-31,galleta tosh tipo sandwich vainilla 144 g,A2,9500.0
299549,2024-05-31,galletas matinas vainilla 225g,A2,4900.0
299647,2024-05-31,gaseosa schweppes ginger ale 269ml,A2,2500.0
299708,2024-05-31,ginebra hendricks escape 750ml,A2,236900.0
299886,2024-05-31,jamon pietran de cerdo sin conservantes 431 g,A2,21400.0
299950,2024-05-31,jugo del valle frutal mango 500ml,A2,1950.0
299962,2024-05-31,jugo en caja nectar manzana 1000 ml,A2,6900.0
300001,2024-05-31,kimono mujer amarillo atypical 93586,A2,44100.0
300024,2024-05-31,lampara de techo ikelite 1 luz rojo e27 60 w,A2,46900.0
300047,2024-05-31,leche colanta deslactosada 11 lt,A2,5400.0
300331,2024-05-31,marisco camaron antillana artesanal 500 g,A2,33200.0
300377,2024-05-31,mezc frutino polv gelat ligth lm 11g,A2,2500.0
300445,2024-05-31,mouse logitech g703 hero wireless 910005638,A2,396900.0
300641,2024-05-31,pasaboca kibo chips de lentejas sal marina 28 g x4 unds,A2,12950.0
300743,2024-05-31,pez filete de salmon pesco 300 g,A2,20700.0
300847,2024-05-31,pollo muslo fresco con piel acondesa kg,A2,11500.0
301032,2024-05-31,refresco frutino mango 2 lt,A2,800.0
301115,2024-05-31,res espaldillacascaracarne para desmechar tradicional,A2,30580.0
301118,2024-05-31,res goulashtrocito a2 bandeja x kg,A2,37750.0
301123,2024-05-31,res lomo barcino redondotapa lomo tradicional,A2,28380.0
301382,2024-05-31,sopa cup noodles carne 68g,A2,7200.0
301527,2024-05-31,te negro fuze tea durazno 400ml,A2,2750.0
301557,2024-05-31,teclado inalambrico star tec stkb689,A2,41900.0
301639,2024-05-31,tonica schweppes 300ml x 4 unds,A2,9500.0
301771,2024-05-31,vino baron philippe rot chardonnay 750 ml,A2,39120.0
301790,2024-05-31,vino blanco catena alta chardonnay 750 ml,A2,150710.0
301856,2024-05-31,vino blanco santa rita 120 chardonnay 750 ml,A2,49980.0
301980,2024-05-31,vino santiago 1541 brut espuma 750 ml,A2,46795.0
302054,2024-05-31,vino tinto dada 3 cabernet sauvignon syrah 750 ml,A2,50890.0
302057,2024-05-31,vino tinto dalamel merlot 750 ml,A2,54740.0
302117,2024-05-31,vino tinto libertador moscatel 750 ml,A2,10220.0
302153,2024-05-31,vino tinto polero cabernet sauvignon 750 ml,A2,29505.0
302185,2024-05-31,vino tinto santa rita 3 medallas merlot 750 ml,A2,35770.0
302258,2024-05-31,waflera black decker 800 w 4 puestos negro wm1000b,A2,229900.0
302376,2024-05-31,yogurt alpinito petit suisse melocoton 45 g x4 unds,A2,5800.0
302405,2024-05-31,yogurt griego snack fit me x150 ml,A2,8900.0
302458,2024-06-05,4 dispensadores de agua electrico para botellon recargable,A2,417900.0
302462,2024-06-05,achiras mauka sabor original ecopack 100 g,A2,13500.0
302714,2024-06-05,aromatica jaibel herbales frutos surtido 90 g,A2,27990.0
302980,2024-06-05,bebida natures heart almendras sin azucar 946 ml,A2,15300.0
303007,2024-06-05,bebida tosh cacao y almendra sin azucar 1 l,A2,17277.0
303210,2024-06-05,cafe colcafe vainil centto 115g x10 cap,A2,18890.0
303370,2024-06-05,caramelo bianchi mini mani chocolate blanco 65 g,A2,2700.0
303406,2024-06-05,cepillos dentales oralb indicator color collection 4 unds,A2,20475.0
303758,2024-06-05,cuchilla para licuadora black decker fusion acero bl165005la,A2,56900.0
303967,2024-06-05,galleta tosh fusion cereal fit 388g,A2,9750.0
304084,2024-06-05,gaseosa schweppes ginger ale 269ml,A2,2500.0
304114,2024-06-05,ginebra hendricks escape 750ml,A2,236900.0
304261,2024-06-05,jamon pietran de cerdo sin conservantes 431 g,A2,21400.0
304311,2024-06-05,jugo del valle frutal mango 500ml,A2,2600.0
304323,2024-06-05,jugo en caja nectar manzana 1000 ml,A2,6900.0
304358,2024-06-05,kimono mujer amarillo atypical 93586,A2,50400.0
304378,2024-06-05,lampara de techo ikelite 1 luz rojo e27 60 w,A2,46900.0
304401,2024-06-05,leche colanta deslactosada 11 lt,A2,5400.0
304669,2024-06-05,marisco camaron antillana artesanal 500 g,A2,35275.0
304744,2024-06-05,mouse logitech g703 hero wireless 910005638,A2,396900.0
304907,2024-06-05,pasaboca kibo chips de lentejas sal marina 28 g x4 unds,A2,12950.0
304960,2024-06-05,pez filete de salmon pesco 300 g,A2,34500.0
305024,2024-06-05,pollo muslo fresco con piel acondesa kg,A2,11500.0
305168,2024-06-05,refresco frutino mango 2 lt,A2,800.0
305244,2024-06-05,res espaldillacascaracarne para desmechar tradicional,A2,30580.0
305247,2024-06-05,res goulashtrocito a2 bandeja x kg,A2,32087.0
305353,2024-06-05,salsa fruco de soya 154 ml,A2,5175.0
305581,2024-06-05,te negro fuze tea durazno 400ml,A2,2750.0
305610,2024-06-05,teclado inalambrico star tec stkb689,A2,41900.0
305693,2024-06-05,tonica schweppes 300ml x 4 unds,A2,9500.0
305808,2024-06-05,vino baron philippe rot chardonnay 750 ml,A2,65200.0
305824,2024-06-05,vino blanco catena alta chardonnay 750 ml,A2,215300.0
305871,2024-06-05,vino blanco santa rita 120 chardonnay 750 ml,A2,46410.0
305979,2024-06-05,vino santiago 1541 brut espuma 750 ml,A2,49700.0
306039,2024-06-05,vino tinto dada 3 cabernet sauvignon syrah 750 ml,A2,72700.0
306040,2024-06-05,vino tinto dalamel merlot 750 ml,A2,78200.0
306083,2024-06-05,vino tinto libertador moscatel 750 ml,A2,14600.0
306110,2024-06-05,vino tinto polero cabernet sauvignon 750 ml,A2,42150.0
306141,2024-06-05,vino tinto santa rita 3 medallas merlot 750 ml,A2,33215.0
306206,2024-06-05,waflera black decker 800 w 4 puestos negro wm1000b,A2,229900.0
306294,2024-06-05,yogurt alpina finesse melocoton 1000 g,A2,15500.0
306310,2024-06-05,yogurt alpinito petit suisse melocoton 45 g x4 unds,A2,5800.0
306369,2024-06-06,4 dispensadores de agua electrico para botellon recargable,A2,417900.0
306376,2024-06-06,achiras mauka sabor original ecopack 100 g,A2,13500.0
306639,2024-06-06,aromatica jaibel herbales frutos surtido 90 g,A2,27990.0
306907,2024-06-06,bebida natures heart almendras sin azucar 946 ml,A2,13311.0
306934,2024-06-06,bebida tosh cacao y almendra sin azucar 1 l,A2,17277.0
307112,2024-06-06,cafe colcafe vainil centto 115g x10 cap,A2,18890.0
307229,2024-06-06,caramelo bianchi mini mani chocolate blanco 65 g,A2,2700.0
307266,2024-06-06,cepillos dentales oralb indicator color collection 4 unds,A2,27300.0
307331,2024-06-06,cereal kellogg s allbran 400g,A2,21300.0
307630,2024-06-06,cuchilla para licuadora black decker fusion acero bl165005la,A2,56900.0
307891,2024-06-06,galleta tosh fusion cereal fit 388g,A2,9750.0
307898,2024-06-06,galleta tosh tipo sandwich vainilla 144 g,A2,9500.0
307963,2024-06-06,galletas matinas vainilla 225g,A2,4900.0
308062,2024-06-06,gaseosa schweppes ginger ale 269ml,A2,2500.0
308115,2024-06-06,ginebra hendricks escape 750ml,A2,236900.0
308301,2024-06-06,jamon pietran de cerdo sin conservantes 431 g,A2,21400.0
308342,2024-06-06,jugo del valle frutal mango 500ml,A2,2600.0
308354,2024-06-06,jugo en caja nectar manzana 1000 ml,A2,6900.0
308408,2024-06-06,lampara de techo ikelite 1 luz rojo e27 60 w,A2,46900.0
308422,2024-06-06,leche colanta deslactosada 11 lt,A2,5400.0
308692,2024-06-06,marisco camaron antillana artesanal 500 g,A2,41500.0
308804,2024-06-06,mouse logitech g703 hero wireless 910005638,A2,396900.0
308974,2024-06-06,pasaboca kibo chips de lentejas sal marina 28 g x4 unds,A2,12950.0
309062,2024-06-06,pez filete de salmon pesco 300 g,A2,34500.0
309160,2024-06-06,pollo muslo fresco con piel acondesa kg,A2,11500.0
309342,2024-06-06,refresco frutino mango 2 lt,A2,800.0
309424,2024-06-06,res espaldillacascaracarne para desmechar tradicional,A2,30580.0
309426,2024-06-06,res goulashtrocito a2 bandeja x kg,A2,37750.0
309430,2024-06-06,res lomo barcino redondotapa lomo tradicional,A2,28380.0
309553,2024-06-06,salsa fruco de soya 154 ml,A2,6900.0
309789,2024-06-06,te negro fuze tea durazno 400ml,A2,2750.0
309818,2024-06-06,teclado inalambrico star tec stkb689,A2,41900.0
309957,2024-06-06,tonica schweppes 300ml x 4 unds,A2,9500.0
310036,2024-06-06,vino baron philippe rot chardonnay 750 ml,A2,65200.0
310092,2024-06-06,vino blanco santa rita 120 chardonnay 750 ml,A2,46410.0
310203,2024-06-06,vino santiago 1541 brut espuma 750 ml,A2,49700.0
310253,2024-06-06,vino tinto dada 3 cabernet sauvignon syrah 750 ml,A2,72700.0
310291,2024-06-06,vino tinto libertador moscatel 750 ml,A2,14600.0
310342,2024-06-06,vino tinto santa rita 3 medallas merlot 750 ml,A2,33215.0
310403,2024-06-06,waflera black decker 800 w 4 puestos negro wm1000b,A2,229900.0
310483,2024-06-06,yogurt alpina finesse melocoton 1000 g,A2,15500.0
310509,2024-06-06,yogurt alpinito petit suisse melocoton 45 g x4 unds,A2,5800.0
310539,2024-06-06,yogurt griego snack fit me x150 ml,A2,8900.0
310586,2024-06-07,4 dispensadores de agua electrico para botellon recargable,A2,417900.0
310592,2024-06-07,achiras mauka sabor original ecopack 100 g,A2,13500.0
310858,2024-06-07,aromatica jaibel herbales frutos surtido 90 g,A2,27990.0
311134,2024-06-07,bebida natures heart almendras sin azucar 946 ml,A2,13311.0
311158,2024-06-07,bebida tosh cacao y almendra sin azucar 1 l,A2,17277.0
311381,2024-06-07,cafe colcafe vainil centto 115g x10 cap,A2,18890.0
311553,2024-06-07,caramelo bianchi mini mani chocolate blanco 65 g,A2,2700.0
311593,2024-06-07,cepillos dentales oralb indicator color collection 4 unds,A2,27300.0
311667,2024-06-07,cereal kellogg s allbran 400g,A2,21300.0
312014,2024-06-07,cuchilla para licuadora black decker fusion acero bl165005la,A2,56900.0
312333,2024-06-07,galleta tosh fusion cereal fit 388g,A2,9750.0
312340,2024-06-07,galleta tosh tipo sandwich vainilla 144 g,A2,9500.0
312406,2024-06-07,galletas matinas vainilla 225g,A2,4900.0
312504,2024-06-07,gaseosa schweppes ginger ale 269ml,A2,2500.0
312560,2024-06-07,ginebra hendricks escape 750ml,A2,236900.0
312732,2024-06-07,jamon pietran de cerdo sin conservantes 431 g,A2,21400.0
312791,2024-06-07,jugo del valle frutal mango 500ml,A2,2600.0
312803,2024-06-07,jugo en caja nectar manzana 1000 ml,A2,6900.0
312842,2024-06-07,kimono mujer amarillo atypical 93586,A2,50400.0
312863,2024-06-07,lampara de techo ikelite 1 luz rojo e27 60 w,A2,46900.0
312886,2024-06-07,leche colanta deslactosada 11 lt,A2,5400.0
313161,2024-06-07,marisco camaron antillana artesanal 500 g,A2,33200.0
313285,2024-06-07,mouse logitech g703 hero wireless 910005638,A2,396900.0
313470,2024-06-07,pasaboca kibo chips de lentejas sal marina 28 g x4 unds,A2,12950.0
313581,2024-06-07,pez filete de salmon pesco 300 g,A2,27600.0
313706,2024-06-07,pollo muslo fresco con piel acondesa kg,A2,11500.0
313885,2024-06-07,refresco frutino mango 2 lt,A2,800.0
313971,2024-06-07,res espaldillacascaracarne para desmechar tradicional,A2,30580.0
313974,2024-06-07,res goulashtrocito a2 bandeja x kg,A2,37750.0
313979,2024-06-07,res lomo barcino redondotapa lomo tradicional,A2,28380.0
314105,2024-06-07,salsa fruco de soya 154 ml,A2,6900.0
314228,2024-06-07,sopa cup noodles carne 68g,A2,7200.0
314355,2024-06-07,te negro fuze tea durazno 400ml,A2,1650.0
314383,2024-06-07,teclado inalambrico star tec stkb689,A2,41900.0
314471,2024-06-07,tonica schweppes 300ml x 4 unds,A2,9500.0
314600,2024-06-07,vino baron philippe rot chardonnay 750 ml,A2,45640.0
314618,2024-06-07,vino blanco catena alta chardonnay 750 ml,A2,150710.0
314678,2024-06-07,vino blanco santa rita 120 chardonnay 750 ml,A2,46410.0
314795,2024-06-07,vino santiago 1541 brut espuma 750 ml,A2,49700.0
314868,2024-06-07,vino tinto dada 3 cabernet sauvignon syrah 750 ml,A2,50890.0
314871,2024-06-07,vino tinto dalamel merlot 750 ml,A2,54740.0
314927,2024-06-07,vino tinto libertador moscatel 750 ml,A2,10220.0
314963,2024-06-07,vino tinto polero cabernet sauvignon 750 ml,A2,29505.0
314996,2024-06-07,vino tinto santa rita 3 medallas merlot 750 ml,A2,33215.0
315068,2024-06-07,waflera black decker 800 w 4 puestos negro wm1000b,A2,229900.0
315159,2024-06-07,yogurt alpina finesse melocoton 1000 g,A2,15500.0
315185,2024-06-07,yogurt alpinito petit suisse melocoton 45 g x4 unds,A2,5800.0
315215,2024-06-07,yogurt griego snack fit me x150 ml,A2,8900.0
315265,2024-06-09,4 dispensadores de agua electrico para botellon recargable,A2,384900.0
315272,2024-06-09,achiras mauka sabor original ecopack 100 g,A2,13500.0
315540,2024-06-09,aromatica jaibel herbales frutos surtido 90 g,A2,16794.0
315816,2024-06-09,bebida natures heart almendras sin azucar 946 ml,A2,13311.0
315842,2024-06-09,bebida tosh cacao y almendra sin azucar 1 l,A2,17277.0
316049,2024-06-09,cafe colcafe vainil centto 115g x10 cap,A2,18890.0
316260,2024-06-09,caramelo bianchi mini mani chocolate blanco 65 g,A2,2700.0
316300,2024-06-09,cepillos dentales oralb indicator color collection 4 unds,A2,27300.0
316366,2024-06-09,cereal kellogg s allbran 400g,A2,21300.0
316705,2024-06-09,cuchilla para licuadora black decker fusion acero bl165005la,A2,56900.0
317037,2024-06-09,galleta tosh tipo sandwich vainilla 144 g,A2,9500.0
317103,2024-06-09,galletas matinas vainilla 225g,A2,4900.0
317199,2024-06-09,gaseosa schweppes ginger ale 269ml,A2,1625.0
317255,2024-06-09,ginebra hendricks escape 750ml,A2,236900.0
317430,2024-06-09,jamon pietran de cerdo sin conservantes 431 g,A2,21400.0
317475,2024-06-09,jugo del valle frutal mango 500ml,A2,2600.0
317487,2024-06-09,jugo en caja nectar manzana 1000 ml,A2,6900.0
317527,2024-06-09,kimono mujer amarillo atypical 93586,A2,75600.0
317548,2024-06-09,lampara de techo ikelite 1 luz rojo e27 60 w,A2,46900.0
317571,2024-06-09,leche colanta deslactosada 11 lt,A2,5400.0
317847,2024-06-09,marisco camaron antillana artesanal 500 g,A2,41500.0
317971,2024-06-09,mouse logitech g703 hero wireless 910005638,A2,396900.0
318150,2024-06-09,pasaboca kibo chips de lentejas sal marina 28 g x4 unds,A2,12950.0
318255,2024-06-09,pez filete de salmon pesco 300 g,A2,34500.0
318367,2024-06-09,pollo muslo fresco con piel acondesa kg,A2,11500.0
318546,2024-06-09,refresco frutino mango 2 lt,A2,800.0
318631,2024-06-09,res espaldillacascaracarne para desmechar tradicional,A2,30580.0
318634,2024-06-09,res goulashtrocito a2 bandeja x kg,A2,37750.0
318762,2024-06-09,salsa fruco de soya 154 ml,A2,6900.0
318909,2024-06-09,sopa cup noodles carne 68g,A2,7200.0
319039,2024-06-09,te negro fuze tea durazno 400ml,A2,1650.0
319068,2024-06-09,teclado inalambrico star tec stkb689,A2,39900.0
319153,2024-06-09,tonica schweppes 300ml x 4 unds,A2,6175.0
319298,2024-06-09,vino blanco catena alta chardonnay 750 ml,A2,215300.0
319357,2024-06-09,vino blanco santa rita 120 chardonnay 750 ml,A2,46410.0
319476,2024-06-09,vino santiago 1541 brut espuma 750 ml,A2,49700.0
319548,2024-06-09,vino tinto dada 3 cabernet sauvignon syrah 750 ml,A2,72700.0
319551,2024-06-09,vino tinto dalamel merlot 750 ml,A2,78200.0
319607,2024-06-09,vino tinto libertador moscatel 750 ml,A2,14600.0
319643,2024-06-09,vino tinto polero cabernet sauvignon 750 ml,A2,42150.0
319676,2024-06-09,vino tinto santa rita 3 medallas merlot 750 ml,A2,33215.0
319746,2024-06-09,waflera black decker 800 w 4 puestos negro wm1000b,A2,199900.0
319835,2024-06-09,yogurt alpina finesse melocoton 1000 g,A2,15500.0
319862,2024-06-09,yogurt alpinito petit suisse melocoton 45 g x4 unds,A2,5800.0
319893,2024-06-09,yogurt griego snack fit me x150 ml,A2,8900.0
319944,2024-06-11,4 dispensadores de agua electrico para botellon recargable,A2,384900.0
319946,2024-06-11,achiras mauka sabor original ecopack 100 g,A2,13500.0
320123,2024-06-11,aromatica jaibel herbales frutos surtido 90 g,A2,16794.0
320308,2024-06-11,bebida natures heart almendras sin azucar 946 ml,A2,13311.0
320332,2024-06-11,bebida tosh cacao y almendra sin azucar 1 l,A2,13822.0
320554,2024-06-11,caramelo bianchi mini mani chocolate blanco 65 g,A2,2700.0
320647,2024-06-11,cereal kellogg s allbran 400g,A2,21300.0
320883,2024-06-11,cuchilla para licuadora black decker fusion acero bl165005la,A2,56900.0
321033,2024-06-11,galleta tosh tipo sandwich vainilla 144 g,A2,7600.0
321122,2024-06-11,gaseosa schweppes ginger ale 269ml,A2,1750.0
321160,2024-06-11,ginebra hendricks escape 750ml,A2,236900.0
321302,2024-06-11,jugo del valle frutal mango 500ml,A2,1820.0
321311,2024-06-11,jugo en caja nectar manzana 1000 ml,A2,6900.0
321346,2024-06-11,kimono mujer amarillo atypical 93586,A2,75600.0
321363,2024-06-11,lampara de techo ikelite 1 luz rojo e27 60 w,A2,46900.0
321527,2024-06-11,marisco camaron antillana artesanal 500 g,A2,41500.0
321609,2024-06-11,mouse logitech g703 hero wireless 910005638,A2,396900.0
321739,2024-06-11,pasaboca kibo chips de lentejas sal marina 28 g x4 unds,A2,9065.0
321819,2024-06-11,pez filete de salmon pesco 300 g,A2,34500.0
322029,2024-06-11,refresco frutino mango 2 lt,A2,800.0
322309,2024-06-11,te negro fuze tea durazno 400ml,A2,1925.0
322321,2024-06-11,teclado inalambrico star tec stkb689,A2,41900.0
322482,2024-06-11,vino blanco santa rita 120 chardonnay 750 ml,A2,46410.0
322543,2024-06-11,vino santiago 1541 brut espuma 750 ml,A2,49700.0
322651,2024-06-11,waflera black decker 800 w 4 puestos negro wm1000b,A2,199900.0
322728,2024-06-11,yogurt alpinito petit suisse melocoton 45 g x4 unds,A2,5220.0
322764,2024-06-12,4 dispensadores de agua electrico para botellon recargable,A2,384900.0
322771,2024-06-12,achiras mauka sabor original ecopack 100 g,A2,13500.0
323037,2024-06-12,aromatica jaibel herbales frutos surtido 90 g,A2,16794.0
323303,2024-06-12,bebida natures heart almendras sin azucar 946 ml,A2,13311.0
323329,2024-06-12,bebida tosh cacao y almendra sin azucar 1 l,A2,17277.0
323477,2024-06-12,cafe colcafe vainil centto 115g x10 cap,A2,18890.0
323573,2024-06-12,caramelo bianchi mini mani chocolate blanco 65 g,A2,2700.0
323612,2024-06-12,cepillos dentales oralb indicator color collection 4 unds,A2,27300.0
323687,2024-06-12,cereal kellogg s allbran 400g,A2,21300.0
324030,2024-06-12,cuchilla para licuadora black decker fusion acero bl165005la,A2,56900.0
324328,2024-06-12,galleta tosh tipo sandwich vainilla 144 g,A2,9500.0
324393,2024-06-12,galletas matinas vainilla 225g,A2,4900.0
324490,2024-06-12,gaseosa schweppes ginger ale 269ml,A2,1625.0
324548,2024-06-12,ginebra hendricks escape 750ml,A2,236900.0
324720,2024-06-12,jamon pietran de cerdo sin conservantes 431 g,A2,21400.0
324760,2024-06-12,jugo del valle frutal mango 500ml,A2,2600.0
324772,2024-06-12,jugo en caja nectar manzana 1000 ml,A2,6900.0
324834,2024-06-12,lampara de techo ikelite 1 luz rojo e27 60 w,A2,46900.0
324856,2024-06-12,leche colanta deslactosada 11 lt,A2,5400.0
325132,2024-06-12,marisco camaron antillana artesanal 500 g,A2,41500.0
325249,2024-06-12,mouse logitech g703 hero wireless 910005638,A2,396900.0
325395,2024-06-12,pasaboca kibo chips de lentejas sal marina 28 g x4 unds,A2,12950.0
325497,2024-06-12,pez filete de salmon pesco 300 g,A2,34500.0
325599,2024-06-12,pollo muslo fresco con piel acondesa kg,A2,11500.0
325780,2024-06-12,refresco frutino mango 2 lt,A2,800.0
325903,2024-06-12,res espaldillacascaracarne para desmechar tradicional,A2,30580.0
325906,2024-06-12,res goulashtrocito a2 bandeja x kg,A2,32087.0
325911,2024-06-12,res lomo barcino redondotapa lomo tradicional,A2,28380.0
326158,2024-06-12,sopa cup noodles carne 68g,A2,7200.0
326284,2024-06-12,te negro fuze tea durazno 400ml,A2,2750.0
326313,2024-06-12,teclado inalambrico star tec stkb689,A2,41900.0
326458,2024-06-12,tonica schweppes 300ml x 4 unds,A2,6175.0
326553,2024-06-12,vino blanco catena alta chardonnay 750 ml,A2,215300.0
326612,2024-06-12,vino blanco santa rita 120 chardonnay 750 ml,A2,46410.0
326727,2024-06-12,vino santiago 1541 brut espuma 750 ml,A2,49700.0
326798,2024-06-12,vino tinto dada 3 cabernet sauvignon syrah 750 ml,A2,72700.0
326801,2024-06-12,vino tinto dalamel merlot 750 ml,A2,78200.0
326854,2024-06-12,vino tinto libertador moscatel 750 ml,A2,16000.0
326889,2024-06-12,vino tinto polero cabernet sauvignon 750 ml,A2,42150.0
326921,2024-06-12,vino tinto santa rita 3 medallas merlot 750 ml,A2,33215.0
326989,2024-06-12,waflera black decker 800 w 4 puestos negro wm1000b,A2,199900.0
327077,2024-06-12,yogurt alpina finesse melocoton 1000 g,A2,15500.0
327104,2024-06-12,yogurt alpinito petit suisse melocoton 45 g x4 unds,A2,5800.0
327135,2024-06-12,yogurt griego snack fit me x150 ml,A2,8900.0
327184,2024-06-14,4 dispensadores de agua electrico para botellon recargable,A2,384900.0
327190,2024-06-14,achiras mauka sabor original ecopack 100 g,A2,13500.0
327451,2024-06-14,aromatica jaibel herbales frutos surtido 90 g,A2,16794.0
327719,2024-06-14,bebida natures heart almendras sin azucar 946 ml,A2,13311.0
327744,2024-06-14,bebida tosh cacao y almendra sin azucar 1 l,A2,17277.0
327888,2024-06-14,cafe colcafe vainil centto 115g x10 cap,A2,18890.0
327971,2024-06-14,caramelo bianchi mini mani chocolate blanco 65 g,A2,2700.0
328013,2024-06-14,cepillos dentales oralb indicator color collection 4 unds,A2,27300.0
328087,2024-06-14,cereal kellogg s allbran 400g,A2,21300.0
328424,2024-06-14,cuchilla para licuadora black decker fusion acero bl165005la,A2,56900.0
328719,2024-06-14,galleta tosh tipo sandwich vainilla 144 g,A2,9500.0
328784,2024-06-14,galletas matinas vainilla 225g,A2,4900.0
328881,2024-06-14,gaseosa schweppes ginger ale 269ml,A2,1625.0
328936,2024-06-14,ginebra hendricks escape 750ml,A2,236900.0
329121,2024-06-14,jamon pietran de cerdo sin conservantes 431 g,A2,21400.0
329157,2024-06-14,jugo del valle frutal mango 500ml,A2,2600.0
329169,2024-06-14,jugo en caja nectar manzana 1000 ml,A2,6900.0
329232,2024-06-14,lampara de techo ikelite 1 luz rojo e27 60 w,A2,46900.0
329254,2024-06-14,leche colanta deslactosada 11 lt,A2,5400.0
329525,2024-06-14,marisco camaron antillana artesanal 500 g,A2,33200.0
329646,2024-06-14,mouse logitech g703 hero wireless 910005638,A2,396900.0
329786,2024-06-14,pasaboca kibo chips de lentejas sal marina 28 g x4 unds,A2,12950.0
329895,2024-06-14,pez filete de salmon pesco 300 g,A2,27600.0
330005,2024-06-14,pollo muslo fresco con piel acondesa kg,A2,11500.0
330195,2024-06-14,refresco frutino mango 2 lt,A2,800.0
330319,2024-06-14,res espaldillacascaracarne para desmechar tradicional,A2,30580.0
330322,2024-06-14,res goulashtrocito a2 bandeja x kg,A2,37750.0
330327,2024-06-14,res lomo barcino redondotapa lomo tradicional,A2,28380.0
330557,2024-06-14,sopa cup noodles carne 68g,A2,7200.0
330683,2024-06-14,te negro fuze tea durazno 400ml,A2,1650.0
330713,2024-06-14,teclado inalambrico star tec stkb689,A2,42900.0
330909,2024-06-14,tonica schweppes 300ml x 4 unds,A2,6175.0
331006,2024-06-14,vino blanco catena alta chardonnay 750 ml,A2,150710.0
331066,2024-06-14,vino blanco santa rita 120 chardonnay 750 ml,A2,46410.0
331183,2024-06-14,vino santiago 1541 brut espuma 750 ml,A2,49700.0
331254,2024-06-14,vino tinto dada 3 cabernet sauvignon syrah 750 ml,A2,50890.0
331257,2024-06-14,vino tinto dalamel merlot 750 ml,A2,54740.0
331312,2024-06-14,vino tinto libertador moscatel 750 ml,A2,11200.0
331348,2024-06-14,vino tinto polero cabernet sauvignon 750 ml,A2,29505.0
331381,2024-06-14,vino tinto santa rita 3 medallas merlot 750 ml,A2,33215.0
331450,2024-06-14,waflera black decker 800 w 4 puestos negro wm1000b,A2,199900.0
331535,2024-06-14,yogurt alpina finesse melocoton 1000 g,A2,15500.0
331562,2024-06-14,yogurt alpinito petit suisse melocoton 45 g x4 unds,A2,5800.0
331593,2024-06-14,yogurt griego snack fit me x150 ml,A2,8900.0
331642,2024-06-15,4 dispensadores de agua electrico para botellon recargable,A2,384900.0
331649,2024-06-15,achiras mauka sabor original ecopack 100 g,A2,13500.0
331909,2024-06-15,aromatica jaibel herbales frutos surtido 90 g,A2,16794.0
332173,2024-06-15,bebida natures heart almendras sin azucar 946 ml,A2,13311.0
332198,2024-06-15,bebida tosh cacao y almendra sin azucar 1 l,A2,17277.0
332337,2024-06-15,cafe colcafe vainil centto 115g x10 cap,A2,18890.0
332411,2024-06-15,caramelo bianchi mini mani chocolate blanco 65 g,A2,2700.0
332448,2024-06-15,cepillos dentales oralb indicator color collection 4 unds,A2,19110.0
332521,2024-06-15,cereal kellogg s allbran 400g,A2,21300.0
332851,2024-06-15,cuchilla para licuadora black decker fusion acero bl165005la,A2,56900.0
333141,2024-06-15,galleta tosh tipo sandwich vainilla 144 g,A2,9500.0
333205,2024-06-15,galletas matinas vainilla 225g,A2,4900.0
333299,2024-06-15,gaseosa schweppes ginger ale 269ml,A2,1625.0
333348,2024-06-15,ginebra hendricks escape 750ml,A2,236900.0
333535,2024-06-15,jamon pietran de cerdo sin conservantes 431 g,A2,21400.0
333572,2024-06-15,jugo del valle frutal mango 500ml,A2,2600.0
333584,2024-06-15,jugo en caja nectar manzana 1000 ml,A2,6900.0
333645,2024-06-15,lampara de techo ikelite 1 luz rojo e27 60 w,A2,46900.0
333665,2024-06-15,leche colanta deslactosada 11 lt,A2,5400.0
333922,2024-06-15,marisco camaron antillana artesanal 500 g,A2,35275.0
334036,2024-06-15,mouse logitech g703 hero wireless 910005638,A2,396900.0
334172,2024-06-15,pasaboca kibo chips de lentejas sal marina 28 g x4 unds,A2,12950.0
334267,2024-06-15,pez filete de salmon pesco 300 g,A2,34500.0
334369,2024-06-15,pollo muslo fresco con piel acondesa kg,A2,11500.0
334552,2024-06-15,refresco frutino mango 2 lt,A2,800.0
334672,2024-06-15,res espaldillacascaracarne para desmechar tradicional,A2,30580.0
334675,2024-06-15,res goulashtrocito a2 bandeja x kg,A2,37750.0
334680,2024-06-15,res lomo barcino redondotapa lomo tradicional,A2,28380.0
334913,2024-06-15,sopa cup noodles carne 68g,A2,7200.0
335034,2024-06-15,te negro fuze tea durazno 400ml,A2,1650.0
335064,2024-06-15,teclado inalambrico star tec stkb689,A2,66900.0
335259,2024-06-15,tonica schweppes 300ml x 4 unds,A2,6175.0
335347,2024-06-15,vino blanco catena alta chardonnay 750 ml,A2,215300.0
335407,2024-06-15,vino blanco santa rita 120 chardonnay 750 ml,A2,46410.0
335521,2024-06-15,vino santiago 1541 brut espuma 750 ml,A2,49700.0
335591,2024-06-15,vino tinto dada 3 cabernet sauvignon syrah 750 ml,A2,72700.0
335594,2024-06-15,vino tinto dalamel merlot 750 ml,A2,78200.0
335648,2024-06-15,vino tinto libertador moscatel 750 ml,A2,16000.0
335684,2024-06-15,vino tinto polero cabernet sauvignon 750 ml,A2,42150.0
335717,2024-06-15,vino tinto santa rita 3 medallas merlot 750 ml,A2,33215.0
335786,2024-06-15,waflera black decker 800 w 4 puestos negro wm1000b,A2,199900.0
335867,2024-06-15,yogurt alpina finesse melocoton 1000 g,A2,15500.0
335892,2024-06-15,yogurt alpinito petit suisse melocoton 45 g x4 unds,A2,4640.0
335921,2024-06-15,yogurt griego snack fit me x150 ml,A2,8900.0
335968,2024-06-16,4 dispensadores de agua electrico para botellon recargable,A2,384900.0
335973,2024-06-16,achiras mauka sabor original ecopack 100 g,A2,13500.0
336238,2024-06-16,aromatica jaibel herbales frutos surtido 90 g,A2,27990.0
336507,2024-06-16,bebida natures heart almendras sin azucar 946 ml,A2,13311.0
336532,2024-06-16,bebida tosh cacao y almendra sin azucar 1 l,A2,17277.0
336670,2024-06-16,cafe colcafe vainil centto 115g x10 cap,A2,18890.0
336750,2024-06-16,caramelo bianchi mini mani chocolate blanco 65 g,A2,2700.0
336788,2024-06-16,cepillos dentales oralb indicator color collection 4 unds,A2,27300.0
336861,2024-06-16,cereal kellogg s allbran 400g,A2,21300.0
337175,2024-06-16,cuchilla para licuadora black decker fusion acero bl165005la,A2,56900.0
337486,2024-06-16,galleta tosh tipo sandwich vainilla 144 g,A2,9500.0
337550,2024-06-16,galletas matinas vainilla 225g,A2,4900.0
337647,2024-06-16,gaseosa schweppes ginger ale 269ml,A2,1625.0
337704,2024-06-16,ginebra hendricks escape 750ml,A2,236900.0
337901,2024-06-16,jamon pietran de cerdo sin conservantes 431 g,A2,21400.0
337942,2024-06-16,jugo del valle frutal mango 500ml,A2,2600.0
337954,2024-06-16,jugo en caja nectar manzana 1000 ml,A2,6900.0
338017,2024-06-16,lampara de techo ikelite 1 luz rojo e27 60 w,A2,46900.0
338039,2024-06-16,leche colanta deslactosada 11 lt,A2,5400.0
338306,2024-06-16,marisco camaron antillana artesanal 500 g,A2,35275.0
338428,2024-06-16,mouse logitech g703 hero wireless 910005638,A2,396900.0
338567,2024-06-16,pasaboca kibo chips de lentejas sal marina 28 g x4 unds,A2,12950.0
338670,2024-06-16,pez filete de salmon pesco 300 g,A2,34500.0
338772,2024-06-16,pollo muslo fresco con piel acondesa kg,A2,11500.0
338955,2024-06-16,refresco frutino mango 2 lt,A2,800.0
339076,2024-06-16,res espaldillacascaracarne para desmechar tradicional,A2,30580.0
339079,2024-06-16,res goulashtrocito a2 bandeja x kg,A2,37750.0
339084,2024-06-16,res lomo barcino redondotapa lomo tradicional,A2,28380.0
339326,2024-06-16,sopa cup noodles carne 68g,A2,7200.0
339469,2024-06-16,te negro fuze tea durazno 400ml,A2,1650.0
339499,2024-06-16,teclado inalambrico star tec stkb689,A2,66900.0
339692,2024-06-16,tonica schweppes 300ml x 4 unds,A2,6175.0
339776,2024-06-16,vino blanco catena alta chardonnay 750 ml,A2,215300.0
339836,2024-06-16,vino blanco santa rita 120 chardonnay 750 ml,A2,46410.0
339951,2024-06-16,vino santiago 1541 brut espuma 750 ml,A2,49700.0
340022,2024-06-16,vino tinto dada 3 cabernet sauvignon syrah 750 ml,A2,72700.0
340025,2024-06-16,vino tinto dalamel merlot 750 ml,A2,78200.0
340079,2024-06-16,vino tinto libertador moscatel 750 ml,A2,16000.0
340115,2024-06-16,vino tinto polero cabernet sauvignon 750 ml,A2,42150.0
340148,2024-06-16,vino tinto santa rita 3 medallas merlot 750 ml,A2,33215.0
340217,2024-06-16,waflera black decker 800 w 4 puestos negro wm1000b,A2,199900.0
340302,2024-06-16,yogurt alpina finesse melocoton 1000 g,A2,15500.0
340329,2024-06-16,yogurt alpinito petit suisse melocoton 45 g x4 unds,A2,5800.0
340359,2024-06-16,yogurt griego snack fit me x150 ml,A2,8900.0
340412,2024-06-17,4 dispensadores de agua electrico para botellon recargable,A2,384900.0
340419,2024-06-17,achiras mauka sabor original ecopack 100 g,A2,13500.0
340680,2024-06-17,aromatica jaibel herbales frutos surtido 90 g,A2,27990.0
340949,2024-06-17,bebida natures heart almendras sin azucar 946 ml,A2,13311.0
340975,2024-06-17,bebida tosh cacao y almendra sin azucar 1 l,A2,17277.0
341109,2024-06-17,cafe colcafe vainil centto 115g x10 cap,A2,18890.0
341168,2024-06-17,caramelo bianchi mini mani chocolate blanco 65 g,A2,2700.0
341206,2024-06-17,cepillos dentales oralb indicator color collection 4 unds,A2,27300.0
341275,2024-06-17,cereal kellogg s allbran 400g,A2,21300.0
341596,2024-06-17,cuchilla para licuadora black decker fusion acero bl165005la,A2,56900.0
341903,2024-06-17,galleta tosh tipo sandwich vainilla 144 g,A2,9500.0
341967,2024-06-17,galletas matinas vainilla 225g,A2,4900.0
342064,2024-06-17,gaseosa schweppes ginger ale 269ml,A2,2500.0
342117,2024-06-17,ginebra hendricks escape 750ml,A2,236900.0
342311,2024-06-17,jamon pietran de cerdo sin conservantes 431 g,A2,21400.0
342348,2024-06-17,jugo del valle frutal mango 500ml,A2,2600.0
342360,2024-06-17,jugo en caja nectar manzana 1000 ml,A2,6900.0
342424,2024-06-17,lampara de techo ikelite 1 luz rojo e27 60 w,A2,46900.0
342446,2024-06-17,leche colanta deslactosada 11 lt,A2,5400.0
342716,2024-06-17,marisco camaron antillana artesanal 500 g,A2,35275.0
342840,2024-06-17,mouse logitech g703 hero wireless 910005638,A2,396900.0
342980,2024-06-17,pasaboca kibo chips de lentejas sal marina 28 g x4 unds,A2,9065.0
343084,2024-06-17,pez filete de salmon pesco 300 g,A2,34500.0
343186,2024-06-17,pollo muslo fresco con piel acondesa kg,A2,11500.0
343376,2024-06-17,refresco frutino mango 2 lt,A2,800.0
343491,2024-06-17,res espaldillacascaracarne para desmechar tradicional,A2,30580.0
343494,2024-06-17,res goulashtrocito a2 bandeja x kg,A2,37750.0
343499,2024-06-17,res lomo barcino redondotapa lomo tradicional,A2,28380.0
343747,2024-06-17,sopa cup noodles carne 68g,A2,7200.0
343886,2024-06-17,te negro fuze tea durazno 400ml,A2,2750.0
343916,2024-06-17,teclado inalambrico star tec stkb689,A2,42900.0
344093,2024-06-17,tonica schweppes 300ml x 4 unds,A2,9500.0
344188,2024-06-17,vino blanco catena alta chardonnay 750 ml,A2,215300.0
344248,2024-06-17,vino blanco santa rita 120 chardonnay 750 ml,A2,46410.0
344363,2024-06-17,vino santiago 1541 brut espuma 750 ml,A2,49700.0
344434,2024-06-17,vino tinto dada 3 cabernet sauvignon syrah 750 ml,A2,72700.0
344437,2024-06-17,vino tinto dalamel merlot 750 ml,A2,78200.0
344491,2024-06-17,vino tinto libertador moscatel 750 ml,A2,16000.0
344527,2024-06-17,vino tinto polero cabernet sauvignon 750 ml,A2,42150.0
344560,2024-06-17,vino tinto santa rita 3 medallas merlot 750 ml,A2,33215.0
344629,2024-06-17,waflera black decker 800 w 4 puestos negro wm1000b,A2,199900.0
344712,2024-06-17,yogurt alpina finesse melocoton 1000 g,A2,15500.0
344740,2024-06-17,yogurt alpinito petit suisse melocoton 45 g x4 unds,A2,5800.0
344770,2024-06-17,yogurt griego snack fit me x150 ml,A2,7120.0
344823,2024-06-19,4 dispensadores de agua electrico para botellon recargable,A2,384900.0
344830,2024-06-19,achiras mauka sabor original ecopack 100 g,A2,13500.0
345095,2024-06-19,aromatica jaibel herbales frutos surtido 90 g,A2,27990.0
345378,2024-06-19,bebida natures heart almendras sin azucar 946 ml,A2,13311.0
345403,2024-06-19,bebida tosh cacao y almendra sin azucar 1 l,A2,17277.0
345622,2024-06-19,cafe colcafe vainil centto 115g x10 cap,A2,18890.0
345787,2024-06-19,caramelo bianchi mini mani chocolate blanco 65 g,A2,2700.0
345883,2024-06-19,cereal kellogg s allbran 400g,A2,21900.0
346578,2024-06-19,galleta tosh tipo sandwich vainilla 144 g,A2,9500.0
346641,2024-06-19,galletas matinas vainilla 225g,A2,5150.0
346738,2024-06-19,gaseosa schweppes ginger ale 269ml,A2,2500.0
346796,2024-06-19,ginebra hendricks escape 750ml,A2,236900.0
346959,2024-06-19,jamon pietran de cerdo sin conservantes 431 g,A2,21400.0
347019,2024-06-19,jugo del valle frutal mango 500ml,A2,2600.0
347030,2024-06-19,jugo en caja nectar manzana 1000 ml,A2,6900.0
347070,2024-06-19,kimono mujer amarillo atypical 93586,A2,44100.0
347096,2024-06-19,lampara de techo ikelite 1 luz rojo e27 60 w,A2,46900.0
347117,2024-06-19,leche colanta deslactosada 11 lt,A2,5400.0
347410,2024-06-19,marisco camaron antillana artesanal 500 g,A2,35275.0
347533,2024-06-19,mouse logitech g703 hero wireless 910005638,A2,396900.0
347715,2024-06-19,pasaboca kibo chips de lentejas sal marina 28 g x4 unds,A2,12950.0
347814,2024-06-19,pez filete de salmon pesco 300 g,A2,34500.0
347919,2024-06-19,pollo muslo fresco con piel acondesa kg,A2,11500.0
348096,2024-06-19,refresco frutino mango 2 lt,A2,800.0
348186,2024-06-19,res espaldillacascaracarne para desmechar tradicional,A2,30580.0
348189,2024-06-19,res goulashtrocito a2 bandeja x kg,A2,37750.0
348193,2024-06-19,res lomo barcino redondotapa lomo tradicional,A2,28380.0
348457,2024-06-19,sopa cup noodles carne 68g,A2,7200.0
348586,2024-06-19,te negro fuze tea durazno 400ml,A2,2750.0
348616,2024-06-19,teclado inalambrico star tec stkb689,A2,42900.0
348704,2024-06-19,tonica schweppes 300ml x 4 unds,A2,9500.0
348849,2024-06-19,vino blanco catena alta chardonnay 750 ml,A2,215300.0
348910,2024-06-19,vino blanco santa rita 120 chardonnay 750 ml,A2,46410.0
349028,2024-06-19,vino santiago 1541 brut espuma 750 ml,A2,49700.0
349100,2024-06-19,vino tinto dada 3 cabernet sauvignon syrah 750 ml,A2,72700.0
349103,2024-06-19,vino tinto dalamel merlot 750 ml,A2,78200.0
349160,2024-06-19,vino tinto libertador moscatel 750 ml,A2,16000.0
349196,2024-06-19,vino tinto polero cabernet sauvignon 750 ml,A2,42150.0
349228,2024-06-19,vino tinto santa rita 3 medallas merlot 750 ml,A2,33215.0
349297,2024-06-19,waflera black decker 800 w 4 puestos negro wm1000b,A2,199900.0
349382,2024-06-19,yogurt alpina finesse melocoton 1000 g,A2,16550.0
349410,2024-06-19,yogurt alpinito petit suisse melocoton 45 g x4 unds,A2,7100.0
349441,2024-06-19,yogurt griego snack fit me x150 ml,A2,8900.0
349491,2024-06-20,4 dispensadores de agua electrico para botellon recargable,A2,384900.0
349498,2024-06-20,achiras mauka sabor original ecopack 100 g,A2,13500.0
349750,2024-06-20,aromatica jaibel herbales frutos surtido 90 g,A2,27990.0
350041,2024-06-20,bebida natures heart almendras sin azucar 946 ml,A2,15300.0
350065,2024-06-20,bebida tosh cacao y almendra sin azucar 1 l,A2,17277.0
350302,2024-06-20,cafe colcafe vainil centto 115g x10 cap,A2,18890.0
350504,2024-06-20,caramelo bianchi mini mani chocolate blanco 65 g,A2,2700.0
350546,2024-06-20,cepillos dentales oralb indicator color collection 4 unds,A2,20475.0
350614,2024-06-20,cereal kellogg s allbran 400g,A2,21900.0
351004,2024-06-20,cuchilla para licuadora black decker fusion acero bl165005la,A2,56900.0
351335,2024-06-20,galleta tosh tipo sandwich vainilla 144 g,A2,9500.0
351396,2024-06-20,galletas matinas vainilla 225g,A2,5150.0
351492,2024-06-20,gaseosa schweppes ginger ale 269ml,A2,2500.0
351547,2024-06-20,ginebra hendricks escape 750ml,A2,236900.0
351703,2024-06-20,jamon pietran de cerdo sin conservantes 431 g,A2,20330.0
351762,2024-06-20,jugo del valle frutal mango 500ml,A2,2600.0
351772,2024-06-20,jugo en caja nectar manzana 1000 ml,A2,6900.0
351810,2024-06-20,kimono mujer amarillo atypical 93586,A2,44100.0
351839,2024-06-20,lampara de techo ikelite 1 luz rojo e27 60 w,A2,46900.0
351861,2024-06-20,leche colanta deslactosada 11 lt,A2,5400.0
352154,2024-06-20,marisco camaron antillana artesanal 500 g,A2,35275.0
352274,2024-06-20,mouse logitech g703 hero wireless 910005638,A2,396900.0
352453,2024-06-20,pasaboca kibo chips de lentejas sal marina 28 g x4 unds,A2,12950.0
352556,2024-06-20,pez filete de salmon pesco 300 g,A2,34500.0
352664,2024-06-20,pollo muslo fresco con piel acondesa kg,A2,11500.0
352847,2024-06-20,refresco frutino mango 2 lt,A2,800.0
352939,2024-06-20,res espaldillacascaracarne para desmechar tradicional,A2,30580.0
352942,2024-06-20,res goulashtrocito a2 bandeja x kg,A2,37750.0
352947,2024-06-20,res lomo barcino redondotapa lomo tradicional,A2,28380.0
353333,2024-06-20,te negro fuze tea durazno 400ml,A2,2750.0
353352,2024-06-20,teclado inalambrico star tec stkb689,A2,42900.0
353432,2024-06-20,tonica schweppes 300ml x 4 unds,A2,9500.0
353570,2024-06-20,vino blanco catena alta chardonnay 750 ml,A2,215300.0
353632,2024-06-20,vino blanco santa rita 120 chardonnay 750 ml,A2,46410.0
353754,2024-06-20,vino santiago 1541 brut espuma 750 ml,A2,49700.0
353822,2024-06-20,vino tinto dada 3 cabernet sauvignon syrah 750 ml,A2,72700.0
353825,2024-06-20,vino tinto dalamel merlot 750 ml,A2,78200.0
353884,2024-06-20,vino tinto libertador moscatel 750 ml,A2,16000.0
353918,2024-06-20,vino tinto polero cabernet sauvignon 750 ml,A2,42150.0
353947,2024-06-20,vino tinto santa rita 3 medallas merlot 750 ml,A2,33215.0
354016,2024-06-20,waflera black decker 800 w 4 puestos negro wm1000b,A2,199900.0
354103,2024-06-20,yogurt alpina finesse melocoton 1000 g,A2,16550.0
354132,2024-06-20,yogurt alpinito petit suisse melocoton 45 g x4 unds,A2,7100.0
354162,2024-06-20,yogurt griego snack fit me x150 ml,A2,8900.0
354212,2024-06-21,4 dispensadores de agua electrico para botellon recargable,A2,384900.0
354218,2024-06-21,achiras mauka sabor original ecopack 100 g,A2,13500.0
354478,2024-06-21,aromatica jaibel herbales frutos surtido 90 g,A2,27990.0
354751,2024-06-21,bebida natures heart almendras sin azucar 946 ml,A2,15300.0
354775,2024-06-21,bebida tosh cacao y almendra sin azucar 1 l,A2,17277.0
354929,2024-06-21,cafe colcafe vainil centto 115g x10 cap,A2,18890.0
355035,2024-06-21,caramelo bianchi mini mani chocolate blanco 65 g,A2,2700.0
355074,2024-06-21,cepillos dentales oralb indicator color collection 4 unds,A2,27300.0
355143,2024-06-21,cereal kellogg s allbran 400g,A2,21900.0
355498,2024-06-21,cuchilla para licuadora black decker fusion acero bl165005la,A2,56900.0
355798,2024-06-21,galleta tosh tipo sandwich vainilla 144 g,A2,9500.0
355860,2024-06-21,galletas matinas vainilla 225g,A2,5150.0
355957,2024-06-21,gaseosa schweppes ginger ale 269ml,A2,2500.0
356015,2024-06-21,ginebra hendricks escape 750ml,A2,236900.0
356197,2024-06-21,jamon pietran de cerdo sin conservantes 431 g,A2,20330.0
356238,2024-06-21,jugo del valle frutal mango 500ml,A2,2600.0
356250,2024-06-21,jugo en caja nectar manzana 1000 ml,A2,6900.0
356314,2024-06-21,lampara de techo ikelite 1 luz rojo e27 60 w,A2,46900.0
356337,2024-06-21,leche colanta deslactosada 11 lt,A2,5400.0
356613,2024-06-21,marisco camaron antillana artesanal 500 g,A2,33200.0
356723,2024-06-21,mouse logitech g703 hero wireless 910005638,A2,396900.0
356875,2024-06-21,pasaboca kibo chips de lentejas sal marina 28 g x4 unds,A2,12950.0
356977,2024-06-21,pez filete de salmon pesco 300 g,A2,27600.0
357083,2024-06-21,pollo muslo fresco con piel acondesa kg,A2,11500.0
357264,2024-06-21,refresco frutino mango 2 lt,A2,800.0
357381,2024-06-21,res espaldillacascaracarne para desmechar tradicional,A2,30580.0
357384,2024-06-21,res goulashtrocito a2 bandeja x kg,A2,37750.0
357389,2024-06-21,res lomo barcino redondotapa lomo tradicional,A2,28380.0
357768,2024-06-21,te negro fuze tea durazno 400ml,A2,1650.0
357786,2024-06-21,teclado inalambrico star tec stkb689,A2,42900.0
357928,2024-06-21,tonica schweppes 300ml x 4 unds,A2,9500.0
358021,2024-06-21,vino blanco catena alta chardonnay 750 ml,A2,150710.0
358084,2024-06-21,vino blanco santa rita 120 chardonnay 750 ml,A2,46410.0
358205,2024-06-21,vino santiago 1541 brut espuma 750 ml,A2,49700.0
358272,2024-06-21,vino tinto dada 3 cabernet sauvignon syrah 750 ml,A2,50890.0
358275,2024-06-21,vino tinto dalamel merlot 750 ml,A2,54740.0
358334,2024-06-21,vino tinto libertador moscatel 750 ml,A2,11200.0
358368,2024-06-21,vino tinto polero cabernet sauvignon 750 ml,A2,29505.0
358398,2024-06-21,vino tinto santa rita 3 medallas merlot 750 ml,A2,33215.0
358467,2024-06-21,waflera black decker 800 w 4 puestos negro wm1000b,A2,199900.0
358553,2024-06-21,yogurt alpina finesse melocoton 1000 g,A2,16550.0
358582,2024-06-21,yogurt alpinito petit suisse melocoton 45 g x4 unds,A2,7100.0
358612,2024-06-21,yogurt griego snack fit me x150 ml,A2,8900.0
358663,2024-06-22,4 dispensadores de agua electrico para botellon recargable,A2,384900.0
358669,2024-06-22,achiras mauka sabor original ecopack 100 g,A2,13500.0
358934,2024-06-22,aromatica jaibel herbales frutos surtido 90 g,A2,27990.0
359219,2024-06-22,bebida natures heart almendras sin azucar 946 ml,A2,15300.0
359242,2024-06-22,bebida tosh cacao y almendra sin azucar 1 l,A2,17277.0
359490,2024-06-22,cafe colcafe vainil centto 115g x10 cap,A2,18890.0
359695,2024-06-22,caramelo bianchi mini mani chocolate blanco 65 g,A2,2700.0
359737,2024-06-22,cepillos dentales oralb indicator color collection 4 unds,A2,20475.0
359806,2024-06-22,cereal kellogg s allbran 400g,A2,21900.0
360189,2024-06-22,cuchilla para licuadora black decker fusion acero bl165005la,A2,56900.0
360527,2024-06-22,galleta tosh tipo sandwich vainilla 144 g,A2,9500.0
360588,2024-06-22,galletas matinas vainilla 225g,A2,5150.0
360685,2024-06-22,gaseosa schweppes ginger ale 269ml,A2,1750.0
360745,2024-06-22,ginebra hendricks escape 750ml,A2,236900.0
360914,2024-06-22,jamon pietran de cerdo sin conservantes 431 g,A2,20330.0
360973,2024-06-22,jugo del valle frutal mango 500ml,A2,3100.0
360985,2024-06-22,jugo en caja nectar manzana 1000 ml,A2,6900.0
361024,2024-06-22,kimono mujer amarillo atypical 93586,A2,44100.0
361052,2024-06-22,lampara de techo ikelite 1 luz rojo e27 60 w,A2,46900.0
361075,2024-06-22,leche colanta deslactosada 11 lt,A2,5400.0
361364,2024-06-22,marisco camaron antillana artesanal 500 g,A2,41500.0
361483,2024-06-22,mouse logitech g703 hero wireless 910005638,A2,396900.0
361665,2024-06-22,pasaboca kibo chips de lentejas sal marina 28 g x4 unds,A2,12950.0
361766,2024-06-22,pez filete de salmon pesco 300 g,A2,34500.0
361877,2024-06-22,pollo muslo fresco con piel acondesa kg,A2,11500.0
362055,2024-06-22,refresco frutino mango 2 lt,A2,800.0
362148,2024-06-22,res espaldillacascaracarne para desmechar tradicional,A2,30580.0
362151,2024-06-22,res goulashtrocito a2 bandeja x kg,A2,37750.0
362156,2024-06-22,res lomo barcino redondotapa lomo tradicional,A2,28380.0
362557,2024-06-22,te negro fuze tea durazno 400ml,A2,1650.0
362576,2024-06-22,teclado inalambrico star tec stkb689,A2,42900.0
362659,2024-06-22,tonica schweppes 300ml x 4 unds,A2,6650.0
362805,2024-06-22,vino blanco catena alta chardonnay 750 ml,A2,215300.0
362865,2024-06-22,vino blanco santa rita 120 chardonnay 750 ml,A2,71400.0
362986,2024-06-22,vino santiago 1541 brut espuma 750 ml,A2,49700.0
363051,2024-06-22,vino tinto dada 3 cabernet sauvignon syrah 750 ml,A2,72700.0
363054,2024-06-22,vino tinto dalamel merlot 750 ml,A2,78200.0
363112,2024-06-22,vino tinto libertador moscatel 750 ml,A2,16000.0
363175,2024-06-22,vino tinto santa rita 3 medallas merlot 750 ml,A2,51100.0
363242,2024-06-22,waflera black decker 800 w 4 puestos negro wm1000b,A2,199900.0
363329,2024-06-22,yogurt alpina finesse melocoton 1000 g,A2,16550.0
363359,2024-06-22,yogurt alpinito petit suisse melocoton 45 g x4 unds,A2,7100.0
363390,2024-06-22,yogurt griego snack fit me x150 ml,A2,8900.0
363443,2024-06-23,4 dispensadores de agua electrico para botellon recargable,A2,384900.0
363448,2024-06-23,achiras mauka sabor original ecopack 100 g,A2,13500.0
363699,2024-06-23,aromatica jaibel herbales frutos surtido 90 g,A2,27990.0
363975,2024-06-23,bebida natures heart almendras sin azucar 946 ml,A2,15300.0
363999,2024-06-23,bebida tosh cacao y almendra sin azucar 1 l,A2,17277.0
364238,2024-06-23,cafe colcafe vainil centto 115g x10 cap,A2,18890.0
364440,2024-06-23,caramelo bianchi mini mani chocolate blanco 65 g,A2,2700.0
364475,2024-06-23,cepillos dentales oralb indicator color collection 4 unds,A2,27300.0
364531,2024-06-23,cereal kellogg s allbran 400g,A2,21900.0
364845,2024-06-23,cplmto dentalife purina perro med 119g,A2,23550.0
364890,2024-06-23,cuchilla para licuadora black decker fusion acero bl165005la,A2,56900.0
365200,2024-06-23,galleta tosh tipo sandwich vainilla 144 g,A2,9500.0
365262,2024-06-23,galletas matinas vainilla 225g,A2,5150.0
365355,2024-06-23,gaseosa schweppes ginger ale 269ml,A2,1750.0
365410,2024-06-23,ginebra hendricks escape 750ml,A2,236900.0
365562,2024-06-23,jamon pietran de cerdo sin conservantes 431 g,A2,20330.0
365614,2024-06-23,jugo del valle frutal mango 500ml,A2,3100.0
365626,2024-06-23,jugo en caja nectar manzana 1000 ml,A2,6900.0
365664,2024-06-23,kimono mujer amarillo atypical 93586,A2,44100.0
365691,2024-06-23,lampara de techo ikelite 1 luz rojo e27 60 w,A2,46900.0
365715,2024-06-23,leche colanta deslactosada 11 lt,A2,5400.0
366076,2024-06-23,mouse logitech g703 hero wireless 910005638,A2,396900.0
366249,2024-06-23,pasaboca kibo chips de lentejas sal marina 28 g x4 unds,A2,12950.0
366359,2024-06-23,pollo muslo fresco con piel acondesa kg,A2,11500.0
366533,2024-06-23,refresco frutino mango 2 lt,A2,800.0
366609,2024-06-23,res espaldillacascaracarne para desmechar tradicional,A2,30580.0
366961,2024-06-23,te negro fuze tea durazno 400ml,A2,1650.0
366980,2024-06-23,teclado inalambrico star tec stkb689,A2,42900.0
367201,2024-06-23,vino blanco catena alta chardonnay 750 ml,A2,215300.0
367264,2024-06-23,vino blanco santa rita 120 chardonnay 750 ml,A2,71400.0
367387,2024-06-23,vino santiago 1541 brut espuma 750 ml,A2,49700.0
367454,2024-06-23,vino tinto dada 3 cabernet sauvignon syrah 750 ml,A2,72700.0
367457,2024-06-23,vino tinto dalamel merlot 750 ml,A2,78200.0
367517,2024-06-23,vino tinto libertador moscatel 750 ml,A2,16000.0
367580,2024-06-23,vino tinto santa rita 3 medallas merlot 750 ml,A2,51100.0
367644,2024-06-23,waflera black decker 800 w 4 puestos negro wm1000b,A2,199900.0
367729,2024-06-23,yogurt alpina finesse melocoton 1000 g,A2,16550.0
367759,2024-06-23,yogurt alpinito petit suisse melocoton 45 g x4 unds,A2,7100.0
367790,2024-06-23,yogurt griego snack fit me x150 ml,A2,8900.0
367844,2024-06-24,4 dispensadores de agua electrico para botellon recargable,A2,384900.0
367850,2024-06-24,achiras mauka sabor original ecopack 100 g,A2,13500.0
368114,2024-06-24,aromatica jaibel herbales frutos surtido 90 g,A2,27990.0
368381,2024-06-24,bebida natures heart almendras sin azucar 946 ml,A2,15300.0
368405,2024-06-24,bebida tosh cacao y almendra sin azucar 1 l,A2,17277.0
368552,2024-06-24,cafe colcafe vainil centto 115g x10 cap,A2,18890.0
368639,2024-06-24,caramelo bianchi mini mani chocolate blanco 65 g,A2,2700.0
368676,2024-06-24,cepillos dentales oralb indicator color collection 4 unds,A2,27300.0
368741,2024-06-24,cereal kellogg s allbran 400g,A2,21900.0
369052,2024-06-24,cplmto dentalife purina perro med 119g,A2,23550.0
369091,2024-06-24,cuchilla para licuadora black decker fusion acero bl165005la,A2,56900.0
369393,2024-06-24,galleta tosh tipo sandwich vainilla 144 g,A2,9500.0
369456,2024-06-24,galletas matinas vainilla 225g,A2,5150.0
369553,2024-06-24,gaseosa schweppes ginger ale 269ml,A2,2500.0
369609,2024-06-24,ginebra hendricks escape 750ml,A2,236900.0
369792,2024-06-24,jamon pietran de cerdo sin conservantes 431 g,A2,20330.0
369833,2024-06-24,jugo del valle frutal mango 500ml,A2,3100.0
369845,2024-06-24,jugo en caja nectar manzana 1000 ml,A2,6900.0
369906,2024-06-24,lampara de techo ikelite 1 luz rojo e27 60 w,A2,46900.0
369929,2024-06-24,leche colanta deslactosada 11 lt,A2,5400.0
370208,2024-06-24,marisco camaron antillana artesanal 500 g,A2,41500.0
370323,2024-06-24,mouse logitech g703 hero wireless 910005638,A2,396900.0
370468,2024-06-24,pasaboca kibo chips de lentejas sal marina 28 g x4 unds,A2,9065.0
370564,2024-06-24,pez filete de salmon pesco 300 g,A2,34500.0
370656,2024-06-24,pollo muslo fresco con piel acondesa kg,A2,11500.0
370834,2024-06-24,refresco frutino mango 2 lt,A2,800.0
370949,2024-06-24,res espaldillacascaracarne para desmechar tradicional,A2,30580.0
370952,2024-06-24,res goulashtrocito a2 bandeja x kg,A2,37750.0
370957,2024-06-24,res lomo barcino redondotapa lomo tradicional,A2,28380.0
371094,2024-06-24,salsa fruco de soya 154 ml,A2,6900.0
371205,2024-06-24,sopa cup noodles carne 68g,A2,7200.0
371343,2024-06-24,te negro fuze tea durazno 400ml,A2,1650.0
371360,2024-06-24,teclado inalambrico star tec stkb689,A2,42900.0
371591,2024-06-24,vino blanco catena alta chardonnay 750 ml,A2,215300.0
371654,2024-06-24,vino blanco santa rita 120 chardonnay 750 ml,A2,71400.0
371777,2024-06-24,vino santiago 1541 brut espuma 750 ml,A2,49700.0
371844,2024-06-24,vino tinto dada 3 cabernet sauvignon syrah 750 ml,A2,72700.0
371847,2024-06-24,vino tinto dalamel merlot 750 ml,A2,78200.0
371906,2024-06-24,vino tinto libertador moscatel 750 ml,A2,16000.0
371969,2024-06-24,vino tinto santa rita 3 medallas merlot 750 ml,A2,51100.0
372033,2024-06-24,waflera black decker 800 w 4 puestos negro wm1000b,A2,199900.0
372112,2024-06-24,yogurt alpina finesse melocoton 1000 g,A2,16550.0
372142,2024-06-24,yogurt alpinito petit suisse melocoton 45 g x4 unds,A2,7100.0
372172,2024-06-24,yogurt griego snack fit me x150 ml,A2,7120.0
372222,2024-06-25,4 dispensadores de agua electrico para botellon recargable,A2,384900.0
372224,2024-06-25,achiras mauka sabor original ecopack 100 g,A2,13500.0
372603,2024-06-25,bebida natures heart almendras sin azucar 946 ml,A2,15300.0
372972,2024-06-25,caramelo bianchi mini mani chocolate blanco 65 g,A2,2700.0
373058,2024-06-25,cereal kellogg s allbran 400g,A2,21900.0
373332,2024-06-25,cplmto dentalife purina perro med 119g,A2,20017.0
373366,2024-06-25,cuchilla para licuadora black decker fusion acero bl165005la,A2,56900.0
373640,2024-06-25,gaseosa schweppes ginger ale 269ml,A2,1750.0
373684,2024-06-25,ginebra hendricks escape 750ml,A2,236900.0
373786,2024-06-25,jamon pietran de cerdo sin conservantes 431 g,A2,20330.0
373839,2024-06-25,jugo del valle frutal mango 500ml,A2,2170.0
373851,2024-06-25,jugo en caja nectar manzana 1000 ml,A2,6900.0
373888,2024-06-25,kimono mujer amarillo atypical 93586,A2,44100.0
373910,2024-06-25,lampara de techo ikelite 1 luz rojo e27 60 w,A2,46900.0
374084,2024-06-25,marisco camaron antillana artesanal 500 g,A2,41500.0
374177,2024-06-25,mouse logitech g703 hero wireless 910005638,A2,396900.0
374327,2024-06-25,pasaboca kibo chips de lentejas sal marina 28 g x4 unds,A2,9065.0
374406,2024-06-25,pez filete de salmon pesco 300 g,A2,34500.0
374617,2024-06-25,refresco frutino mango 2 lt,A2,800.0
374931,2024-06-25,te negro fuze tea durazno 400ml,A2,1925.0
374941,2024-06-25,teclado inalambrico star tec stkb689,A2,42900.0
375137,2024-06-25,vino blanco catena alta chardonnay 750 ml,A2,215300.0
375200,2024-06-25,vino blanco santa rita 120 chardonnay 750 ml,A2,71400.0
375323,2024-06-25,vino santiago 1541 brut espuma 750 ml,A2,49700.0
375389,2024-06-25,vino tinto dada 3 cabernet sauvignon syrah 750 ml,A2,72700.0
375392,2024-06-25,vino tinto dalamel merlot 750 ml,A2,78200.0
375451,2024-06-25,vino tinto libertador moscatel 750 ml,A2,16000.0
375514,2024-06-25,vino tinto santa rita 3 medallas merlot 750 ml,A2,51100.0
375575,2024-06-25,waflera black decker 800 w 4 puestos negro wm1000b,A2,199900.0
375652,2024-06-25,yogurt alpinito petit suisse melocoton 45 g x4 unds,A2,6390.0
375685,2024-06-26,4 dispensadores de agua electrico para botellon recargable,A2,384900.0
375691,2024-06-26,achiras mauka sabor original ecopack 100 g,A2,13500.0
375952,2024-06-26,aromatica jaibel herbales frutos surtido 90 g,A2,27990.0
376215,2024-06-26,bebida natures heart almendras sin azucar 946 ml,A2,15300.0
376241,2024-06-26,bebida tosh cacao y almendra sin azucar 1 l,A2,17277.0
376414,2024-06-26,cafe colcafe vainil centto 115g x10 cap,A2,18890.0
376523,2024-06-26,caramelo bianchi mini mani chocolate blanco 65 g,A2,2700.0
376563,2024-06-26,cepillos dentales oralb indicator color collection 4 unds,A2,27300.0
376627,2024-06-26,cereal kellogg s allbran 400g,A2,21900.0
376936,2024-06-26,cplmto dentalife purina perro med 119g,A2,23550.0
376978,2024-06-26,cuchilla para licuadora black decker fusion acero bl165005la,A2,56900.0
377281,2024-06-26,galleta tosh tipo sandwich vainilla 144 g,A2,9500.0
377342,2024-06-26,galletas matinas vainilla 225g,A2,5150.0
377437,2024-06-26,gaseosa schweppes ginger ale 269ml,A2,2500.0
377495,2024-06-26,ginebra hendricks escape 750ml,A2,236900.0
377663,2024-06-26,jamon pietran de cerdo sin conservantes 431 g,A2,20330.0
377715,2024-06-26,jugo en caja nectar manzana 1000 ml,A2,6900.0
377778,2024-06-26,lampara de techo ikelite 1 luz rojo e27 60 w,A2,46900.0
377801,2024-06-26,leche colanta deslactosada 11 lt,A2,5400.0
378187,2024-06-26,mouse logitech g703 hero wireless 910005638,A2,396900.0
378333,2024-06-26,pasaboca kibo chips de lentejas sal marina 28 g x4 unds,A2,12950.0
378429,2024-06-26,pez filete de salmon pesco 300 g,A2,34500.0
378519,2024-06-26,pollo muslo fresco con piel acondesa kg,A2,11500.0
378697,2024-06-26,refresco frutino mango 2 lt,A2,800.0
378807,2024-06-26,res espaldillacascaracarne para desmechar tradicional,A2,30580.0
378810,2024-06-26,res goulashtrocito a2 bandeja x kg,A2,32087.0
378815,2024-06-26,res lomo barcino redondotapa lomo tradicional,A2,28380.0
378948,2024-06-26,salsa fruco de soya 154 ml,A2,5175.0
379058,2024-06-26,sopa cup noodles carne 68g,A2,5400.0
379179,2024-06-26,te negro fuze tea durazno 400ml,A2,2750.0
379415,2024-06-26,vino blanco catena alta chardonnay 750 ml,A2,215300.0
379478,2024-06-26,vino blanco santa rita 120 chardonnay 750 ml,A2,71400.0
379601,2024-06-26,vino santiago 1541 brut espuma 750 ml,A2,49700.0
379667,2024-06-26,vino tinto dada 3 cabernet sauvignon syrah 750 ml,A2,72700.0
379670,2024-06-26,vino tinto dalamel merlot 750 ml,A2,78200.0
379730,2024-06-26,vino tinto libertador moscatel 750 ml,A2,16000.0
379793,2024-06-26,vino tinto santa rita 3 medallas merlot 750 ml,A2,51100.0
379856,2024-06-26,waflera black decker 800 w 4 puestos negro wm1000b,A2,199900.0
379943,2024-06-26,yogurt alpina finesse melocoton 1000 g,A2,16550.0
379971,2024-06-26,yogurt alpinito petit suisse melocoton 45 g x4 unds,A2,7100.0
380000,2024-06-26,yogurt griego snack fit me x150 ml,A2,8900.0
380044,2024-06-27,4 dispensadores de agua electrico para botellon recargable,A2,384900.0
380050,2024-06-27,achiras mauka sabor original ecopack 100 g,A2,13500.0
380298,2024-06-27,aromatica jaibel herbales frutos surtido 90 g,A2,27990.0
380576,2024-06-27,bebida natures heart almendras sin azucar 946 ml,A2,15300.0
380600,2024-06-27,bebida tosh cacao y almendra sin azucar 1 l,A2,17277.0
380837,2024-06-27,cafe colcafe vainil centto 115g x10 cap,A2,18890.0
381039,2024-06-27,caramelo bianchi mini mani chocolate blanco 65 g,A2,2700.0
381077,2024-06-27,cepillos dentales oralb indicator color collection 4 unds,A2,27300.0
381143,2024-06-27,cereal kellogg s allbran 400g,A2,19950.0
381491,2024-06-27,cplmto dentalife purina perro med 119g,A2,23550.0
381540,2024-06-27,cuchilla para licuadora black decker fusion acero bl165005la,A2,56900.0
381878,2024-06-27,galleta tosh tipo sandwich vainilla 144 g,A2,9500.0
381942,2024-06-27,galletas matinas vainilla 225g,A2,5150.0
382039,2024-06-27,gaseosa schweppes ginger ale 269ml,A2,2500.0
382097,2024-06-27,ginebra hendricks escape 750ml,A2,236900.0
382256,2024-06-27,jamon pietran de cerdo sin conservantes 431 g,A2,20330.0
382320,2024-06-27,jugo del valle frutal mango 500ml,A2,3100.0
382332,2024-06-27,jugo en caja nectar manzana 1000 ml,A2,6900.0
382371,2024-06-27,kimono mujer amarillo atypical 93586,A2,44100.0
382397,2024-06-27,lampara de techo ikelite 1 luz rojo e27 60 w,A2,46900.0
382420,2024-06-27,leche colanta deslactosada 11 lt,A2,5400.0
382711,2024-06-27,marisco camaron antillana artesanal 500 g,A2,41500.0
382826,2024-06-27,mouse logitech g703 hero wireless 910005638,A2,396900.0
383002,2024-06-27,pasaboca kibo chips de lentejas sal marina 28 g x4 unds,A2,12950.0
383102,2024-06-27,pez filete de salmon pesco 300 g,A2,34500.0
383207,2024-06-27,pollo muslo fresco con piel acondesa kg,A2,11500.0
383384,2024-06-27,refresco frutino mango 2 lt,A2,800.0
383480,2024-06-27,res espaldillacascaracarne para desmechar tradicional,A2,30580.0
383483,2024-06-27,res goulashtrocito a2 bandeja x kg,A2,37750.0
383488,2024-06-27,res lomo barcino redondotapa lomo tradicional,A2,28380.0
383627,2024-06-27,salsa fruco de soya 154 ml,A2,6900.0
383745,2024-06-27,sopa cup noodles carne 68g,A2,5400.0
383890,2024-06-27,te negro fuze tea durazno 400ml,A2,2750.0
383908,2024-06-27,teclado inalambrico star tec stkb689,A2,42900.0
384127,2024-06-27,vino blanco catena alta chardonnay 750 ml,A2,215300.0
384190,2024-06-27,vino blanco santa rita 120 chardonnay 750 ml,A2,71400.0
384313,2024-06-27,vino santiago 1541 brut espuma 750 ml,A2,49700.0
384378,2024-06-27,vino tinto dada 3 cabernet sauvignon syrah 750 ml,A2,72700.0
384381,2024-06-27,vino tinto dalamel merlot 750 ml,A2,78200.0
384439,2024-06-27,vino tinto libertador moscatel 750 ml,A2,16000.0
384501,2024-06-27,vino tinto santa rita 3 medallas merlot 750 ml,A2,51100.0
384565,2024-06-27,waflera black decker 800 w 4 puestos negro wm1000b,A2,199900.0
384652,2024-06-27,yogurt alpina finesse melocoton 1000 g,A2,16550.0
384682,2024-06-27,yogurt alpinito petit suisse melocoton 45 g x4 unds,A2,7100.0
384713,2024-06-27,yogurt griego snack fit me x150 ml,A2,8900.0
384765,2024-07-03,4 dispensadores de agua electrico para botellon recargable,A2,384900.0
384769,2024-07-03,achiras mauka sabor original ecopack 100 g,A2,13190.0
385037,2024-07-03,aromatica jaibel herbales frutos surtido 90 g,A2,27390.0
385330,2024-07-03,bebida natures heart almendras sin azucar 946 ml,A2,14890.0
385355,2024-07-03,bebida tosh cacao y almendra sin azucar 1 l,A2,16790.0
385593,2024-07-03,cafe colcafe vainil centto 115g x10 cap,A2,18890.0
385786,2024-07-03,caramelo bianchi mini mani chocolate blanco 65 g,A2,2700.0
385829,2024-07-03,cepillos dentales oralb indicator color collection 4 unds,A2,21272.0
385900,2024-07-03,cereal kellogg s allbran 400g,A2,19950.0
386243,2024-07-03,cplmto dentalife purina perro med 119g,A2,22690.0
386289,2024-07-03,cuchilla para licuadora black decker fusion acero bl165005la,A2,56900.0
386628,2024-07-03,galleta tosh tipo sandwich vainilla 144 g,A2,9500.0
386690,2024-07-03,galletas matinas vainilla 225g,A2,5150.0
386787,2024-07-03,gaseosa schweppes ginger ale 269ml,A2,2390.0
386845,2024-07-03,ginebra hendricks escape 750ml,A2,236900.0
387062,2024-07-03,jugo del valle frutal mango 500ml,A2,3100.0
387074,2024-07-03,jugo en caja nectar manzana 1000 ml,A2,7090.0
387113,2024-07-03,kimono mujer amarillo atypical 93586,A2,75600.0
387140,2024-07-03,lampara de techo ikelite 1 luz rojo e27 60 w,A2,46900.0
387161,2024-07-03,leche colanta deslactosada 11 lt,A2,5400.0
387456,2024-07-03,marisco camaron antillana artesanal 500 g,A2,40490.0
387568,2024-07-03,mouse logitech g703 hero wireless 910005638,A2,352900.0
387742,2024-07-03,pasaboca kibo chips de lentejas sal marina 28 g x4 unds,A2,13690.0
387834,2024-07-03,pez filete de salmon pesco 300 g,A2,33590.0
387938,2024-07-03,pollo muslo fresco con piel acondesa kg,A2,11190.0
388116,2024-07-03,refresco frutino mango 2 lt,A2,800.0
388230,2024-07-03,res espaldillacascaracarne para desmechar tradicional,A2,27090.0
388233,2024-07-03,res goulashtrocito a2 bandeja x kg,A2,31271.0
388238,2024-07-03,res lomo barcino redondotapa lomo tradicional,A2,28380.0
388378,2024-07-03,salsa fruco de soya 154 ml,A2,5790.0
388502,2024-07-03,sopa cup noodles carne 68g,A2,7200.0
388641,2024-07-03,te negro fuze tea durazno 400ml,A2,2750.0
388660,2024-07-03,teclado inalambrico star tec stkb689,A2,42900.0
388879,2024-07-03,vino blanco catena alta chardonnay 750 ml,A2,215300.0
388941,2024-07-03,vino blanco santa rita 120 chardonnay 750 ml,A2,69590.0
389065,2024-07-03,vino santiago 1541 brut espuma 750 ml,A2,71000.0
389130,2024-07-03,vino tinto dada 3 cabernet sauvignon syrah 750 ml,A2,72700.0
389133,2024-07-03,vino tinto dalamel merlot 750 ml,A2,78200.0
389193,2024-07-03,vino tinto libertador moscatel 750 ml,A2,16000.0
389254,2024-07-03,vino tinto santa rita 3 medallas merlot 750 ml,A2,51990.0
389320,2024-07-03,waflera black decker 800 w 4 puestos negro wm1000b,A2,199900.0
389406,2024-07-03,yogurt alpina finesse melocoton 1000 g,A2,16090.0
389436,2024-07-03,yogurt alpinito petit suisse melocoton 45 g x4 unds,A2,6890.0
389467,2024-07-03,yogurt griego snack fit me x150 ml,A2,8690.0
389517,2024-07-04,4 dispensadores de agua electrico para botellon recargable,A2,384900.0
389523,2024-07-04,achiras mauka sabor original ecopack 100 g,A2,13190.0
389775,2024-07-04,aromatica jaibel herbales frutos surtido 90 g,A2,27390.0
390070,2024-07-04,bebida natures heart almendras sin azucar 946 ml,A2,14890.0
390095,2024-07-04,bebida tosh cacao y almendra sin azucar 1 l,A2,16790.0
390332,2024-07-04,cafe colcafe vainil centto 115g x10 cap,A2,18890.0
390520,2024-07-04,caramelo bianchi mini mani chocolate blanco 65 g,A2,2700.0
390557,2024-07-04,cepillos dentales oralb indicator color collection 4 unds,A2,19942.0
390626,2024-07-04,cereal kellogg s allbran 400g,A2,19950.0
390965,2024-07-04,cplmto dentalife purina perro med 119g,A2,22690.0
391011,2024-07-04,cuchilla para licuadora black decker fusion acero bl165005la,A2,56900.0
391347,2024-07-04,galleta tosh tipo sandwich vainilla 144 g,A2,9500.0
391409,2024-07-04,galletas matinas vainilla 225g,A2,5150.0
391505,2024-07-04,gaseosa schweppes ginger ale 269ml,A2,2390.0
391562,2024-07-04,ginebra hendricks escape 750ml,A2,236900.0
391721,2024-07-04,jamon pietran de cerdo sin conservantes 431 g,A2,20330.0
391777,2024-07-04,jugo del valle frutal mango 500ml,A2,3100.0
391789,2024-07-04,jugo en caja nectar manzana 1000 ml,A2,7090.0
391828,2024-07-04,kimono mujer amarillo atypical 93586,A2,75600.0
391854,2024-07-04,lampara de techo ikelite 1 luz rojo e27 60 w,A2,46900.0
391906,2024-07-04,leche colanta deslactosada 11 lt,A2,5400.0
392167,2024-07-04,marisco camaron antillana artesanal 500 g,A2,40490.0
392283,2024-07-04,mouse logitech g703 hero wireless 910005638,A2,352900.0
392457,2024-07-04,pasaboca kibo chips de lentejas sal marina 28 g x4 unds,A2,13690.0
392551,2024-07-04,pez filete de salmon pesco 300 g,A2,33590.0
392654,2024-07-04,pollo muslo fresco con piel acondesa kg,A2,11190.0
392831,2024-07-04,refresco frutino mango 2 lt,A2,800.0
392949,2024-07-04,res espaldillacascaracarne para desmechar tradicional,A2,27090.0
392952,2024-07-04,res goulashtrocito a2 bandeja x kg,A2,36790.0
392957,2024-07-04,res lomo barcino redondotapa lomo tradicional,A2,28380.0
393094,2024-07-04,salsa fruco de soya 154 ml,A2,5790.0
393215,2024-07-04,sopa cup noodles carne 68g,A2,7200.0
393353,2024-07-04,te negro fuze tea durazno 400ml,A2,2750.0
393372,2024-07-04,teclado inalambrico star tec stkb689,A2,42900.0
393582,2024-07-04,vino blanco catena alta chardonnay 750 ml,A2,215300.0
393644,2024-07-04,vino blanco santa rita 120 chardonnay 750 ml,A2,69590.0
393768,2024-07-04,vino santiago 1541 brut espuma 750 ml,A2,71000.0
393833,2024-07-04,vino tinto dada 3 cabernet sauvignon syrah 750 ml,A2,72700.0
393836,2024-07-04,vino tinto dalamel merlot 750 ml,A2,78200.0
393896,2024-07-04,vino tinto libertador moscatel 750 ml,A2,16000.0
393957,2024-07-04,vino tinto santa rita 3 medallas merlot 750 ml,A2,51990.0
394023,2024-07-04,waflera black decker 800 w 4 puestos negro wm1000b,A2,199900.0
394101,2024-07-04,yogurt alpina finesse melocoton 1000 g,A2,16090.0
394139,2024-07-04,yogurt alpinito petit suisse melocoton 45 g x4 unds,A2,6890.0
0,2023-09-06,cerveza bahia 330 ml,C,1690.0
3,2023-09-06,cerveza club colombia 269 ml,C,1990.0
6,2023-09-07,cerveza bahia 330 ml,C,1690.0
9,2023-09-07,cerveza club colombia 269 ml,C,1990.0
12,2023-09-08,cerveza bahia 330 ml,C,1690.0
15,2023-09-08,cerveza club colombia 269 ml,C,1990.0
18,2023-09-09,cerveza bahia 330 ml,C,1690.0
21,2023-09-09,cerveza club colombia 269 ml,C,1990.0
24,2023-09-10,cerveza bahia 330 ml,C,1690.0
27,2023-09-10,cerveza club colombia 269 ml,C,1990.0
30,2023-09-11,cerveza bahia 330 ml,C,1690.0
33,2023-09-11,cerveza club colombia 269 ml,C,1990.0
36,2023-09-12,cerveza bahia 330 ml,C,1690.0
39,2023-09-12,cerveza club colombia 269 ml,C,1990.0
42,2023-09-13,cerveza bahia 330 ml,C,1690.0
45,2023-09-13,cerveza club colombia 269 ml,C,1990.0
48,2023-09-14,cerveza bahia 330 ml,C,1690.0
51,2023-09-14,cerveza club colombia 269 ml,C,1990.0
54,2023-09-15,cerveza bahia 330 ml,C,1690.0
57,2023-09-15,cerveza club colombia 269 ml,C,1990.0
60,2023-09-16,cerveza bahia 330 ml,C,1690.0
63,2023-09-16,cerveza club colombia 269 ml,C,1990.0
66,2023-09-17,cerveza bahia 330 ml,C,1690.0
69,2023-09-17,cerveza club colombia 269 ml,C,1990.0
72,2023-09-18,cerveza bahia 330 ml,C,1690.0
75,2023-09-18,cerveza club colombia 269 ml,C,1990.0
78,2023-09-19,cerveza bahia 330 ml,C,1690.0
81,2023-09-19,cerveza club colombia 269 ml,C,1990.0
84,2023-09-20,cerveza bahia 330 ml,C,1690.0
87,2023-09-20,cerveza club colombia 269 ml,C,1990.0
90,2023-09-21,cerveza bahia 330 ml,C,1690.0
93,2023-09-21,cerveza club colombia 269 ml,C,1990.0
96,2023-09-22,cerveza bahia 330 ml,C,1690.0
99,2023-09-22,cerveza club colombia 269 ml,C,1990.0
102,2023-09-23,cerveza bahia 330 ml,C,1690.0
105,2023-09-23,cerveza club colombia 269 ml,C,1990.0
108,2023-09-24,cerveza bahia 330 ml,C,1690.0
111,2023-09-24,cerveza club colombia 269 ml,C,1990.0
114,2023-09-25,cerveza bahia 330 ml,C,1690.0
117,2023-09-25,cerveza club colombia 269 ml,C,1990.0
120,2023-09-26,cerveza bahia 330 ml,C,1690.0
123,2023-09-26,cerveza club colombia 269 ml,C,1990.0
126,2023-09-27,cerveza bahia 330 ml,C,1690.0
129,2023-09-27,cerveza club colombia 269 ml,C,1990.0
132,2023-09-28,cerveza bahia 330 ml,C,1690.0
135,2023-09-28,cerveza club colombia 269 ml,C,1990.0
138,2023-09-29,cerveza bahia 330 ml,C,1690.0
141,2023-09-29,cerveza club colombia 269 ml,C,1990.0
144,2023-09-30,cerveza bahia 330 ml,C,1690.0
147,2023-09-30,cerveza club colombia 269 ml,C,1990.0
150,2023-10-01,cerveza bahia 330 ml,C,1690.0
153,2023-10-01,cerveza club colombia 269 ml,C,1990.0
156,2023-10-02,cerveza bahia 330 ml,C,1690.0
159,2023-10-02,cerveza club colombia 269 ml,C,1990.0
162,2023-10-03,cerveza bahia 330 ml,C,1690.0
165,2023-10-03,cerveza club colombia 269 ml,C,1990.0
168,2023-10-04,cerveza bahia 330 ml,C,1690.0
171,2023-10-04,cerveza club colombia 269 ml,C,1990.0
174,2023-10-05,cerveza bahia 330 ml,C,1690.0
177,2023-10-05,cerveza club colombia 269 ml,C,1990.0
180,2023-10-06,cerveza bahia 330 ml,C,1690.0
183,2023-10-06,cerveza club colombia 269 ml,C,1990.0
186,2023-10-07,cerveza bahia 330 ml,C,1690.0
189,2023-10-07,cerveza club colombia 269 ml,C,1990.0
192,2023-10-08,cerveza bahia 330 ml,C,1690.0
195,2023-10-08,cerveza club colombia 269 ml,C,1990.0
197,2023-10-09,cerveza bahia 330 ml,C,1690.0
200,2023-10-09,cerveza club colombia 269 ml,C,1990.0
202,2023-10-10,cerveza bahia 330 ml,C,1690.0
205,2023-10-10,cerveza club colombia 269 ml,C,1990.0
207,2023-10-11,cerveza bahia 330 ml,C,1690.0
210,2023-10-11,cerveza club colombia 269 ml,C,1990.0
212,2023-10-12,cerveza bahia 330 ml,C,1690.0
215,2023-10-12,cerveza club colombia 269 ml,C,1990.0
217,2023-10-13,cerveza bahia 330 ml,C,1690.0
220,2023-10-13,cerveza club colombia 269 ml,C,1990.0
222,2023-10-14,cerveza bahia 330 ml,C,1690.0
225,2023-10-14,cerveza club colombia 269 ml,C,1990.0
227,2023-10-15,cerveza bahia 330 ml,C,1690.0
230,2023-10-15,cerveza club colombia 269 ml,C,1990.0
232,2023-10-16,cerveza bahia 330 ml,C,1690.0
235,2023-10-16,cerveza club colombia 269 ml,C,1990.0
238,2023-10-18,cerveza bahia 330 ml,C,1690.0
241,2023-10-18,cerveza club colombia 269 ml,C,1990.0
244,2023-10-19,cerveza bahia 330 ml,C,1690.0
247,2023-10-19,cerveza club colombia 269 ml,C,1990.0
250,2023-10-20,cerveza bahia 330 ml,C,1690.0
253,2023-10-20,cerveza club colombia 269 ml,C,1990.0
256,2023-10-21,cerveza bahia 330 ml,C,1690.0
259,2023-10-21,cerveza club colombia 269 ml,C,1990.0
262,2023-10-22,cerveza bahia 330 ml,C,1690.0
265,2023-10-22,cerveza club colombia 269 ml,C,1990.0
268,2023-10-23,cerveza bahia 330 ml,C,1690.0
271,2023-10-23,cerveza club colombia 269 ml,C,1990.0
274,2023-10-24,cerveza bahia 330 ml,C,1690.0
277,2023-10-24,cerveza club colombia 269 ml,C,1990.0
280,2023-10-25,cerveza bahia 330 ml,C,1690.0
283,2023-10-25,cerveza club colombia 269 ml,C,1990.0
286,2023-10-26,cerveza bahia 330 ml,C,1690.0
289,2023-10-26,cerveza club colombia 269 ml,C,1990.0
292,2023-10-27,cerveza bahia 330 ml,C,1690.0
295,2023-10-27,cerveza club colombia 269 ml,C,1990.0
298,2023-10-28,cerveza bahia 330 ml,C,1690.0
301,2023-10-28,cerveza club colombia 269 ml,C,1990.0
304,2023-10-29,cerveza bahia 330 ml,C,1690.0
307,2023-10-29,cerveza club colombia 269 ml,C,1990.0
310,2023-10-30,cerveza bahia 330 ml,C,1690.0
313,2023-10-30,cerveza club colombia 269 ml,C,1990.0
316,2023-10-31,cerveza bahia 330 ml,C,1690.0
319,2023-10-31,cerveza club colombia 269 ml,C,1990.0
322,2023-11-01,cerveza bahia 330 ml,C,1690.0
325,2023-11-01,cerveza club colombia 269 ml,C,1990.0
328,2023-11-02,cerveza bahia 330 ml,C,1690.0
331,2023-11-02,cerveza club colombia 269 ml,C,1990.0
334,2023-11-03,cerveza bahia 330 ml,C,1690.0
337,2023-11-03,cerveza club colombia 269 ml,C,1990.0
340,2023-11-04,cerveza bahia 330 ml,C,1690.0
343,2023-11-04,cerveza club colombia 269 ml,C,1990.0
346,2023-11-05,cerveza bahia 330 ml,C,1690.0
349,2023-11-05,cerveza club colombia 269 ml,C,1990.0
352,2023-11-06,cerveza bahia 330 ml,C,1690.0
355,2023-11-06,cerveza club colombia 269 ml,C,1990.0
358,2023-11-07,cerveza bahia 330 ml,C,1690.0
361,2023-11-07,cerveza club colombia 269 ml,C,1990.0
364,2023-11-08,cerveza bahia 330 ml,C,1690.0
367,2023-11-08,cerveza club colombia 269 ml,C,1990.0
370,2023-11-09,cerveza bahia 330 ml,C,1690.0
373,2023-11-09,cerveza club colombia 269 ml,C,1990.0
376,2023-11-10,cerveza bahia 330 ml,C,1690.0
379,2023-11-10,cerveza club colombia 269 ml,C,1990.0
382,2023-11-11,cerveza bahia 330 ml,C,1690.0
385,2023-11-11,cerveza club colombia 269 ml,C,1990.0
388,2023-11-12,cerveza bahia 330 ml,C,1690.0
391,2023-11-12,cerveza club colombia 269 ml,C,1990.0
394,2023-11-13,cerveza bahia 330 ml,C,1690.0
397,2023-11-13,cerveza club colombia 269 ml,C,1990.0
400,2023-11-14,cerveza bahia 330 ml,C,1690.0
403,2023-11-14,cerveza club colombia 269 ml,C,1990.0
406,2023-11-15,cerveza bahia 330 ml,C,1690.0
409,2023-11-15,cerveza club colombia 269 ml,C,1990.0
412,2023-11-16,cerveza bahia 330 ml,C,1690.0
415,2023-11-16,cerveza club colombia 269 ml,C,1990.0
418,2023-11-17,cerveza bahia 330 ml,C,1690.0
421,2023-11-17,cerveza club colombia 269 ml,C,1990.0
424,2023-11-18,cerveza bahia 330 ml,C,1690.0
427,2023-11-18,cerveza club colombia 269 ml,C,1990.0
430,2023-11-19,cerveza bahia 330 ml,C,1690.0
433,2023-11-19,cerveza club colombia 269 ml,C,1990.0
436,2023-11-21,cerveza bahia 330 ml,C,1690.0
439,2023-11-21,cerveza club colombia 269 ml,C,1990.0
442,2023-11-23,cerveza bahia 330 ml,C,1690.0
445,2023-11-23,cerveza club colombia 269 ml,C,1990.0
448,2023-11-24,cerveza bahia 330 ml,C,1690.0
451,2023-11-24,cerveza club colombia 269 ml,C,1990.0
454,2023-11-25,cerveza bahia 330 ml,C,1690.0
457,2023-11-25,cerveza club colombia 269 ml,C,1990.0
460,2023-11-26,cerveza bahia 330 ml,C,1690.0
463,2023-11-26,cerveza club colombia 269 ml,C,1990.0
466,2023-11-27,cerveza bahia 330 ml,C,1690.0
469,2023-11-27,cerveza club colombia 269 ml,C,1990.0
472,2023-11-28,cerveza bahia 330 ml,C,1690.0
475,2023-11-28,cerveza club colombia 269 ml,C,1990.0
478,2023-11-29,cerveza bahia 330 ml,C,1690.0
481,2023-11-29,cerveza club colombia 269 ml,C,1990.0
484,2023-11-30,cerveza bahia 330 ml,C,1690.0
487,2023-11-30,cerveza club colombia 269 ml,C,1990.0
490,2023-12-01,cerveza bahia 330 ml,C,1690.0
493,2023-12-01,cerveza club colombia 269 ml,C,1990.0
496,2023-12-02,cerveza bahia 330 ml,C,1690.0
499,2023-12-02,cerveza club colombia 269 ml,C,1990.0
502,2023-12-03,cerveza bahia 330 ml,C,1690.0
505,2023-12-03,cerveza club colombia 269 ml,C,1990.0
508,2023-12-04,cerveza bahia 330 ml,C,1690.0
511,2023-12-04,cerveza club colombia 269 ml,C,1990.0
514,2023-12-05,cerveza bahia 330 ml,C,1690.0
517,2023-12-05,cerveza club colombia 269 ml,C,1990.0
520,2023-12-06,cerveza bahia 330 ml,C,1690.0
523,2023-12-06,cerveza club colombia 269 ml,C,1990.0
526,2023-12-07,cerveza bahia 330 ml,C,1690.0
529,2023-12-07,cerveza club colombia 269 ml,C,1990.0
532,2023-12-08,cerveza bahia 330 ml,C,1690.0
535,2023-12-08,cerveza club colombia 269 ml,C,1990.0
538,2023-12-09,cerveza bahia 330 ml,C,1690.0
541,2023-12-09,cerveza club colombia 269 ml,C,1990.0
544,2023-12-10,cerveza bahia 330 ml,C,1690.0
547,2023-12-10,cerveza club colombia 269 ml,C,1990.0
550,2023-12-11,cerveza bahia 330 ml,C,1690.0
553,2023-12-11,cerveza club colombia 269 ml,C,1990.0
556,2023-12-12,cerveza bahia 330 ml,C,1690.0
559,2023-12-12,cerveza club colombia 269 ml,C,1990.0
562,2023-12-13,cerveza bahia 330 ml,C,1690.0
565,2023-12-13,cerveza club colombia 269 ml,C,1990.0
568,2023-12-14,cerveza bahia 330 ml,C,1690.0
571,2023-12-14,cerveza club colombia 269 ml,C,1990.0
574,2023-12-15,cerveza bahia 330 ml,C,1690.0
577,2023-12-15,cerveza club colombia 269 ml,C,1990.0
580,2023-12-16,cerveza bahia 330 ml,C,1690.0
583,2023-12-16,cerveza club colombia 269 ml,C,1990.0
586,2023-12-17,cerveza bahia 330 ml,C,1690.0
589,2023-12-17,cerveza club colombia 269 ml,C,1990.0
592,2023-12-18,cerveza bahia 330 ml,C,1690.0
595,2023-12-18,cerveza club colombia 269 ml,C,1990.0
598,2023-12-19,cerveza bahia 330 ml,C,1690.0
601,2023-12-19,cerveza club colombia 269 ml,C,1990.0
604,2023-12-20,cerveza bahia 330 ml,C,1690.0
607,2023-12-20,cerveza club colombia 269 ml,C,1990.0
611,2023-12-21,cerveza bahia 330 ml,C,1690.0
614,2023-12-21,cerveza club colombia 269 ml,C,1990.0
618,2023-12-22,cerveza bahia 330 ml,C,1690.0
621,2023-12-22,cerveza club colombia 269 ml,C,1990.0
625,2023-12-23,cerveza bahia 330 ml,C,1690.0
628,2023-12-23,cerveza club colombia 269 ml,C,1990.0
632,2023-12-24,cerveza bahia 330 ml,C,1690.0
635,2023-12-24,cerveza club colombia 269 ml,C,1990.0
639,2023-12-25,cerveza bahia 330 ml,C,1690.0
642,2023-12-25,cerveza club colombia 269 ml,C,1990.0
646,2023-12-26,cerveza bahia 330 ml,C,1690.0
649,2023-12-26,cerveza club colombia 269 ml,C,1990.0
653,2023-12-27,cerveza bahia 330 ml,C,1690.0
656,2023-12-27,cerveza club colombia 269 ml,C,1990.0
660,2023-12-28,cerveza bahia 330 ml,C,1690.0
663,2023-12-28,cerveza club colombia 269 ml,C,1990.0
667,2023-12-29,cerveza bahia 330 ml,C,1690.0
670,2023-12-29,cerveza club colombia 269 ml,C,1990.0
674,2023-12-30,cerveza bahia 330 ml,C,1690.0
677,2023-12-30,cerveza club colombia 269 ml,C,1990.0
681,2023-12-31,cerveza bahia 330 ml,C,1690.0
684,2023-12-31,cerveza club colombia 269 ml,C,1990.0
688,2024-01-01,cerveza bahia 330 ml,C,1690.0
691,2024-01-01,cerveza club colombia 269 ml,C,1990.0
695,2024-01-02,cerveza bahia 330 ml,C,1690.0
698,2024-01-02,cerveza club colombia 269 ml,C,1990.0
702,2024-01-03,cerveza bahia 330 ml,C,1690.0
705,2024-01-03,cerveza club colombia 269 ml,C,1990.0
709,2024-01-04,cerveza bahia 330 ml,C,1690.0
712,2024-01-04,cerveza club colombia 269 ml,C,1990.0
716,2024-01-05,cerveza bahia 330 ml,C,1690.0
718,2024-01-05,cerveza club colombia 269 ml,C,1990.0
722,2024-01-09,cerveza bahia 330 ml,C,1690.0
724,2024-01-09,cerveza club colombia 269 ml,C,1990.0
728,2024-01-10,cerveza bahia 330 ml,C,1690.0
730,2024-01-10,cerveza club colombia 269 ml,C,1990.0
734,2024-01-11,cerveza bahia 330 ml,C,1690.0
736,2024-01-11,cerveza club colombia 269 ml,C,1990.0
740,2024-01-12,cerveza bahia 330 ml,C,1690.0
742,2024-01-12,cerveza club colombia 269 ml,C,1990.0
746,2024-01-13,cerveza bahia 330 ml,C,1690.0
748,2024-01-13,cerveza club colombia 269 ml,C,1990.0
752,2024-01-14,cerveza bahia 330 ml,C,1690.0
754,2024-01-14,cerveza club colombia 269 ml,C,1990.0
758,2024-01-15,cerveza bahia 330 ml,C,1690.0
761,2024-01-15,cerveza club colombia 269 ml,C,1990.0
765,2024-01-16,bebida hidratante sabor mandarina drink a 600 m,C,1590.0
768,2024-01-16,cerveza bahia 330 ml,C,1690.0
771,2024-01-16,cerveza club colombia 269 ml,C,1990.0
777,2024-01-16,gaseosa coca cola pet 250ml,C,1790.0
786,2024-01-16,gaseosa pony malta 2000ml,C,5990.0
796,2024-01-17,bebida hidratante sabor mandarina drink a 600 m,C,1590.0
799,2024-01-17,cerveza bahia 330 ml,C,1690.0
802,2024-01-17,cerveza club colombia 269 ml,C,1990.0
808,2024-01-17,gaseosa coca cola pet 250ml,C,1790.0
817,2024-01-17,gaseosa pony malta 2000ml,C,5990.0
827,2024-01-18,bebida hidratante sabor mandarina drink a 600 m,C,1590.0
830,2024-01-18,cerveza bahia 330 ml,C,1690.0
833,2024-01-18,cerveza club colombia 269 ml,C,1990.0
839,2024-01-18,gaseosa coca cola pet 250ml,C,1790.0
848,2024-01-18,gaseosa pony malta 2000ml,C,5990.0
858,2024-01-19,bebida hidratante sabor mandarina drink a 600 m,C,1590.0
861,2024-01-19,cerveza bahia 330 ml,C,1690.0
864,2024-01-19,cerveza club colombia 269 ml,C,1990.0
870,2024-01-19,gaseosa coca cola pet 250ml,C,1790.0
879,2024-01-19,gaseosa pony malta 2000ml,C,5990.0
889,2024-01-20,bebida hidratante sabor mandarina drink a 600 m,C,1590.0
892,2024-01-20,cerveza bahia 330 ml,C,1690.0
895,2024-01-20,cerveza club colombia 269 ml,C,1990.0
901,2024-01-20,gaseosa coca cola pet 250ml,C,1790.0
909,2024-01-20,gaseosa pony malta 2000ml,C,5990.0
919,2024-01-21,bebida hidratante sabor mandarina drink a 600 m,C,1590.0
922,2024-01-21,cerveza bahia 330 ml,C,1690.0
925,2024-01-21,cerveza club colombia 269 ml,C,1990.0
931,2024-01-21,gaseosa coca cola pet 250ml,C,1790.0
939,2024-01-21,gaseosa pony malta 2000ml,C,5990.0
949,2024-01-22,bebida hidratante sabor mandarina drink a 600 m,C,1590.0
952,2024-01-22,cerveza bahia 330 ml,C,1690.0
955,2024-01-22,cerveza club colombia 269 ml,C,1990.0
961,2024-01-22,gaseosa coca cola pet 250ml,C,1790.0
969,2024-01-22,gaseosa pony malta 2000ml,C,5990.0
979,2024-01-23,bebida hidratante sabor mandarina drink a 600 m,C,1590.0
982,2024-01-23,cerveza bahia 330 ml,C,1690.0
985,2024-01-23,cerveza club colombia 269 ml,C,1990.0
991,2024-01-23,gaseosa coca cola pet 250ml,C,1790.0
1000,2024-01-23,gaseosa pony malta 2000ml,C,5990.0
1010,2024-01-24,bebida hidratante sabor mandarina drink a 600 m,C,1590.0
1013,2024-01-24,cerveza bahia 330 ml,C,1690.0
1016,2024-01-24,cerveza club colombia 269 ml,C,1990.0
1022,2024-01-24,gaseosa coca cola pet 250ml,C,1790.0
1031,2024-01-24,gaseosa pony malta 2000ml,C,5990.0
1041,2024-01-25,bebida hidratante sabor mandarina drink a 600 m,C,1590.0
1044,2024-01-25,cerveza bahia 330 ml,C,1690.0
1047,2024-01-25,cerveza club colombia 269 ml,C,1990.0
1053,2024-01-25,gaseosa coca cola pet 250ml,C,1790.0
1062,2024-01-25,gaseosa pony malta 2000ml,C,5990.0
1071,2024-01-26,bebida hidratante sabor mandarina drink a 600 m,C,1590.0
1074,2024-01-26,cerveza bahia 330 ml,C,1690.0
1077,2024-01-26,cerveza club colombia 269 ml,C,1990.0
1083,2024-01-26,gaseosa coca cola pet 250ml,C,1790.0
1092,2024-01-26,gaseosa pony malta 2000ml,C,5990.0
1101,2024-01-27,bebida hidratante sabor mandarina drink a 600 m,C,1590.0
1104,2024-01-27,cerveza bahia 330 ml,C,1690.0
1112,2024-01-27,gaseosa coca cola pet 250ml,C,1790.0
1121,2024-01-27,gaseosa pony malta 2000ml,C,5990.0
1131,2024-01-28,bebida hidratante sabor mandarina drink a 600 m,C,1590.0
1134,2024-01-28,cerveza bahia 330 ml,C,1690.0
1142,2024-01-28,gaseosa coca cola pet 250ml,C,1790.0
1151,2024-01-28,gaseosa pony malta 2000ml,C,5990.0
1161,2024-01-29,bebida hidratante sabor mandarina drink a 600 m,C,1590.0
1164,2024-01-29,cerveza bahia 330 ml,C,1690.0
1172,2024-01-29,gaseosa coca cola pet 250ml,C,1790.0
1181,2024-01-29,gaseosa pony malta 2000ml,C,5990.0
1192,2024-01-30,bebida hidratante sabor mandarina drink a 600 m,C,1590.0
1195,2024-01-30,cerveza bahia 330 ml,C,1690.0
1203,2024-01-30,gaseosa coca cola pet 250ml,C,1790.0
1212,2024-01-30,gaseosa pony malta 2000ml,C,5990.0
1223,2024-01-31,bebida hidratante sabor mandarina drink a 600 m,C,1590.0
1226,2024-01-31,cerveza bahia 330 ml,C,1690.0
1234,2024-01-31,gaseosa coca cola pet 250ml,C,1790.0
1243,2024-01-31,gaseosa pony malta 2000ml,C,5990.0
1254,2024-02-01,bebida hidratante sabor mandarina drink a 600 m,C,1590.0
1257,2024-02-01,cerveza bahia 330 ml,C,1690.0
1265,2024-02-01,gaseosa coca cola pet 250ml,C,1790.0
1274,2024-02-01,gaseosa pony malta 2000ml,C,5990.0
1285,2024-02-02,bebida hidratante sabor mandarina drink a 600 m,C,1590.0
1288,2024-02-02,cerveza bahia 330 ml,C,1690.0
1296,2024-02-02,gaseosa coca cola pet 250ml,C,1790.0
1304,2024-02-02,gaseosa pony malta 2000ml,C,5990.0
1315,2024-02-03,bebida hidratante sabor mandarina drink a 600 m,C,1590.0
1318,2024-02-03,cerveza bahia 330 ml,C,1690.0
1326,2024-02-03,gaseosa coca cola pet 250ml,C,1790.0
1334,2024-02-03,gaseosa pony malta 2000ml,C,5990.0
1345,2024-02-04,bebida hidratante sabor mandarina drink a 600 m,C,1590.0
1348,2024-02-04,cerveza bahia 330 ml,C,1690.0
1356,2024-02-04,gaseosa coca cola pet 250ml,C,1790.0
1365,2024-02-04,gaseosa pony malta 2000ml,C,5990.0
1376,2024-02-05,bebida hidratante sabor mandarina drink a 600 m,C,1590.0
1379,2024-02-05,cerveza bahia 330 ml,C,1690.0
1387,2024-02-05,gaseosa coca cola pet 250ml,C,1790.0
1396,2024-02-05,gaseosa pony malta 2000ml,C,5990.0
1407,2024-02-06,bebida hidratante sabor mandarina drink a 600 m,C,1590.0
1410,2024-02-06,cerveza bahia 330 ml,C,1690.0
1418,2024-02-06,gaseosa coca cola pet 250ml,C,1790.0
1427,2024-02-06,gaseosa pony malta 2000ml,C,5990.0
1438,2024-02-07,bebida hidratante sabor mandarina drink a 600 m,C,1590.0
1441,2024-02-07,cerveza bahia 330 ml,C,1690.0
1449,2024-02-07,gaseosa coca cola pet 250ml,C,1790.0
1458,2024-02-07,gaseosa pony malta 2000ml,C,5990.0
1469,2024-02-08,bebida hidratante sabor mandarina drink a 600 m,C,1590.0
1472,2024-02-08,cerveza bahia 330 ml,C,1690.0
1475,2024-02-08,cerveza club colombia 269 ml,C,1990.0
1481,2024-02-08,gaseosa coca cola pet 250ml,C,1790.0
1490,2024-02-08,gaseosa pony malta 2000ml,C,5990.0
1501,2024-02-09,bebida hidratante sabor mandarina drink a 600 m,C,1590.0
1504,2024-02-09,cerveza bahia 330 ml,C,1690.0
1507,2024-02-09,cerveza club colombia 269 ml,C,1990.0
1513,2024-02-09,gaseosa coca cola pet 250ml,C,1790.0
1522,2024-02-09,gaseosa pony malta 2000ml,C,5990.0
1533,2024-02-10,bebida hidratante sabor mandarina drink a 600 m,C,1590.0
1536,2024-02-10,cerveza bahia 330 ml,C,1690.0
1539,2024-02-10,cerveza club colombia 269 ml,C,1990.0
1545,2024-02-10,gaseosa coca cola pet 250ml,C,1790.0
1553,2024-02-10,gaseosa pony malta 2000ml,C,5990.0
1564,2024-02-11,bebida hidratante sabor mandarina drink a 600 m,C,1590.0
1567,2024-02-11,cerveza bahia 330 ml,C,1690.0
1570,2024-02-11,cerveza club colombia 269 ml,C,1990.0
1576,2024-02-11,gaseosa coca cola pet 250ml,C,1790.0
1584,2024-02-11,gaseosa pony malta 2000ml,C,5990.0
1595,2024-02-12,bebida hidratante sabor mandarina drink a 600 m,C,1590.0
1598,2024-02-12,cerveza bahia 330 ml,C,1690.0
1601,2024-02-12,cerveza club colombia 269 ml,C,1990.0
1607,2024-02-12,gaseosa coca cola pet 250ml,C,1790.0
1616,2024-02-12,gaseosa pony malta 2000ml,C,5990.0
1627,2024-02-13,bebida hidratante sabor mandarina drink a 600 m,C,1590.0
1630,2024-02-13,cerveza bahia 330 ml,C,1690.0
1633,2024-02-13,cerveza club colombia 269 ml,C,1990.0
1639,2024-02-13,gaseosa coca cola pet 250ml,C,1790.0
1648,2024-02-13,gaseosa pony malta 2000ml,C,5990.0
1659,2024-02-14,bebida hidratante sabor mandarina drink a 600 m,C,1590.0
1662,2024-02-14,cerveza bahia 330 ml,C,1690.0
1665,2024-02-14,cerveza club colombia 269 ml,C,1990.0
1671,2024-02-14,gaseosa coca cola pet 250ml,C,1790.0
1680,2024-02-14,gaseosa pony malta 2000ml,C,5990.0
1691,2024-02-15,bebida hidratante sabor mandarina drink a 600 m,C,1590.0
1694,2024-02-15,cerveza bahia 330 ml,C,1690.0
1697,2024-02-15,cerveza club colombia 269 ml,C,1990.0
1703,2024-02-15,gaseosa coca cola pet 250ml,C,1790.0
1712,2024-02-15,gaseosa pony malta 2000ml,C,5990.0
1723,2024-02-16,bebida hidratante sabor mandarina drink a 600 m,C,1590.0
1726,2024-02-16,cerveza bahia 330 ml,C,1690.0
1729,2024-02-16,cerveza club colombia 269 ml,C,1990.0
1735,2024-02-16,gaseosa coca cola pet 250ml,C,1790.0
1744,2024-02-16,gaseosa pony malta 2000ml,C,5990.0
1754,2024-02-17,bebida hidratante sabor mandarina drink a 600 m,C,1590.0
1757,2024-02-17,cerveza bahia 330 ml,C,1690.0
1760,2024-02-17,cerveza club colombia 269 ml,C,1990.0
1766,2024-02-17,gaseosa coca cola pet 250ml,C,1790.0
1775,2024-02-17,gaseosa pony malta 2000ml,C,5990.0
1785,2024-02-18,bebida hidratante sabor mandarina drink a 600 m,C,1590.0
1788,2024-02-18,cerveza bahia 330 ml,C,1690.0
1791,2024-02-18,cerveza club colombia 269 ml,C,1990.0
1796,2024-02-18,gaseosa coca cola pet 250ml,C,1790.0
1805,2024-02-18,gaseosa pony malta 2000ml,C,5990.0
1815,2024-02-19,bebida hidratante sabor mandarina drink a 600 m,C,1590.0
1818,2024-02-19,cerveza bahia 330 ml,C,1690.0
1821,2024-02-19,cerveza club colombia 269 ml,C,1990.0
1826,2024-02-19,gaseosa coca cola pet 250ml,C,1790.0
1835,2024-02-19,gaseosa pony malta 2000ml,C,5990.0
1844,2024-02-20,bebida hidratante sabor mandarina drink a 600 m,C,1590.0
1847,2024-02-20,cerveza bahia 330 ml,C,1690.0
1850,2024-02-20,cerveza club colombia 269 ml,C,1990.0
1855,2024-02-20,gaseosa coca cola pet 250ml,C,1790.0
1864,2024-02-20,gaseosa pony malta 2000ml,C,5990.0
1874,2024-02-21,bebida hidratante sabor mandarina drink a 600 m,C,1590.0
1877,2024-02-21,cerveza bahia 330 ml,C,1690.0
1880,2024-02-21,cerveza club colombia 269 ml,C,1990.0
1885,2024-02-21,gaseosa coca cola pet 250ml,C,1790.0
1894,2024-02-21,gaseosa pony malta 2000ml,C,5990.0
1905,2024-02-22,bebida hidratante sabor mandarina drink a 600 m,C,1590.0
1908,2024-02-22,cerveza bahia 330 ml,C,1690.0
1911,2024-02-22,cerveza club colombia 269 ml,C,1990.0
1916,2024-02-22,gaseosa coca cola pet 250ml,C,1790.0
1925,2024-02-22,gaseosa pony malta 2000ml,C,5990.0
1936,2024-02-23,bebida hidratante sabor mandarina drink a 600 m,C,1590.0
1939,2024-02-23,cerveza bahia 330 ml,C,1690.0
1942,2024-02-23,cerveza club colombia 269 ml,C,2190.0
1947,2024-02-23,gaseosa coca cola pet 250ml,C,1790.0
1955,2024-02-23,gaseosa pony malta 2000ml,C,6590.0
1966,2024-02-24,bebida hidratante sabor mandarina drink a 600 m,C,1590.0
1969,2024-02-24,cerveza bahia 330 ml,C,1690.0
1972,2024-02-24,cerveza club colombia 269 ml,C,2190.0
1977,2024-02-24,gaseosa coca cola pet 250ml,C,1790.0
1985,2024-02-24,gaseosa pony malta 2000ml,C,6590.0
1996,2024-02-25,bebida hidratante sabor mandarina drink a 600 m,C,1590.0
1999,2024-02-25,cerveza bahia 330 ml,C,1690.0
2002,2024-02-25,cerveza club colombia 269 ml,C,2190.0
2007,2024-02-25,gaseosa coca cola pet 250ml,C,1790.0
2014,2024-02-25,gaseosa pony malta 2000ml,C,6590.0
2025,2024-02-26,bebida hidratante sabor mandarina drink a 600 m,C,1590.0
2028,2024-02-26,cerveza bahia 330 ml,C,1690.0
2031,2024-02-26,cerveza club colombia 269 ml,C,2190.0
2036,2024-02-26,gaseosa coca cola pet 250ml,C,1790.0
2043,2024-02-26,gaseosa pony malta 2000ml,C,6590.0
2054,2024-02-27,bebida hidratante sabor mandarina drink a 600 m,C,1590.0
2057,2024-02-27,cerveza bahia 330 ml,C,1690.0
2060,2024-02-27,cerveza club colombia 269 ml,C,2190.0
2065,2024-02-27,gaseosa coca cola pet 250ml,C,1790.0
2072,2024-02-27,gaseosa pony malta 2000ml,C,6590.0
2083,2024-02-28,bebida hidratante sabor mandarina drink a 600 m,C,1590.0
2086,2024-02-28,cerveza bahia 330 ml,C,1690.0
2089,2024-02-28,cerveza club colombia 269 ml,C,2190.0
2094,2024-02-28,gaseosa coca cola pet 250ml,C,1790.0
2101,2024-02-28,gaseosa pony malta 2000ml,C,6590.0
2112,2024-02-29,bebida hidratante sabor mandarina drink a 600 m,C,1590.0
2115,2024-02-29,cerveza bahia 330 ml,C,1690.0
2118,2024-02-29,cerveza club colombia 269 ml,C,2190.0
2123,2024-02-29,gaseosa coca cola pet 250ml,C,1790.0
2132,2024-02-29,gaseosa pony malta 2000ml,C,6590.0
2143,2024-03-01,bebida hidratante sabor mandarina drink a 600 m,C,1590.0
2146,2024-03-01,cerveza bahia 330 ml,C,1690.0
2149,2024-03-01,cerveza club colombia 269 ml,C,2190.0
2154,2024-03-01,gaseosa coca cola pet 250ml,C,1790.0
2163,2024-03-01,gaseosa pony malta 2000ml,C,6590.0
2174,2024-03-02,bebida hidratante sabor mandarina drink a 600 m,C,1590.0
2177,2024-03-02,cerveza bahia 330 ml,C,1690.0
2180,2024-03-02,cerveza club colombia 269 ml,C,2190.0
2184,2024-03-02,gaseosa coca cola pet 250ml,C,1790.0
2193,2024-03-02,gaseosa pony malta 2000ml,C,6590.0
2202,2024-03-03,bebida hidratante sabor mandarina drink a 600 m,C,1590.0
2205,2024-03-03,cerveza bahia 330 ml,C,1690.0
2208,2024-03-03,cerveza club colombia 269 ml,C,2190.0
2212,2024-03-03,gaseosa coca cola pet 250ml,C,1790.0
2221,2024-03-03,gaseosa pony malta 2000ml,C,6590.0
2230,2024-03-04,bebida hidratante sabor mandarina drink a 600 m,C,1590.0
2233,2024-03-04,cerveza bahia 330 ml,C,1690.0
2236,2024-03-04,cerveza club colombia 269 ml,C,2190.0
2240,2024-03-04,gaseosa coca cola pet 250ml,C,1790.0
2249,2024-03-04,gaseosa pony malta 2000ml,C,6590.0
2258,2024-03-05,bebida hidratante sabor mandarina drink a 600 m,C,1590.0
2261,2024-03-05,cerveza bahia 330 ml,C,1690.0
2264,2024-03-05,cerveza club colombia 269 ml,C,2190.0
2268,2024-03-05,gaseosa coca cola pet 250ml,C,1790.0
2277,2024-03-05,gaseosa pony malta 2000ml,C,6590.0
2286,2024-03-06,bebida hidratante sabor mandarina drink a 600 m,C,1590.0
2289,2024-03-06,cerveza bahia 330 ml,C,1690.0
2292,2024-03-06,cerveza club colombia 269 ml,C,2190.0
2296,2024-03-06,gaseosa coca cola pet 250ml,C,1790.0
2304,2024-03-06,gaseosa pony malta 2000ml,C,6590.0
2313,2024-03-07,bebida hidratante sabor mandarina drink a 600 m,C,1590.0
2316,2024-03-07,cerveza bahia 330 ml,C,1690.0
2319,2024-03-07,cerveza club colombia 269 ml,C,2190.0
2323,2024-03-07,gaseosa coca cola pet 250ml,C,1790.0
2332,2024-03-07,gaseosa pony malta 2000ml,C,6590.0
2341,2024-03-08,bebida hidratante sabor mandarina drink a 600 m,C,1590.0
2344,2024-03-08,cerveza bahia 330 ml,C,1690.0
2347,2024-03-08,cerveza club colombia 269 ml,C,2190.0
2351,2024-03-08,gaseosa coca cola pet 250ml,C,1790.0
2360,2024-03-08,gaseosa pony malta 2000ml,C,6590.0
2369,2024-03-09,bebida hidratante sabor mandarina drink a 600 m,C,1590.0
2372,2024-03-09,cerveza bahia 330 ml,C,1690.0
2375,2024-03-09,cerveza club colombia 269 ml,C,2190.0
2379,2024-03-09,gaseosa coca cola pet 250ml,C,1790.0
2388,2024-03-09,gaseosa pony malta 2000ml,C,6590.0
2397,2024-03-10,bebida hidratante sabor mandarina drink a 600 m,C,1590.0
2400,2024-03-10,cerveza bahia 330 ml,C,1690.0
2403,2024-03-10,cerveza club colombia 269 ml,C,2190.0
2407,2024-03-10,gaseosa coca cola pet 250ml,C,1790.0
2416,2024-03-10,gaseosa pony malta 2000ml,C,6590.0
2425,2024-03-11,bebida hidratante sabor mandarina drink a 600 m,C,1590.0
2428,2024-03-11,cerveza bahia 330 ml,C,1690.0
2431,2024-03-11,cerveza club colombia 269 ml,C,2190.0
2435,2024-03-11,gaseosa coca cola pet 250ml,C,1790.0
2444,2024-03-11,gaseosa pony malta 2000ml,C,6590.0
2453,2024-03-12,bebida hidratante sabor mandarina drink a 600 m,C,1590.0
2456,2024-03-12,cerveza bahia 330 ml,C,1690.0
2459,2024-03-12,cerveza club colombia 269 ml,C,2190.0
2463,2024-03-12,gaseosa coca cola pet 250ml,C,1790.0
2480,2024-03-14,bebida hidratante sabor mandarina drink a 600 m,C,1590.0
2483,2024-03-14,cerveza bahia 330 ml,C,1690.0
2486,2024-03-14,cerveza club colombia 269 ml,C,2190.0
2491,2024-03-14,gaseosa coca cola pet 250ml,C,1790.0
2508,2024-03-15,bebida hidratante sabor mandarina drink a 600 m,C,1590.0
2511,2024-03-15,cerveza bahia 330 ml,C,1690.0
2514,2024-03-15,cerveza club colombia 269 ml,C,2190.0
2519,2024-03-15,gaseosa coca cola pet 250ml,C,1790.0
2528,2024-03-15,gaseosa pony malta 2000ml,C,6590.0
2537,2024-03-16,bebida hidratante sabor mandarina drink a 600 m,C,1590.0
2540,2024-03-16,cerveza bahia 330 ml,C,1690.0
2543,2024-03-16,cerveza club colombia 269 ml,C,2190.0
2548,2024-03-16,gaseosa coca cola pet 250ml,C,1790.0
2557,2024-03-16,gaseosa pony malta 2000ml,C,6590.0
2566,2024-03-17,bebida hidratante sabor mandarina drink a 600 m,C,1590.0
2569,2024-03-17,cerveza bahia 330 ml,C,1690.0
2572,2024-03-17,cerveza club colombia 269 ml,C,2190.0
2577,2024-03-17,gaseosa coca cola pet 250ml,C,1790.0
2586,2024-03-17,gaseosa pony malta 2000ml,C,6590.0
2596,2024-03-18,agua con gas limonada omi 600 ml,C,1250.0
2599,2024-03-18,agua saborizada limon omi 1700 ml,C,2390.0
2611,2024-03-18,alimento humedo para gatos whiskas 85 g,C,2690.0
2612,2024-03-18,alimento lacteo en polvo el rodeo nutririnde 2,C,9490.0
2617,2024-03-18,bebida hidratante sabor mandarina drink a 600 m,C,1590.0
2624,2024-03-18,bebida lactea sabor mora latti 200 ml,C,1090.0
2628,2024-03-18,cerveza bahia 330 ml,C,1690.0
2631,2024-03-18,cerveza club colombia 269 ml,C,2190.0
2649,2024-03-18,gaseosa coca cola pet 250ml,C,1790.0
2658,2024-03-18,gaseosa pony malta 2000ml,C,6590.0
2667,2024-03-18,jugo de arandanos tree fruts 946 ml,C,9990.0
2673,2024-03-18,kumis entero dulce botella latti 1000 ml,C,7690.0
2675,2024-03-18,kumis vaso latti x 150ml,C,1990.0
2686,2024-03-18,leche entera tetra pak latti 200ml,C,1190.0
2705,2024-03-18,ron anejo cartavio black barrel 750 ml,C,30990.0
2712,2024-03-18,vino lambrusco don vitto surtido,C,19990.0
2713,2024-03-18,vino malbec los rios varietal,C,19990.0
2718,2024-03-18,vino tinto cabernet sauvignon reserva quinta la,C,21990.0
2720,2024-03-18,vino tinto carmenere reserva quinta las cabras,C,21990.0
2732,2024-03-18,yogurt griego mora latti 160 gr,C,3850.0
2737,2024-03-18,yogurt melocoton light vita latti 1000gr,C,8990.0
2745,2024-03-19,agua con gas limonada omi 600 ml,C,1250.0
2748,2024-03-19,agua saborizada limon omi 1700 ml,C,2390.0
2759,2024-03-19,alimento humedo para gatos whiskas 85 g,C,2690.0
2760,2024-03-19,alimento lacteo en polvo el rodeo nutririnde 2,C,9490.0
2765,2024-03-19,bebida hidratante sabor mandarina drink a 600 m,C,1590.0
2772,2024-03-19,bebida lactea sabor mora latti 200 ml,C,1090.0
2776,2024-03-19,cerveza bahia 330 ml,C,1690.0
2779,2024-03-19,cerveza club colombia 269 ml,C,2190.0
2797,2024-03-19,gaseosa coca cola pet 250ml,C,1790.0
2806,2024-03-19,gaseosa pony malta 2000ml,C,6590.0
2815,2024-03-19,jugo de arandanos tree fruts 946 ml,C,9990.0
2821,2024-03-19,kumis entero dulce botella latti 1000 ml,C,7690.0
2823,2024-03-19,kumis vaso latti x 150ml,C,1990.0
2834,2024-03-19,leche entera tetra pak latti 200ml,C,1190.0
2853,2024-03-19,ron anejo cartavio black barrel 750 ml,C,30990.0
2860,2024-03-19,vino lambrusco don vitto surtido,C,19990.0
2861,2024-03-19,vino malbec los rios varietal,C,19990.0
2866,2024-03-19,vino tinto cabernet sauvignon reserva quinta la,C,21990.0
2868,2024-03-19,vino tinto carmenere reserva quinta las cabras,C,21990.0
2880,2024-03-19,yogurt griego mora latti 160 gr,C,3850.0
2884,2024-03-19,yogurt melocoton light vita latti 1000gr,C,8990.0
2892,2024-03-20,agua con gas limonada omi 600 ml,C,1250.0
2895,2024-03-20,agua saborizada limon omi 1700 ml,C,2390.0
2906,2024-03-20,alimento humedo para gatos whiskas 85 g,C,2690.0
2907,2024-03-20,alimento lacteo en polvo el rodeo nutririnde 2,C,9490.0
2912,2024-03-20,bebida hidratante sabor mandarina drink a 600 m,C,1590.0
2919,2024-03-20,bebida lactea sabor mora latti 200 ml,C,1090.0
2923,2024-03-20,cerveza bahia 330 ml,C,1690.0
2926,2024-03-20,cerveza club colombia 269 ml,C,2190.0
2944,2024-03-20,gaseosa coca cola pet 250ml,C,1790.0
2953,2024-03-20,gaseosa pony malta 2000ml,C,6590.0
2962,2024-03-20,jugo de arandanos tree fruts 946 ml,C,9990.0
2968,2024-03-20,kumis entero dulce botella latti 1000 ml,C,7690.0
2970,2024-03-20,kumis vaso latti x 150ml,C,1990.0
2981,2024-03-20,leche entera tetra pak latti 200ml,C,1190.0
3000,2024-03-20,ron anejo cartavio black barrel 750 ml,C,30990.0
3007,2024-03-20,vino lambrusco don vitto surtido,C,19990.0
3008,2024-03-20,vino malbec los rios varietal,C,19990.0
3013,2024-03-20,vino tinto cabernet sauvignon reserva quinta la,C,21990.0
3015,2024-03-20,vino tinto carmenere reserva quinta las cabras,C,21990.0
3027,2024-03-20,yogurt griego mora latti 160 gr,C,3850.0
3031,2024-03-20,yogurt melocoton light vita latti 1000gr,C,8990.0
3038,2024-03-21,agua con gas limonada omi 600 ml,C,1250.0
3042,2024-03-21,agua saborizada limon omi 1700 ml,C,2390.0
3052,2024-03-21,alimento humedo para gatos whiskas 85 g,C,2690.0
3053,2024-03-21,alimento lacteo en polvo el rodeo nutririnde 2,C,9490.0
3058,2024-03-21,bebida hidratante sabor mandarina drink a 600 m,C,1590.0
3065,2024-03-21,bebida lactea sabor mora latti 200 ml,C,1090.0
3069,2024-03-21,cerveza bahia 330 ml,C,1690.0
3072,2024-03-21,cerveza club colombia 269 ml,C,2190.0
3090,2024-03-21,gaseosa coca cola pet 250ml,C,1790.0
3098,2024-03-21,gaseosa pony malta 2000ml,C,6590.0
3107,2024-03-21,jugo de arandanos tree fruts 946 ml,C,9990.0
3113,2024-03-21,kumis entero dulce botella latti 1000 ml,C,7690.0
3115,2024-03-21,kumis vaso latti x 150ml,C,1990.0
3126,2024-03-21,leche entera tetra pak latti 200ml,C,1190.0
3146,2024-03-21,ron anejo cartavio black barrel 750 ml,C,30990.0
3153,2024-03-21,vino lambrusco don vitto surtido,C,19990.0
3154,2024-03-21,vino malbec los rios varietal,C,19990.0
3159,2024-03-21,vino tinto cabernet sauvignon reserva quinta la,C,21990.0
3161,2024-03-21,vino tinto carmenere reserva quinta las cabras,C,21990.0
3173,2024-03-21,yogurt griego mora latti 160 gr,C,3850.0
3177,2024-03-21,yogurt melocoton light vita latti 1000gr,C,8990.0
3185,2024-03-22,agua con gas limonada omi 600 ml,C,1250.0
3189,2024-03-22,agua saborizada limon omi 1700 ml,C,2390.0
3200,2024-03-22,alimento humedo para gatos whiskas 85 g,C,2690.0
3201,2024-03-22,alimento lacteo en polvo el rodeo nutririnde 2,C,9490.0
3204,2024-03-22,aros frutales fiocco 230 g,C,4290.0
3219,2024-03-22,bebida hidratante sabor mandarina drink a 600 m,C,1590.0
3227,2024-03-22,bebida lactea sabor mora latti 200 ml,C,1090.0
3245,2024-03-22,cerveza bahia 330 ml,C,1690.0
3248,2024-03-22,cerveza club colombia 269 ml,C,2190.0
3253,2024-03-22,chile con carne crachos 300 g,C,6550.0
3267,2024-03-22,costilla de cerdo red cut 500 g,C,10490.0
3270,2024-03-22,crispeta caramelo cheetos 72 g,C,2690.0
3285,2024-03-22,galleta 2 tacos ducales noel 241 grs,C,5490.0
3293,2024-03-22,galleta happy cream vainilla 12 pq 408g,C,6490.0
3303,2024-03-22,galleta sabor oliva y oregano greta 120 g,C,4990.0
3307,2024-03-22,galleta wafer cocosette 50 g,C,1750.0
3312,2024-03-22,galletas doble chocolate chalet 120 g,C,4590.0
3317,2024-03-22,galletas mini chips 8 pq 280g,C,8990.0
3319,2024-03-22,galletas para gatos magic friends 75g,C,2190.0
3327,2024-03-22,gaseosa coca cola pet 250ml,C,1790.0
3335,2024-03-22,gaseosa pony malta 2000ml,C,6590.0
3344,2024-03-22,granola coco y pasas fit graan 350 g,C,4990.0
3352,2024-03-22,helado de mora kulfi 1 l,C,13490.0
3363,2024-03-22,jamon de pollo premium brakel 250 g,C,6890.0
3366,2024-03-22,jugo de arandanos tree fruts 946 ml,C,9990.0
3372,2024-03-22,kumis entero dulce botella latti 1000 ml,C,7690.0
3374,2024-03-22,kumis vaso latti x 150ml,C,1990.0
3385,2024-03-22,leche entera tetra pak latti 200ml,C,1190.0
3403,2024-03-22,mezcla chocodivertida nuthos 45 gr,C,1750.0
3415,2024-03-22,mortadela cervecera viande 225g,C,4690.0
3418,2024-03-22,nachos crachos 200 g,C,3290.0
3420,2024-03-22,paleta de frutas treefruts 70 g 6 und,C,11490.0
3423,2024-03-22,papas fosforitos kythos 200 g,C,3290.0
3426,2024-03-22,papas fritas sabor natural kythos 115 g,C,3290.0
3433,2024-03-22,pasabocas surtidos docena kythos 12 unds,C,9990.0
3438,2024-03-22,platanitos maduros kythos 6 und 168 g,C,5490.0
3444,2024-03-22,ramen nissin sabor carne 85 g,C,2490.0
3450,2024-03-22,ron anejo cartavio black barrel 750 ml,C,30990.0
3461,2024-03-22,salchichon cerveroni x900g,C,19950.0
3465,2024-03-22,sexta papa natural kythos 25 g,C,5950.0
3480,2024-03-22,tortilla fajita crachos 12 und 360 g,C,5490.0
3481,2024-03-22,tortilla finas hierbas crachos 250g,C,4490.0
3491,2024-03-22,vino lambrusco don vitto surtido,C,19990.0
3492,2024-03-22,vino malbec los rios varietal,C,19990.0
3497,2024-03-22,vino tinto cabernet sauvignon reserva quinta la,C,21990.0
3499,2024-03-22,vino tinto carmenere reserva quinta las cabras,C,21990.0
3510,2024-03-22,yogurt griego mora latti 160 gr,C,3850.0
3514,2024-03-22,yogurt melocoton light vita latti 1000gr,C,8990.0
3525,2024-03-23,agua con gas limonada omi 600 ml,C,1250.0
3529,2024-03-23,agua saborizada limon omi 1700 ml,C,2390.0
3541,2024-03-23,alimento humedo para gatos whiskas 85 g,C,2690.0
3542,2024-03-23,alimento lacteo en polvo el rodeo nutririnde 2,C,9490.0
3545,2024-03-23,aros frutales fiocco 230 g,C,4290.0
3560,2024-03-23,bebida hidratante sabor mandarina drink a 600 m,C,1590.0
3567,2024-03-23,bebida lactea sabor mora latti 200 ml,C,1090.0
3585,2024-03-23,cerveza bahia 330 ml,C,1690.0
3588,2024-03-23,cerveza club colombia 269 ml,C,2190.0
3593,2024-03-23,chile con carne crachos 300 g,C,6550.0
3607,2024-03-23,costilla de cerdo red cut 500 g,C,10490.0
3610,2024-03-23,crispeta caramelo cheetos 72 g,C,2690.0
3625,2024-03-23,galleta 2 tacos ducales noel 241 grs,C,5490.0
3633,2024-03-23,galleta happy cream vainilla 12 pq 408g,C,6490.0
3644,2024-03-23,galleta sabor oliva y oregano greta 120 g,C,4990.0
3648,2024-03-23,galleta wafer cocosette 50 g,C,1750.0
3653,2024-03-23,galletas doble chocolate chalet 120 g,C,4590.0
3658,2024-03-23,galletas mini chips 8 pq 280g,C,8990.0
3660,2024-03-23,galletas para gatos magic friends 75g,C,2190.0
3668,2024-03-23,gaseosa coca cola pet 250ml,C,1790.0
3677,2024-03-23,gaseosa pony malta 2000ml,C,6590.0
3686,2024-03-23,granola coco y pasas fit graan 350 g,C,4990.0
3694,2024-03-23,helado de mora kulfi 1 l,C,13490.0
3705,2024-03-23,jamon de pollo premium brakel 250 g,C,6890.0
3708,2024-03-23,jugo de arandanos tree fruts 946 ml,C,9990.0
3714,2024-03-23,kumis entero dulce botella latti 1000 ml,C,7690.0
3716,2024-03-23,kumis vaso latti x 150ml,C,1990.0
3727,2024-03-23,leche entera tetra pak latti 200ml,C,1190.0
3745,2024-03-23,mezcla chocodivertida nuthos 45 gr,C,1750.0
3757,2024-03-23,mortadela cervecera viande 225g,C,4690.0
3760,2024-03-23,nachos crachos 200 g,C,3290.0
3762,2024-03-23,paleta de frutas treefruts 70 g 6 und,C,11490.0
3765,2024-03-23,papas fosforitos kythos 200 g,C,3290.0
3768,2024-03-23,papas fritas sabor natural kythos 115 g,C,3290.0
3775,2024-03-23,pasabocas surtidos docena kythos 12 unds,C,9990.0
3780,2024-03-23,platanitos maduros kythos 6 und 168 g,C,5490.0
3787,2024-03-23,ramen nissin sabor carne 85 g,C,2490.0
3793,2024-03-23,ron anejo cartavio black barrel 750 ml,C,30990.0
3803,2024-03-23,salchichon cerveroni x900g,C,19950.0
3807,2024-03-23,sexta papa natural kythos 25 g,C,5950.0
3822,2024-03-23,tortilla fajita crachos 12 und 360 g,C,5490.0
3823,2024-03-23,tortilla finas hierbas crachos 250g,C,4490.0
3833,2024-03-23,vino lambrusco don vitto surtido,C,19990.0
3834,2024-03-23,vino malbec los rios varietal,C,19990.0
3839,2024-03-23,vino tinto cabernet sauvignon reserva quinta la,C,21990.0
3841,2024-03-23,vino tinto carmenere reserva quinta las cabras,C,21990.0
3852,2024-03-23,yogurt griego mora latti 160 gr,C,3850.0
3856,2024-03-23,yogurt melocoton light vita latti 1000gr,C,8990.0
3866,2024-03-24,agua con gas limonada omi 600 ml,C,1250.0
3870,2024-03-24,agua saborizada limon omi 1700 ml,C,2390.0
3882,2024-03-24,alimento humedo para gatos whiskas 85 g,C,2690.0
3883,2024-03-24,alimento lacteo en polvo el rodeo nutririnde 2,C,9490.0
3886,2024-03-24,aros frutales fiocco 230 g,C,4290.0
3901,2024-03-24,bebida hidratante sabor mandarina drink a 600 m,C,1590.0
3908,2024-03-24,bebida lactea sabor mora latti 200 ml,C,1090.0
3926,2024-03-24,cerveza bahia 330 ml,C,1690.0
3929,2024-03-24,cerveza club colombia 269 ml,C,2190.0
3934,2024-03-24,chile con carne crachos 300 g,C,6550.0
3948,2024-03-24,costilla de cerdo red cut 500 g,C,10490.0
3951,2024-03-24,crispeta caramelo cheetos 72 g,C,2690.0
3966,2024-03-24,galleta 2 tacos ducales noel 241 grs,C,5490.0
3974,2024-03-24,galleta happy cream vainilla 12 pq 408g,C,6490.0
3985,2024-03-24,galleta sabor oliva y oregano greta 120 g,C,4990.0
3989,2024-03-24,galleta wafer cocosette 50 g,C,1750.0
3994,2024-03-24,galletas doble chocolate chalet 120 g,C,4590.0
3999,2024-03-24,galletas mini chips 8 pq 280g,C,8990.0
4001,2024-03-24,galletas para gatos magic friends 75g,C,2190.0
4009,2024-03-24,gaseosa coca cola pet 250ml,C,1790.0
4018,2024-03-24,gaseosa pony malta 2000ml,C,6590.0
4027,2024-03-24,granola coco y pasas fit graan 350 g,C,4990.0
4035,2024-03-24,helado de mora kulfi 1 l,C,13490.0
4046,2024-03-24,jamon de pollo premium brakel 250 g,C,6890.0
4049,2024-03-24,jugo de arandanos tree fruts 946 ml,C,9990.0
4055,2024-03-24,kumis entero dulce botella latti 1000 ml,C,7690.0
4057,2024-03-24,kumis vaso latti x 150ml,C,1990.0
4068,2024-03-24,leche entera tetra pak latti 200ml,C,1190.0
4086,2024-03-24,mezcla chocodivertida nuthos 45 gr,C,1750.0
4098,2024-03-24,mortadela cervecera viande 225g,C,4690.0
4101,2024-03-24,nachos crachos 200 g,C,3290.0
4103,2024-03-24,paleta de frutas treefruts 70 g 6 und,C,11490.0
4106,2024-03-24,papas fosforitos kythos 200 g,C,3290.0
4109,2024-03-24,papas fritas sabor natural kythos 115 g,C,3290.0
4116,2024-03-24,pasabocas surtidos docena kythos 12 unds,C,9990.0
4121,2024-03-24,platanitos maduros kythos 6 und 168 g,C,5490.0
4128,2024-03-24,ramen nissin sabor carne 85 g,C,2490.0
4134,2024-03-24,ron anejo cartavio black barrel 750 ml,C,30990.0
4145,2024-03-24,salchichon cerveroni x900g,C,19950.0
4149,2024-03-24,sexta papa natural kythos 25 g,C,5950.0
4164,2024-03-24,tortilla fajita crachos 12 und 360 g,C,5490.0
4165,2024-03-24,tortilla finas hierbas crachos 250g,C,4490.0
4175,2024-03-24,vino lambrusco don vitto surtido,C,19990.0
4176,2024-03-24,vino malbec los rios varietal,C,19990.0
4181,2024-03-24,vino tinto cabernet sauvignon reserva quinta la,C,21990.0
4183,2024-03-24,vino tinto carmenere reserva quinta las cabras,C,21990.0
4195,2024-03-24,yogurt griego mora latti 160 gr,C,3850.0
4200,2024-03-24,yogurt melocoton light vita latti 1000gr,C,8990.0
4210,2024-03-25,agua con gas limonada omi 600 ml,C,1250.0
4214,2024-03-25,agua saborizada limon omi 1700 ml,C,2390.0
4226,2024-03-25,alimento humedo para gatos whiskas 85 g,C,2690.0
4227,2024-03-25,alimento lacteo en polvo el rodeo nutririnde 2,C,9490.0
4230,2024-03-25,aros frutales fiocco 230 g,C,4290.0
4245,2024-03-25,bebida hidratante sabor mandarina drink a 600 m,C,1590.0
4252,2024-03-25,bebida lactea sabor mora latti 200 ml,C,1090.0
4270,2024-03-25,cerveza bahia 330 ml,C,1690.0
4273,2024-03-25,cerveza club colombia 269 ml,C,2190.0
4278,2024-03-25,chile con carne crachos 300 g,C,6550.0
4292,2024-03-25,costilla de cerdo red cut 500 g,C,10490.0
4295,2024-03-25,crispeta caramelo cheetos 72 g,C,2690.0
4309,2024-03-25,galleta 2 tacos ducales noel 241 grs,C,5490.0
4317,2024-03-25,galleta happy cream vainilla 12 pq 408g,C,6490.0
4328,2024-03-25,galleta sabor oliva y oregano greta 120 g,C,4990.0
4332,2024-03-25,galleta wafer cocosette 50 g,C,1750.0
4337,2024-03-25,galletas doble chocolate chalet 120 g,C,4590.0
4342,2024-03-25,galletas mini chips 8 pq 280g,C,8990.0
4344,2024-03-25,galletas para gatos magic friends 75g,C,2190.0
4352,2024-03-25,gaseosa coca cola pet 250ml,C,1790.0
4361,2024-03-25,gaseosa pony malta 2000ml,C,6590.0
4370,2024-03-25,granola coco y pasas fit graan 350 g,C,4990.0
4378,2024-03-25,helado de mora kulfi 1 l,C,13490.0
4389,2024-03-25,jamon de pollo premium brakel 250 g,C,6890.0
4392,2024-03-25,jugo de arandanos tree fruts 946 ml,C,9990.0
4398,2024-03-25,kumis entero dulce botella latti 1000 ml,C,7690.0
4400,2024-03-25,kumis vaso latti x 150ml,C,1990.0
4411,2024-03-25,leche entera tetra pak latti 200ml,C,1190.0
4428,2024-03-25,mezcla chocodivertida nuthos 45 gr,C,1750.0
4440,2024-03-25,mortadela cervecera viande 225g,C,4690.0
4443,2024-03-25,nachos crachos 200 g,C,3290.0
4445,2024-03-25,paleta de frutas treefruts 70 g 6 und,C,11490.0
4448,2024-03-25,papas fosforitos kythos 200 g,C,3290.0
4451,2024-03-25,papas fritas sabor natural kythos 115 g,C,3290.0
4458,2024-03-25,pasabocas surtidos docena kythos 12 unds,C,9990.0
4463,2024-03-25,platanitos maduros kythos 6 und 168 g,C,5490.0
4470,2024-03-25,ramen nissin sabor carne 85 g,C,2490.0
4476,2024-03-25,ron anejo cartavio black barrel 750 ml,C,30990.0
4487,2024-03-25,salchichon cerveroni x900g,C,19950.0
4491,2024-03-25,sexta papa natural kythos 25 g,C,5950.0
4506,2024-03-25,tortilla fajita crachos 12 und 360 g,C,5490.0
4507,2024-03-25,tortilla finas hierbas crachos 250g,C,4490.0
4518,2024-03-25,vino lambrusco don vitto surtido,C,19990.0
4519,2024-03-25,vino malbec los rios varietal,C,19990.0
4524,2024-03-25,vino tinto cabernet sauvignon reserva quinta la,C,21990.0
4526,2024-03-25,vino tinto carmenere reserva quinta las cabras,C,21990.0
4537,2024-03-25,yogurt griego mora latti 160 gr,C,3850.0
4542,2024-03-25,yogurt melocoton light vita latti 1000gr,C,8990.0
4552,2024-03-26,agua con gas limonada omi 600 ml,C,1250.0
4567,2024-03-26,alimento humedo para gatos whiskas 85 g,C,2690.0
4568,2024-03-26,alimento lacteo en polvo el rodeo nutririnde 2,C,9490.0
4571,2024-03-26,aros frutales fiocco 230 g,C,4290.0
4586,2024-03-26,bebida hidratante sabor mandarina drink a 600 m,C,1590.0
4594,2024-03-26,bebida lactea sabor mora latti 200 ml,C,1090.0
4612,2024-03-26,cerveza bahia 330 ml,C,1690.0
4615,2024-03-26,cerveza club colombia 269 ml,C,2190.0
4619,2024-03-26,chile con carne crachos 300 g,C,6550.0
4633,2024-03-26,costilla de cerdo red cut 500 g,C,10490.0
4636,2024-03-26,crispeta caramelo cheetos 72 g,C,2690.0
4651,2024-03-26,galleta 2 tacos ducales noel 241 grs,C,5490.0
4659,2024-03-26,galleta happy cream vainilla 12 pq 408g,C,6490.0
4670,2024-03-26,galleta sabor oliva y oregano greta 120 g,C,4990.0
4674,2024-03-26,galleta wafer cocosette 50 g,C,1750.0
4679,2024-03-26,galletas doble chocolate chalet 120 g,C,4590.0
4684,2024-03-26,galletas mini chips 8 pq 280g,C,8990.0
4686,2024-03-26,galletas para gatos magic friends 75g,C,2190.0
4694,2024-03-26,gaseosa coca cola pet 250ml,C,1790.0
4703,2024-03-26,gaseosa pony malta 2000ml,C,6590.0
4712,2024-03-26,granola coco y pasas fit graan 350 g,C,4990.0
4720,2024-03-26,helado de mora kulfi 1 l,C,13490.0
4731,2024-03-26,jamon de pollo premium brakel 250 g,C,6890.0
4734,2024-03-26,jugo de arandanos tree fruts 946 ml,C,9990.0
4740,2024-03-26,kumis entero dulce botella latti 1000 ml,C,7690.0
4742,2024-03-26,kumis vaso latti x 150ml,C,1990.0
4753,2024-03-26,leche entera tetra pak latti 200ml,C,1190.0
4769,2024-03-26,mezcla chocodivertida nuthos 45 gr,C,1750.0
4781,2024-03-26,mortadela cervecera viande 225g,C,4690.0
4784,2024-03-26,nachos crachos 200 g,C,3290.0
4786,2024-03-26,paleta de frutas treefruts 70 g 6 und,C,11490.0
4789,2024-03-26,papas fosforitos kythos 200 g,C,3290.0
4792,2024-03-26,papas fritas sabor natural kythos 115 g,C,3290.0
4799,2024-03-26,pasabocas surtidos docena kythos 12 unds,C,9990.0
4804,2024-03-26,platanitos maduros kythos 6 und 168 g,C,5490.0
4811,2024-03-26,ramen nissin sabor carne 85 g,C,2490.0
4817,2024-03-26,ron anejo cartavio black barrel 750 ml,C,30990.0
4827,2024-03-26,salchichon cerveroni x900g,C,19950.0
4831,2024-03-26,sexta papa natural kythos 25 g,C,5950.0
4846,2024-03-26,tortilla fajita crachos 12 und 360 g,C,5490.0
4847,2024-03-26,tortilla finas hierbas crachos 250g,C,4490.0
4858,2024-03-26,vino lambrusco don vitto surtido,C,19990.0
4859,2024-03-26,vino malbec los rios varietal,C,19990.0
4864,2024-03-26,vino tinto cabernet sauvignon reserva quinta la,C,21990.0
4866,2024-03-26,vino tinto carmenere reserva quinta las cabras,C,21990.0
4877,2024-03-26,yogurt griego mora latti 160 gr,C,3850.0
4882,2024-03-26,yogurt melocoton light vita latti 1000gr,C,8990.0
4892,2024-03-27,agua con gas limonada omi 600 ml,C,1250.0
4896,2024-03-27,agua saborizada limon omi 1700 ml,C,2390.0
4908,2024-03-27,alimento humedo para gatos whiskas 85 g,C,2690.0
4909,2024-03-27,alimento lacteo en polvo el rodeo nutririnde 2,C,9490.0
4912,2024-03-27,aros frutales fiocco 230 g,C,4290.0
4927,2024-03-27,bebida hidratante sabor mandarina drink a 600 m,C,1590.0
4935,2024-03-27,bebida lactea sabor mora latti 200 ml,C,1090.0
4953,2024-03-27,cerveza bahia 330 ml,C,1690.0
4956,2024-03-27,cerveza club colombia 269 ml,C,2190.0
4961,2024-03-27,chile con carne crachos 300 g,C,6550.0
4975,2024-03-27,costilla de cerdo red cut 500 g,C,10490.0
4978,2024-03-27,crispeta caramelo cheetos 72 g,C,2690.0
4993,2024-03-27,galleta 2 tacos ducales noel 241 grs,C,5490.0
5001,2024-03-27,galleta happy cream vainilla 12 pq 408g,C,6490.0
5012,2024-03-27,galleta sabor oliva y oregano greta 120 g,C,4990.0
5016,2024-03-27,galleta wafer cocosette 50 g,C,1750.0
5021,2024-03-27,galletas doble chocolate chalet 120 g,C,4590.0
5026,2024-03-27,galletas mini chips 8 pq 280g,C,8990.0
5028,2024-03-27,galletas para gatos magic friends 75g,C,2190.0
5036,2024-03-27,gaseosa coca cola pet 250ml,C,1790.0
5045,2024-03-27,gaseosa pony malta 2000ml,C,6590.0
5054,2024-03-27,granola coco y pasas fit graan 350 g,C,4990.0
5062,2024-03-27,helado de mora kulfi 1 l,C,13490.0
5073,2024-03-27,jamon de pollo premium brakel 250 g,C,6890.0
5076,2024-03-27,jugo de arandanos tree fruts 946 ml,C,9990.0
5082,2024-03-27,kumis entero dulce botella latti 1000 ml,C,7690.0
5084,2024-03-27,kumis vaso latti x 150ml,C,1990.0
5095,2024-03-27,leche entera tetra pak latti 200ml,C,1190.0
5112,2024-03-27,mezcla chocodivertida nuthos 45 gr,C,1750.0
5124,2024-03-27,mortadela cervecera viande 225g,C,4690.0
5127,2024-03-27,nachos crachos 200 g,C,3290.0
5129,2024-03-27,paleta de frutas treefruts 70 g 6 und,C,11490.0
5132,2024-03-27,papas fosforitos kythos 200 g,C,3290.0
5135,2024-03-27,papas fritas sabor natural kythos 115 g,C,3290.0
5142,2024-03-27,pasabocas surtidos docena kythos 12 unds,C,9990.0
5147,2024-03-27,platanitos maduros kythos 6 und 168 g,C,5490.0
5154,2024-03-27,ramen nissin sabor carne 85 g,C,2490.0
5160,2024-03-27,ron anejo cartavio black barrel 750 ml,C,30990.0
5170,2024-03-27,salchichon cerveroni x900g,C,19950.0
5174,2024-03-27,sexta papa natural kythos 25 g,C,5950.0
5188,2024-03-27,tortilla fajita crachos 12 und 360 g,C,5490.0
5189,2024-03-27,tortilla finas hierbas crachos 250g,C,4490.0
5200,2024-03-27,vino lambrusco don vitto surtido,C,19990.0
5201,2024-03-27,vino malbec los rios varietal,C,19990.0
5206,2024-03-27,vino tinto cabernet sauvignon reserva quinta la,C,21990.0
5208,2024-03-27,vino tinto carmenere reserva quinta las cabras,C,21990.0
5219,2024-03-27,yogurt griego mora latti 160 gr,C,3850.0
5224,2024-03-27,yogurt melocoton light vita latti 1000gr,C,8990.0
5234,2024-03-28,agua con gas limonada omi 600 ml,C,1250.0
5238,2024-03-28,agua saborizada limon omi 1700 ml,C,2390.0
5250,2024-03-28,alimento humedo para gatos whiskas 85 g,C,2690.0
5251,2024-03-28,alimento lacteo en polvo el rodeo nutririnde 2,C,9490.0
5254,2024-03-28,aros frutales fiocco 230 g,C,4290.0
5268,2024-03-28,bebida hidratante sabor mandarina drink a 600 m,C,1590.0
5276,2024-03-28,bebida lactea sabor mora latti 200 ml,C,1090.0
5294,2024-03-28,cerveza bahia 330 ml,C,1690.0
5297,2024-03-28,cerveza club colombia 269 ml,C,2190.0
5302,2024-03-28,chile con carne crachos 300 g,C,6550.0
5316,2024-03-28,costilla de cerdo red cut 500 g,C,10490.0
5319,2024-03-28,crispeta caramelo cheetos 72 g,C,2690.0
5334,2024-03-28,galleta 2 tacos ducales noel 241 grs,C,5490.0
5342,2024-03-28,galleta happy cream vainilla 12 pq 408g,C,6490.0
5353,2024-03-28,galleta sabor oliva y oregano greta 120 g,C,4990.0
5357,2024-03-28,galleta wafer cocosette 50 g,C,1750.0
5362,2024-03-28,galletas doble chocolate chalet 120 g,C,4590.0
5367,2024-03-28,galletas mini chips 8 pq 280g,C,8990.0
5369,2024-03-28,galletas para gatos magic friends 75g,C,2190.0
5377,2024-03-28,gaseosa coca cola pet 250ml,C,1790.0
5386,2024-03-28,gaseosa pony malta 2000ml,C,6590.0
5395,2024-03-28,granola coco y pasas fit graan 350 g,C,4990.0
5403,2024-03-28,helado de mora kulfi 1 l,C,13490.0
5414,2024-03-28,jamon de pollo premium brakel 250 g,C,6890.0
5416,2024-03-28,jugo de arandanos tree fruts 946 ml,C,9990.0
5422,2024-03-28,kumis entero dulce botella latti 1000 ml,C,7690.0
5424,2024-03-28,kumis vaso latti x 150ml,C,1990.0
5435,2024-03-28,leche entera tetra pak latti 200ml,C,1190.0
5453,2024-03-28,mezcla chocodivertida nuthos 45 gr,C,1750.0
5465,2024-03-28,mortadela cervecera viande 225g,C,4690.0
5468,2024-03-28,nachos crachos 200 g,C,3290.0
5470,2024-03-28,paleta de frutas treefruts 70 g 6 und,C,11490.0
5473,2024-03-28,papas fosforitos kythos 200 g,C,3290.0
5476,2024-03-28,papas fritas sabor natural kythos 115 g,C,3290.0
5483,2024-03-28,pasabocas surtidos docena kythos 12 unds,C,9990.0
5489,2024-03-28,platanitos maduros kythos 6 und 168 g,C,5490.0
5496,2024-03-28,ramen nissin sabor carne 85 g,C,2490.0
5502,2024-03-28,ron anejo cartavio black barrel 750 ml,C,30990.0
5513,2024-03-28,salchichon cerveroni x900g,C,19950.0
5517,2024-03-28,sexta papa natural kythos 25 g,C,5950.0
5531,2024-03-28,tortilla fajita crachos 12 und 360 g,C,5490.0
5532,2024-03-28,tortilla finas hierbas crachos 250g,C,4490.0
5543,2024-03-28,vino lambrusco don vitto surtido,C,19990.0
5544,2024-03-28,vino malbec los rios varietal,C,19990.0
5549,2024-03-28,vino tinto cabernet sauvignon reserva quinta la,C,21990.0
5551,2024-03-28,vino tinto carmenere reserva quinta las cabras,C,21990.0
5562,2024-03-28,yogurt griego mora latti 160 gr,C,3850.0
5567,2024-03-28,yogurt melocoton light vita latti 1000gr,C,8990.0
5577,2024-03-29,agua con gas limonada omi 600 ml,C,1250.0
5581,2024-03-29,agua saborizada limon omi 1700 ml,C,2390.0
5593,2024-03-29,alimento humedo para gatos whiskas 85 g,C,2690.0
5594,2024-03-29,alimento lacteo en polvo el rodeo nutririnde 2,C,9490.0
5597,2024-03-29,aros frutales fiocco 230 g,C,4290.0
5612,2024-03-29,bebida hidratante sabor mandarina drink a 600 m,C,1590.0
5620,2024-03-29,bebida lactea sabor mora latti 200 ml,C,1090.0
5638,2024-03-29,cerveza bahia 330 ml,C,1690.0
5641,2024-03-29,cerveza club colombia 269 ml,C,2190.0
5659,2024-03-29,costilla de cerdo red cut 500 g,C,10490.0
5662,2024-03-29,crispeta caramelo cheetos 72 g,C,2690.0
5677,2024-03-29,galleta 2 tacos ducales noel 241 grs,C,5490.0
5685,2024-03-29,galleta happy cream vainilla 12 pq 408g,C,6490.0
5696,2024-03-29,galleta sabor oliva y oregano greta 120 g,C,4990.0
5700,2024-03-29,galleta wafer cocosette 50 g,C,1750.0
5705,2024-03-29,galletas doble chocolate chalet 120 g,C,4590.0
5710,2024-03-29,galletas mini chips 8 pq 280g,C,8990.0
5712,2024-03-29,galletas para gatos magic friends 75g,C,2190.0
5720,2024-03-29,gaseosa coca cola pet 250ml,C,1790.0
5729,2024-03-29,gaseosa pony malta 2000ml,C,6590.0
5738,2024-03-29,granola coco y pasas fit graan 350 g,C,4990.0
5746,2024-03-29,helado de mora kulfi 1 l,C,13490.0
5757,2024-03-29,jamon de pollo premium brakel 250 g,C,6890.0
5760,2024-03-29,jugo de arandanos tree fruts 946 ml,C,9990.0
5766,2024-03-29,kumis entero dulce botella latti 1000 ml,C,7690.0
5768,2024-03-29,kumis vaso latti x 150ml,C,1990.0
5779,2024-03-29,leche entera tetra pak latti 200ml,C,1190.0
5796,2024-03-29,mezcla chocodivertida nuthos 45 gr,C,1750.0
5808,2024-03-29,mortadela cervecera viande 225g,C,4690.0
5811,2024-03-29,nachos crachos 200 g,C,3290.0
5813,2024-03-29,paleta de frutas treefruts 70 g 6 und,C,11490.0
5816,2024-03-29,papas fosforitos kythos 200 g,C,3290.0
5819,2024-03-29,papas fritas sabor natural kythos 115 g,C,3290.0
5826,2024-03-29,pasabocas surtidos docena kythos 12 unds,C,9990.0
5832,2024-03-29,platanitos maduros kythos 6 und 168 g,C,5490.0
5839,2024-03-29,ramen nissin sabor carne 85 g,C,2490.0
5845,2024-03-29,ron anejo cartavio black barrel 750 ml,C,30990.0
5856,2024-03-29,salchichon cerveroni x900g,C,19950.0
5860,2024-03-29,sexta papa natural kythos 25 g,C,5950.0
5874,2024-03-29,tortilla fajita crachos 12 und 360 g,C,5490.0
5875,2024-03-29,tortilla finas hierbas crachos 250g,C,4490.0
5886,2024-03-29,vino lambrusco don vitto surtido,C,19990.0
5887,2024-03-29,vino malbec los rios varietal,C,19990.0
5892,2024-03-29,vino tinto cabernet sauvignon reserva quinta la,C,21990.0
5894,2024-03-29,vino tinto carmenere reserva quinta las cabras,C,21990.0
5905,2024-03-29,yogurt griego mora latti 160 gr,C,3850.0
5910,2024-03-29,yogurt melocoton light vita latti 1000gr,C,8990.0
5920,2024-03-30,agua con gas limonada omi 600 ml,C,1250.0
5924,2024-03-30,agua saborizada limon omi 1700 ml,C,2390.0
5937,2024-03-30,alimento humedo para gatos whiskas 85 g,C,2690.0
5938,2024-03-30,alimento lacteo en polvo el rodeo nutririnde 2,C,9490.0
5941,2024-03-30,aros frutales fiocco 230 g,C,4290.0
5956,2024-03-30,bebida hidratante sabor mandarina drink a 600 m,C,1590.0
5964,2024-03-30,bebida lactea sabor mora latti 200 ml,C,1090.0
5982,2024-03-30,cerveza bahia 330 ml,C,1690.0
5985,2024-03-30,cerveza club colombia 269 ml,C,2190.0
5990,2024-03-30,chile con carne crachos 300 g,C,6550.0
6004,2024-03-30,costilla de cerdo red cut 500 g,C,10490.0
6007,2024-03-30,crispeta caramelo cheetos 72 g,C,2690.0
6022,2024-03-30,galleta 2 tacos ducales noel 241 grs,C,5490.0
6030,2024-03-30,galleta happy cream vainilla 12 pq 408g,C,6490.0
6041,2024-03-30,galleta sabor oliva y oregano greta 120 g,C,4990.0
6045,2024-03-30,galleta wafer cocosette 50 g,C,1750.0
6050,2024-03-30,galletas doble chocolate chalet 120 g,C,4590.0
6055,2024-03-30,galletas mini chips 8 pq 280g,C,8990.0
6057,2024-03-30,galletas para gatos magic friends 75g,C,2190.0
6065,2024-03-30,gaseosa coca cola pet 250ml,C,1790.0
6073,2024-03-30,gaseosa pony malta 2000ml,C,6590.0
6082,2024-03-30,granola coco y pasas fit graan 350 g,C,4990.0
6090,2024-03-30,helado de mora kulfi 1 l,C,13490.0
6101,2024-03-30,jamon de pollo premium brakel 250 g,C,6890.0
6104,2024-03-30,jugo de arandanos tree fruts 946 ml,C,9990.0
6110,2024-03-30,kumis entero dulce botella latti 1000 ml,C,7690.0
6112,2024-03-30,kumis vaso latti x 150ml,C,1990.0
6123,2024-03-30,leche entera tetra pak latti 200ml,C,1190.0
6141,2024-03-30,mezcla chocodivertida nuthos 45 gr,C,1750.0
6153,2024-03-30,mortadela cervecera viande 225g,C,4690.0
6156,2024-03-30,nachos crachos 200 g,C,3290.0
6158,2024-03-30,paleta de frutas treefruts 70 g 6 und,C,11490.0
6161,2024-03-30,papas fosforitos kythos 200 g,C,3290.0
6164,2024-03-30,papas fritas sabor natural kythos 115 g,C,3290.0
6171,2024-03-30,pasabocas surtidos docena kythos 12 unds,C,9990.0
6177,2024-03-30,platanitos maduros kythos 6 und 168 g,C,5490.0
6184,2024-03-30,ramen nissin sabor carne 85 g,C,2490.0
6190,2024-03-30,ron anejo cartavio black barrel 750 ml,C,30990.0
6201,2024-03-30,salchichon cerveroni x900g,C,19950.0
6205,2024-03-30,sexta papa natural kythos 25 g,C,5950.0
6220,2024-03-30,tortilla fajita crachos 12 und 360 g,C,5490.0
6221,2024-03-30,tortilla finas hierbas crachos 250g,C,4490.0
6232,2024-03-30,vino lambrusco don vitto surtido,C,19990.0
6233,2024-03-30,vino malbec los rios varietal,C,19990.0
6238,2024-03-30,vino tinto cabernet sauvignon reserva quinta la,C,21990.0
6240,2024-03-30,vino tinto carmenere reserva quinta las cabras,C,21990.0
6252,2024-03-30,yogurt griego mora latti 160 gr,C,3850.0
6257,2024-03-30,yogurt melocoton light vita latti 1000gr,C,8990.0
6267,2024-04-01,agua con gas limonada omi 600 ml,C,1250.0
6271,2024-04-01,agua saborizada limon omi 1700 ml,C,2390.0
6284,2024-04-01,alimento humedo para gatos whiskas 85 g,C,2690.0
6285,2024-04-01,alimento lacteo en polvo el rodeo nutririnde 2,C,9490.0
6288,2024-04-01,aros frutales fiocco 230 g,C,4290.0
6303,2024-04-01,bebida hidratante sabor mandarina drink a 600 m,C,1590.0
6311,2024-04-01,bebida lactea sabor mora latti 200 ml,C,1090.0
6328,2024-04-01,cerveza bahia 330 ml,C,1690.0
6331,2024-04-01,cerveza club colombia 269 ml,C,2190.0
6335,2024-04-01,chile con carne crachos 300 g,C,6550.0
6349,2024-04-01,costilla de cerdo red cut 500 g,C,10490.0
6352,2024-04-01,crispeta caramelo cheetos 72 g,C,2690.0
6367,2024-04-01,galleta 2 tacos ducales noel 241 grs,C,5490.0
6375,2024-04-01,galleta happy cream vainilla 12 pq 408g,C,6490.0
6385,2024-04-01,galleta sabor oliva y oregano greta 120 g,C,4990.0
6389,2024-04-01,galleta wafer cocosette 50 g,C,1750.0
6394,2024-04-01,galletas doble chocolate chalet 120 g,C,4590.0
6399,2024-04-01,galletas mini chips 8 pq 280g,C,8990.0
6401,2024-04-01,galletas para gatos magic friends 75g,C,2190.0
6409,2024-04-01,gaseosa coca cola pet 250ml,C,1790.0
6417,2024-04-01,gaseosa pony malta 2000ml,C,6590.0
6426,2024-04-01,granola coco y pasas fit graan 350 g,C,4990.0
6434,2024-04-01,helado de mora kulfi 1 l,C,13490.0
6446,2024-04-01,jamon de pollo premium brakel 250 g,C,6890.0
6449,2024-04-01,jugo de arandanos tree fruts 946 ml,C,9990.0
6455,2024-04-01,kumis entero dulce botella latti 1000 ml,C,7690.0
6457,2024-04-01,kumis vaso latti x 150ml,C,1990.0
6468,2024-04-01,leche entera tetra pak latti 200ml,C,1190.0
6486,2024-04-01,mezcla chocodivertida nuthos 45 gr,C,1750.0
6498,2024-04-01,mortadela cervecera viande 225g,C,4690.0
6501,2024-04-01,nachos crachos 200 g,C,3290.0
6503,2024-04-01,paleta de frutas treefruts 70 g 6 und,C,11490.0
6506,2024-04-01,papas fosforitos kythos 200 g,C,3290.0
6509,2024-04-01,papas fritas sabor natural kythos 115 g,C,3290.0
6516,2024-04-01,pasabocas surtidos docena kythos 12 unds,C,9990.0
6522,2024-04-01,platanitos maduros kythos 6 und 168 g,C,5490.0
6529,2024-04-01,ramen nissin sabor carne 85 g,C,2490.0
6535,2024-04-01,ron anejo cartavio black barrel 750 ml,C,30990.0
6546,2024-04-01,salchichon cerveroni x900g,C,19950.0
6552,2024-04-01,sexta papa natural kythos 25 g,C,5950.0
6567,2024-04-01,tortilla fajita crachos 12 und 360 g,C,5490.0
6568,2024-04-01,tortilla finas hierbas crachos 250g,C,4490.0
6579,2024-04-01,vino lambrusco don vitto surtido,C,19990.0
6580,2024-04-01,vino malbec los rios varietal,C,19990.0
6585,2024-04-01,vino tinto cabernet sauvignon reserva quinta la,C,21990.0
6587,2024-04-01,vino tinto carmenere reserva quinta las cabras,C,21990.0
6599,2024-04-01,yogurt griego mora latti 160 gr,C,3850.0
6604,2024-04-01,yogurt melocoton light vita latti 1000gr,C,8990.0
6614,2024-04-02,agua con gas limonada omi 600 ml,C,1250.0
6618,2024-04-02,agua saborizada limon omi 1700 ml,C,2390.0
6631,2024-04-02,alimento humedo para gatos whiskas 85 g,C,2690.0
6632,2024-04-02,alimento lacteo en polvo el rodeo nutririnde 2,C,9490.0
6635,2024-04-02,aros frutales fiocco 230 g,C,4290.0
6650,2024-04-02,bebida hidratante sabor mandarina drink a 600 m,C,1590.0
6658,2024-04-02,bebida lactea sabor mora latti 200 ml,C,1090.0
6675,2024-04-02,cerveza bahia 330 ml,C,1690.0
6678,2024-04-02,cerveza club colombia 269 ml,C,2190.0
6682,2024-04-02,chile con carne crachos 300 g,C,6550.0
6696,2024-04-02,costilla de cerdo red cut 500 g,C,10490.0
6699,2024-04-02,crispeta caramelo cheetos 72 g,C,2690.0
6714,2024-04-02,galleta 2 tacos ducales noel 241 grs,C,5490.0
6722,2024-04-02,galleta happy cream vainilla 12 pq 408g,C,6490.0
6733,2024-04-02,galleta sabor oliva y oregano greta 120 g,C,4990.0
6737,2024-04-02,galleta wafer cocosette 50 g,C,1750.0
6742,2024-04-02,galletas doble chocolate chalet 120 g,C,4590.0
6747,2024-04-02,galletas mini chips 8 pq 280g,C,8990.0
6749,2024-04-02,galletas para gatos magic friends 75g,C,2190.0
6757,2024-04-02,gaseosa coca cola pet 250ml,C,1790.0
6765,2024-04-02,gaseosa pony malta 2000ml,C,6590.0
6774,2024-04-02,granola coco y pasas fit graan 350 g,C,4990.0
6782,2024-04-02,helado de mora kulfi 1 l,C,13490.0
6794,2024-04-02,jamon de pollo premium brakel 250 g,C,6890.0
6797,2024-04-02,jugo de arandanos tree fruts 946 ml,C,9990.0
6803,2024-04-02,kumis entero dulce botella latti 1000 ml,C,7690.0
6805,2024-04-02,kumis vaso latti x 150ml,C,1990.0
6816,2024-04-02,leche entera tetra pak latti 200ml,C,1190.0
6834,2024-04-02,mezcla chocodivertida nuthos 45 gr,C,1750.0
6846,2024-04-02,mortadela cervecera viande 225g,C,4690.0
6849,2024-04-02,nachos crachos 200 g,C,3290.0
6851,2024-04-02,paleta de frutas treefruts 70 g 6 und,C,11490.0
6854,2024-04-02,papas fosforitos kythos 200 g,C,3290.0
6857,2024-04-02,papas fritas sabor natural kythos 115 g,C,3290.0
6864,2024-04-02,pasabocas surtidos docena kythos 12 unds,C,9990.0
6870,2024-04-02,platanitos maduros kythos 6 und 168 g,C,5490.0
6877,2024-04-02,ramen nissin sabor carne 85 g,C,2490.0
6883,2024-04-02,ron anejo cartavio black barrel 750 ml,C,30990.0
6894,2024-04-02,salchichon cerveroni x900g,C,19950.0
6900,2024-04-02,sexta papa natural kythos 25 g,C,5950.0
6915,2024-04-02,tortilla fajita crachos 12 und 360 g,C,5490.0
6916,2024-04-02,tortilla finas hierbas crachos 250g,C,4490.0
6927,2024-04-02,vino lambrusco don vitto surtido,C,19990.0
6928,2024-04-02,vino malbec los rios varietal,C,19990.0
6933,2024-04-02,vino tinto cabernet sauvignon reserva quinta la,C,21990.0
6935,2024-04-02,vino tinto carmenere reserva quinta las cabras,C,21990.0
6947,2024-04-02,yogurt griego mora latti 160 gr,C,3850.0
6952,2024-04-02,yogurt melocoton light vita latti 1000gr,C,8990.0
6962,2024-04-03,agua con gas limonada omi 600 ml,C,1250.0
6966,2024-04-03,agua saborizada limon omi 1700 ml,C,2390.0
6978,2024-04-03,alimento humedo para gatos whiskas 85 g,C,2690.0
6979,2024-04-03,alimento lacteo en polvo el rodeo nutririnde 2,C,9490.0
6982,2024-04-03,aros frutales fiocco 230 g,C,4290.0
6997,2024-04-03,bebida hidratante sabor mandarina drink a 600 m,C,1590.0
7005,2024-04-03,bebida lactea sabor mora latti 200 ml,C,1090.0
7020,2024-04-03,cerveza bahia 330 ml,C,1690.0
7023,2024-04-03,cerveza club colombia 269 ml,C,2190.0
7027,2024-04-03,chile con carne crachos 300 g,C,6550.0
7041,2024-04-03,costilla de cerdo red cut 500 g,C,10490.0
7044,2024-04-03,crispeta caramelo cheetos 72 g,C,2690.0
7058,2024-04-03,galleta 2 tacos ducales noel 241 grs,C,5490.0
7066,2024-04-03,galleta happy cream vainilla 12 pq 408g,C,6490.0
7076,2024-04-03,galleta sabor oliva y oregano greta 120 g,C,4990.0
7080,2024-04-03,galleta wafer cocosette 50 g,C,1750.0
7085,2024-04-03,galletas doble chocolate chalet 120 g,C,4590.0
7090,2024-04-03,galletas mini chips 8 pq 280g,C,8990.0
7092,2024-04-03,galletas para gatos magic friends 75g,C,2190.0
7100,2024-04-03,gaseosa coca cola pet 250ml,C,1790.0
7109,2024-04-03,gaseosa pony malta 2000ml,C,6590.0
7118,2024-04-03,granola coco y pasas fit graan 350 g,C,4990.0
7126,2024-04-03,helado de mora kulfi 1 l,C,13490.0
7138,2024-04-03,jamon de pollo premium brakel 250 g,C,6890.0
7141,2024-04-03,jugo de arandanos tree fruts 946 ml,C,9990.0
7146,2024-04-03,kumis entero dulce botella latti 1000 ml,C,7690.0
7148,2024-04-03,kumis vaso latti x 150ml,C,1990.0
7159,2024-04-03,leche entera tetra pak latti 200ml,C,1190.0
7177,2024-04-03,mezcla chocodivertida nuthos 45 gr,C,1750.0
7189,2024-04-03,mortadela cervecera viande 225g,C,4690.0
7192,2024-04-03,nachos crachos 200 g,C,3290.0
7194,2024-04-03,paleta de frutas treefruts 70 g 6 und,C,11490.0
7197,2024-04-03,papas fosforitos kythos 200 g,C,3290.0
7200,2024-04-03,papas fritas sabor natural kythos 115 g,C,3290.0
7207,2024-04-03,pasabocas surtidos docena kythos 12 unds,C,9990.0
7213,2024-04-03,platanitos maduros kythos 6 und 168 g,C,5490.0
7220,2024-04-03,ramen nissin sabor carne 85 g,C,2490.0
7226,2024-04-03,ron anejo cartavio black barrel 750 ml,C,30990.0
7237,2024-04-03,salchichon cerveroni x900g,C,19950.0
7243,2024-04-03,sexta papa natural kythos 25 g,C,5950.0
7258,2024-04-03,tortilla fajita crachos 12 und 360 g,C,5490.0
7259,2024-04-03,tortilla finas hierbas crachos 250g,C,4490.0
7270,2024-04-03,vino lambrusco don vitto surtido,C,19990.0
7271,2024-04-03,vino malbec los rios varietal,C,19990.0
7276,2024-04-03,vino tinto cabernet sauvignon reserva quinta la,C,21990.0
7278,2024-04-03,vino tinto carmenere reserva quinta las cabras,C,21990.0
7290,2024-04-03,yogurt griego mora latti 160 gr,C,3850.0
7295,2024-04-03,yogurt melocoton light vita latti 1000gr,C,8990.0
7302,2024-04-04,agua con gas limonada omi 600 ml,C,1250.0
7306,2024-04-04,agua saborizada limon omi 1700 ml,C,2390.0
7317,2024-04-04,alimento humedo para gatos whiskas 85 g,C,2690.0
7318,2024-04-04,alimento lacteo en polvo el rodeo nutririnde 2,C,9490.0
7321,2024-04-04,aros frutales fiocco 230 g,C,4290.0
7335,2024-04-04,bebida hidratante sabor mandarina drink a 600 m,C,1590.0
7356,2024-04-04,cerveza bahia 330 ml,C,1690.0
7359,2024-04-04,cerveza club colombia 269 ml,C,2190.0
7364,2024-04-04,chile con carne crachos 300 g,C,6550.0
7377,2024-04-04,costilla de cerdo red cut 500 g,C,10490.0
7380,2024-04-04,crispeta caramelo cheetos 72 g,C,2690.0
7394,2024-04-04,galleta 2 tacos ducales noel 241 grs,C,5490.0
7402,2024-04-04,galleta happy cream vainilla 12 pq 408g,C,6490.0
7412,2024-04-04,galleta sabor oliva y oregano greta 120 g,C,4990.0
7416,2024-04-04,galleta wafer cocosette 50 g,C,1750.0
7421,2024-04-04,galletas doble chocolate chalet 120 g,C,4590.0
7427,2024-04-04,galletas para gatos magic friends 75g,C,2190.0
7435,2024-04-04,gaseosa coca cola pet 250ml,C,1790.0
7444,2024-04-04,gaseosa pony malta 2000ml,C,6590.0
7453,2024-04-04,granola coco y pasas fit graan 350 g,C,4990.0
7461,2024-04-04,helado de mora kulfi 1 l,C,13490.0
7472,2024-04-04,jamon de pollo premium brakel 250 g,C,6890.0
7475,2024-04-04,jugo de arandanos tree fruts 946 ml,C,9990.0
7480,2024-04-04,kumis vaso latti x 150ml,C,1990.0
7491,2024-04-04,leche entera tetra pak latti 200ml,C,1190.0
7509,2024-04-04,mezcla chocodivertida nuthos 45 gr,C,1750.0
7521,2024-04-04,mortadela cervecera viande 225g,C,4690.0
7524,2024-04-04,nachos crachos 200 g,C,3290.0
7526,2024-04-04,paleta de frutas treefruts 70 g 6 und,C,11490.0
7529,2024-04-04,papas fosforitos kythos 200 g,C,3290.0
7532,2024-04-04,papas fritas sabor natural kythos 115 g,C,3290.0
7538,2024-04-04,pasabocas surtidos docena kythos 12 unds,C,9990.0
7543,2024-04-04,platanitos maduros kythos 6 und 168 g,C,5490.0
7550,2024-04-04,ramen nissin sabor carne 85 g,C,2490.0
7557,2024-04-04,ron anejo cartavio black barrel 750 ml,C,30990.0
7568,2024-04-04,salchichon cerveroni x900g,C,19950.0
7574,2024-04-04,sexta papa natural kythos 25 g,C,5950.0
7589,2024-04-04,tortilla fajita crachos 12 und 360 g,C,5490.0
7590,2024-04-04,tortilla finas hierbas crachos 250g,C,4490.0
7601,2024-04-04,vino lambrusco don vitto surtido,C,19990.0
7602,2024-04-04,vino malbec los rios varietal,C,19990.0
7607,2024-04-04,vino tinto cabernet sauvignon reserva quinta la,C,21990.0
7609,2024-04-04,vino tinto carmenere reserva quinta las cabras,C,21990.0
7621,2024-04-04,yogurt griego mora latti 160 gr,C,3850.0
7626,2024-04-04,yogurt melocoton light vita latti 1000gr,C,8990.0
7633,2024-04-05,agua con gas limonada omi 600 ml,C,1250.0
7637,2024-04-05,agua saborizada limon omi 1700 ml,C,2390.0
7648,2024-04-05,alimento humedo para gatos whiskas 85 g,C,2690.0
7649,2024-04-05,alimento lacteo en polvo el rodeo nutririnde 2,C,9490.0
7652,2024-04-05,aros frutales fiocco 230 g,C,4290.0
7666,2024-04-05,bebida hidratante sabor mandarina drink a 600 m,C,1590.0
7688,2024-04-05,cerveza bahia 330 ml,C,1690.0
7691,2024-04-05,cerveza club colombia 269 ml,C,2190.0
7696,2024-04-05,chile con carne crachos 300 g,C,6550.0
7708,2024-04-05,costilla de cerdo red cut 500 g,C,10490.0
7711,2024-04-05,crispeta caramelo cheetos 72 g,C,2690.0
7725,2024-04-05,galleta 2 tacos ducales noel 241 grs,C,5490.0
7733,2024-04-05,galleta happy cream vainilla 12 pq 408g,C,6490.0
7742,2024-04-05,galleta sabor oliva y oregano greta 120 g,C,4990.0
7746,2024-04-05,galleta wafer cocosette 50 g,C,1750.0
7751,2024-04-05,galletas doble chocolate chalet 120 g,C,4590.0
7756,2024-04-05,galletas para gatos magic friends 75g,C,2190.0
7764,2024-04-05,gaseosa coca cola pet 250ml,C,1790.0
7772,2024-04-05,gaseosa pony malta 2000ml,C,6590.0
7781,2024-04-05,granola coco y pasas fit graan 350 g,C,4990.0
7789,2024-04-05,helado de mora kulfi 1 l,C,13490.0
7800,2024-04-05,jamon de pollo premium brakel 250 g,C,6890.0
7803,2024-04-05,jugo de arandanos tree fruts 946 ml,C,9990.0
7818,2024-04-05,leche entera tetra pak latti 200ml,C,1190.0
7836,2024-04-05,mezcla chocodivertida nuthos 45 gr,C,1750.0
7848,2024-04-05,mortadela cervecera viande 225g,C,4690.0
7851,2024-04-05,nachos crachos 200 g,C,3290.0
7853,2024-04-05,paleta de frutas treefruts 70 g 6 und,C,11490.0
7858,2024-04-05,papas fritas sabor natural kythos 115 g,C,3290.0
7868,2024-04-05,platanitos maduros kythos 6 und 168 g,C,5490.0
7875,2024-04-05,ramen nissin sabor carne 85 g,C,2490.0
7882,2024-04-05,ron anejo cartavio black barrel 750 ml,C,30990.0
7893,2024-04-05,salchichon cerveroni x900g,C,19950.0
7899,2024-04-05,sexta papa natural kythos 25 g,C,5950.0
7914,2024-04-05,tortilla fajita crachos 12 und 360 g,C,5490.0
7915,2024-04-05,tortilla finas hierbas crachos 250g,C,4490.0
7926,2024-04-05,vino lambrusco don vitto surtido,C,19990.0
7927,2024-04-05,vino malbec los rios varietal,C,19990.0
7932,2024-04-05,vino tinto cabernet sauvignon reserva quinta la,C,21990.0
7934,2024-04-05,vino tinto carmenere reserva quinta las cabras,C,21990.0
7946,2024-04-05,yogurt griego mora latti 160 gr,C,3850.0
7951,2024-04-05,yogurt melocoton light vita latti 1000gr,C,8990.0
7958,2024-04-06,agua con gas limonada omi 600 ml,C,1250.0
7962,2024-04-06,agua saborizada limon omi 1700 ml,C,2390.0
7975,2024-04-06,alimento humedo para gatos whiskas 85 g,C,2690.0
7976,2024-04-06,alimento lacteo en polvo el rodeo nutririnde 2,C,9490.0
7979,2024-04-06,aros frutales fiocco 230 g,C,4490.0
7993,2024-04-06,bebida hidratante sabor mandarina drink a 600 m,C,1590.0
8016,2024-04-06,cerveza bahia 330 ml,C,1690.0
8019,2024-04-06,cerveza club colombia 269 ml,C,2190.0
8024,2024-04-06,chile con carne crachos 300 g,C,6550.0
8037,2024-04-06,costilla de cerdo red cut 500 g,C,10490.0
8040,2024-04-06,crispeta caramelo cheetos 72 g,C,2690.0
8054,2024-04-06,galleta 2 tacos ducales noel 241 grs,C,5490.0
8062,2024-04-06,galleta happy cream vainilla 12 pq 408g,C,6490.0
8071,2024-04-06,galleta sabor oliva y oregano greta 120 g,C,4990.0
8075,2024-04-06,galleta wafer cocosette 50 g,C,1750.0
8080,2024-04-06,galletas doble chocolate chalet 120 g,C,4590.0
8084,2024-04-06,galletas mini chips 8 pq 280g,C,8990.0
8086,2024-04-06,galletas para gatos magic friends 75g,C,2190.0
8094,2024-04-06,gaseosa coca cola pet 250ml,C,1790.0
8103,2024-04-06,gaseosa pony malta 2000ml,C,6590.0
8112,2024-04-06,granola coco y pasas fit graan 350 g,C,4990.0
8120,2024-04-06,helado de mora kulfi 1 l,C,13490.0
8132,2024-04-06,jamon de pollo premium brakel 250 g,C,6890.0
8135,2024-04-06,jugo de arandanos tree fruts 946 ml,C,9990.0
8141,2024-04-06,kumis entero dulce botella latti 1000 ml,C,7690.0
8143,2024-04-06,kumis vaso latti x 150ml,C,1990.0
8154,2024-04-06,leche entera tetra pak latti 200ml,C,1190.0
8172,2024-04-06,mezcla chocodivertida nuthos 45 gr,C,1750.0
8184,2024-04-06,mortadela cervecera viande 225g,C,4690.0
8187,2024-04-06,nachos crachos 200 g,C,3290.0
8189,2024-04-06,paleta de frutas treefruts 70 g 6 und,C,11490.0
8194,2024-04-06,papas fritas sabor natural kythos 115 g,C,3290.0
8201,2024-04-06,pasabocas surtidos docena kythos 12 unds,C,9990.0
8206,2024-04-06,platanitos maduros kythos 6 und 168 g,C,5490.0
8213,2024-04-06,ramen nissin sabor carne 85 g,C,2490.0
8220,2024-04-06,ron anejo cartavio black barrel 750 ml,C,30990.0
8231,2024-04-06,salchichon cerveroni x900g,C,19950.0
8237,2024-04-06,sexta papa natural kythos 25 g,C,5950.0
8252,2024-04-06,tortilla fajita crachos 12 und 360 g,C,5490.0
8253,2024-04-06,tortilla finas hierbas crachos 250g,C,4490.0
8264,2024-04-06,vino lambrusco don vitto surtido,C,19990.0
8265,2024-04-06,vino malbec los rios varietal,C,19990.0
8270,2024-04-06,vino tinto cabernet sauvignon reserva quinta la,C,21990.0
8272,2024-04-06,vino tinto carmenere reserva quinta las cabras,C,21990.0
8284,2024-04-06,yogurt griego mora latti 160 gr,C,3850.0
8289,2024-04-06,yogurt melocoton light vita latti 1000gr,C,8990.0
8296,2024-04-09,agua con gas limonada omi 600 ml,C,1250.0
8300,2024-04-09,agua saborizada limon omi 1700 ml,C,2390.0
8312,2024-04-09,alimento humedo para gatos whiskas 85 g,C,2690.0
8313,2024-04-09,alimento lacteo en polvo el rodeo nutririnde 2,C,9490.0
8316,2024-04-09,aros frutales fiocco 230 g,C,4490.0
8329,2024-04-09,bebida hidratante sabor mandarina drink a 600 m,C,1590.0
8352,2024-04-09,cerveza bahia 330 ml,C,1690.0
8355,2024-04-09,cerveza club colombia 269 ml,C,2190.0
8360,2024-04-09,chile con carne crachos 300 g,C,6550.0
8373,2024-04-09,costilla de cerdo red cut 500 g,C,10490.0
8376,2024-04-09,crispeta caramelo cheetos 72 g,C,2690.0
8389,2024-04-09,galleta 2 tacos ducales noel 241 grs,C,5490.0
8406,2024-04-09,galleta sabor oliva y oregano greta 120 g,C,4990.0
8410,2024-04-09,galleta wafer cocosette 50 g,C,1750.0
8415,2024-04-09,galletas doble chocolate chalet 120 g,C,4590.0
8419,2024-04-09,galletas mini chips 8 pq 280g,C,8990.0
8421,2024-04-09,galletas para gatos magic friends 75g,C,2190.0
8429,2024-04-09,gaseosa coca cola pet 250ml,C,1790.0
8438,2024-04-09,gaseosa pony malta 2000ml,C,6590.0
8447,2024-04-09,granola coco y pasas fit graan 350 g,C,4990.0
8455,2024-04-09,helado de mora kulfi 1 l,C,13490.0
8462,2024-04-09,jamon asado al horno centurion 100g,C,8990.0
8468,2024-04-09,jamon de pollo premium brakel 250 g,C,6890.0
8471,2024-04-09,jugo de arandanos tree fruts 946 ml,C,9990.0
8477,2024-04-09,kumis entero dulce botella latti 1000 ml,C,7690.0
8479,2024-04-09,kumis vaso latti x 150ml,C,1990.0
8490,2024-04-09,leche entera tetra pak latti 200ml,C,1190.0
8508,2024-04-09,mezcla chocodivertida nuthos 45 gr,C,1750.0
8520,2024-04-09,mortadela cervecera viande 225g,C,4690.0
8523,2024-04-09,nachos crachos 200 g,C,3290.0
8525,2024-04-09,paleta de frutas treefruts 70 g 6 und,C,11490.0
8530,2024-04-09,papas fritas sabor natural kythos 115 g,C,3290.0
8537,2024-04-09,pasabocas surtidos docena kythos 12 unds,C,9990.0
8543,2024-04-09,platanitos maduros kythos 6 und 168 g,C,5490.0
8550,2024-04-09,ramen nissin sabor carne 85 g,C,2490.0
8557,2024-04-09,ron anejo cartavio black barrel 750 ml,C,30990.0
8568,2024-04-09,salchichon cerveroni x900g,C,19950.0
8573,2024-04-09,sexta papa natural kythos 25 g,C,5950.0
8587,2024-04-09,tortilla fajita crachos 12 und 360 g,C,5490.0
8588,2024-04-09,tortilla finas hierbas crachos 250g,C,4490.0
8599,2024-04-09,vino lambrusco don vitto surtido,C,19990.0
8600,2024-04-09,vino malbec los rios varietal,C,19990.0
8605,2024-04-09,vino tinto cabernet sauvignon reserva quinta la,C,21990.0
8607,2024-04-09,vino tinto carmenere reserva quinta las cabras,C,21990.0
8619,2024-04-09,yogurt griego mora latti 160 gr,C,3850.0
8624,2024-04-09,yogurt melocoton light vita latti 1000gr,C,8990.0
8632,2024-04-11,agua con gas limonada omi 600 ml,C,1250.0
8636,2024-04-11,agua saborizada limon omi 1700 ml,C,2390.0
8648,2024-04-11,alimento humedo para gatos whiskas 85 g,C,2690.0
8649,2024-04-11,alimento lacteo en polvo el rodeo nutririnde 2,C,9490.0
8652,2024-04-11,aros frutales fiocco 230 g,C,4490.0
8665,2024-04-11,bebida hidratante sabor mandarina drink a 600 m,C,1590.0
8687,2024-04-11,cerveza bahia 330 ml,C,1690.0
8690,2024-04-11,cerveza club colombia 269 ml,C,2190.0
8707,2024-04-11,costilla de cerdo red cut 500 g,C,10490.0
8710,2024-04-11,crispeta caramelo cheetos 72 g,C,2690.0
8723,2024-04-11,galleta 2 tacos ducales noel 241 grs,C,5490.0
8740,2024-04-11,galleta sabor oliva y oregano greta 120 g,C,4990.0
8744,2024-04-11,galleta wafer cocosette 50 g,C,1750.0
8749,2024-04-11,galletas doble chocolate chalet 120 g,C,4590.0
8753,2024-04-11,galletas mini chips 8 pq 280g,C,8990.0
8755,2024-04-11,galletas para gatos magic friends 75g,C,2190.0
8763,2024-04-11,gaseosa coca cola pet 250ml,C,1790.0
8772,2024-04-11,gaseosa pony malta 2000ml,C,6590.0
8781,2024-04-11,granola coco y pasas fit graan 350 g,C,4990.0
8789,2024-04-11,helado de mora kulfi 1 l,C,13490.0
8796,2024-04-11,jamon asado al horno centurion 100g,C,8990.0
8802,2024-04-11,jamon de pollo premium brakel 250 g,C,6890.0
8805,2024-04-11,jugo de arandanos tree fruts 946 ml,C,9990.0
8811,2024-04-11,kumis entero dulce botella latti 1000 ml,C,7690.0
8822,2024-04-11,leche entera tetra pak latti 200ml,C,1190.0
8840,2024-04-11,mezcla chocodivertida nuthos 45 gr,C,1750.0
8852,2024-04-11,mortadela cervecera viande 225g,C,4690.0
8854,2024-04-11,nachos crachos 200 g,C,3290.0
8856,2024-04-11,paleta de frutas treefruts 70 g 6 und,C,11490.0
8859,2024-04-11,papas fosforitos kythos 200 g,C,3290.0
8862,2024-04-11,papas fritas sabor natural kythos 115 g,C,3290.0
8869,2024-04-11,pasabocas surtidos docena kythos 12 unds,C,9990.0
8875,2024-04-11,platanitos maduros kythos 6 und 168 g,C,5490.0
8882,2024-04-11,ramen nissin sabor carne 85 g,C,2490.0
8889,2024-04-11,ron anejo cartavio black barrel 750 ml,C,30990.0
8900,2024-04-11,salchichon cerveroni x900g,C,19950.0
8905,2024-04-11,sexta papa natural kythos 25 g,C,5950.0
8919,2024-04-11,tortilla fajita crachos 12 und 360 g,C,5490.0
8920,2024-04-11,tortilla finas hierbas crachos 250g,C,4490.0
8931,2024-04-11,vino lambrusco don vitto surtido,C,19990.0
8932,2024-04-11,vino malbec los rios varietal,C,19990.0
8937,2024-04-11,vino tinto cabernet sauvignon reserva quinta la,C,21990.0
8939,2024-04-11,vino tinto carmenere reserva quinta las cabras,C,21990.0
8951,2024-04-11,yogurt griego mora latti 160 gr,C,3850.0
8956,2024-04-11,yogurt melocoton light vita latti 1000gr,C,8990.0
8964,2024-04-12,agua con gas limonada omi 600 ml,C,1250.0
8968,2024-04-12,agua saborizada limon omi 1700 ml,C,2390.0
8980,2024-04-12,alimento humedo para gatos whiskas 85 g,C,2690.0
8981,2024-04-12,alimento lacteo en polvo el rodeo nutririnde 2,C,9490.0
8985,2024-04-12,aros frutales fiocco 230 g,C,4490.0
8998,2024-04-12,bebida hidratante sabor mandarina drink a 600 m,C,1590.0
9019,2024-04-12,cerveza bahia 330 ml,C,1690.0
9022,2024-04-12,cerveza club colombia 269 ml,C,2190.0
9026,2024-04-12,chile con carne crachos 300 g,C,6550.0
9038,2024-04-12,costilla de cerdo red cut 500 g,C,10490.0
9041,2024-04-12,crispeta caramelo cheetos 72 g,C,2690.0
9054,2024-04-12,galleta 2 tacos ducales noel 241 grs,C,5490.0
9062,2024-04-12,galleta happy cream vainilla 12 pq 408g,C,6490.0
9072,2024-04-12,galleta sabor oliva y oregano greta 120 g,C,4990.0
9076,2024-04-12,galleta wafer cocosette 50 g,C,1750.0
9081,2024-04-12,galletas doble chocolate chalet 120 g,C,4590.0
9084,2024-04-12,galletas mini chips 8 pq 280g,C,8990.0
9086,2024-04-12,galletas para gatos magic friends 75g,C,2190.0
9094,2024-04-12,gaseosa coca cola pet 250ml,C,1790.0
9103,2024-04-12,gaseosa pony malta 2000ml,C,6590.0
9112,2024-04-12,granola coco y pasas fit graan 350 g,C,4990.0
9120,2024-04-12,helado de mora kulfi 1 l,C,13490.0
9127,2024-04-12,jamon asado al horno centurion 100g,C,8990.0
9133,2024-04-12,jamon de pollo premium brakel 250 g,C,6890.0
9136,2024-04-12,jugo de arandanos tree fruts 946 ml,C,9990.0
9142,2024-04-12,kumis entero dulce botella latti 1000 ml,C,7690.0
9154,2024-04-12,leche entera tetra pak latti 200ml,C,1190.0
9172,2024-04-12,mezcla chocodivertida nuthos 45 gr,C,1750.0
9184,2024-04-12,mortadela cervecera viande 225g,C,4690.0
9186,2024-04-12,nachos crachos 200 g,C,3290.0
9188,2024-04-12,paleta de frutas treefruts 70 g 6 und,C,11490.0
9191,2024-04-12,papas fosforitos kythos 200 g,C,3290.0
9194,2024-04-12,papas fritas sabor natural kythos 115 g,C,3290.0
9201,2024-04-12,pasabocas surtidos docena kythos 12 unds,C,9990.0
9207,2024-04-12,platanitos maduros kythos 6 und 168 g,C,5490.0
9213,2024-04-12,ramen nissin sabor carne 85 g,C,2490.0
9220,2024-04-12,ron anejo cartavio black barrel 750 ml,C,30990.0
9231,2024-04-12,salchichon cerveroni x900g,C,19950.0
9236,2024-04-12,sexta papa natural kythos 25 g,C,5950.0
9251,2024-04-12,tortilla fajita crachos 12 und 360 g,C,5490.0
9252,2024-04-12,tortilla finas hierbas crachos 250g,C,4490.0
9263,2024-04-12,vino lambrusco don vitto surtido,C,19990.0
9264,2024-04-12,vino malbec los rios varietal,C,19990.0
9269,2024-04-12,vino tinto cabernet sauvignon reserva quinta la,C,21990.0
9271,2024-04-12,vino tinto carmenere reserva quinta las cabras,C,21990.0
9283,2024-04-12,yogurt griego mora latti 160 gr,C,3850.0
9288,2024-04-12,yogurt melocoton light vita latti 1000gr,C,8990.0
9296,2024-04-13,agua con gas limonada omi 600 ml,C,1250.0
9300,2024-04-13,agua saborizada limon omi 1700 ml,C,2390.0
9312,2024-04-13,alimento humedo para gatos whiskas 85 g,C,2690.0
9313,2024-04-13,alimento lacteo en polvo el rodeo nutririnde 2,C,9490.0
9317,2024-04-13,aros frutales fiocco 230 g,C,4490.0
9331,2024-04-13,bebida hidratante sabor mandarina drink a 600 m,C,1590.0
9337,2024-04-13,bebida lactea sabor mora latti 200 ml,C,1090.0
9354,2024-04-13,cerveza bahia 330 ml,C,1690.0
9357,2024-04-13,cerveza club colombia 269 ml,C,2190.0
9361,2024-04-13,chile con carne crachos 300 g,C,6550.0
9374,2024-04-13,costilla de cerdo red cut 500 g,C,10490.0
9377,2024-04-13,crispeta caramelo cheetos 72 g,C,2690.0
9391,2024-04-13,galleta 2 tacos ducales noel 241 grs,C,5490.0
9399,2024-04-13,galleta happy cream vainilla 12 pq 408g,C,6490.0
9409,2024-04-13,galleta sabor oliva y oregano greta 120 g,C,4990.0
9413,2024-04-13,galleta wafer cocosette 50 g,C,1750.0
9418,2024-04-13,galletas doble chocolate chalet 120 g,C,4590.0
9421,2024-04-13,galletas mini chips 8 pq 280g,C,8990.0
9423,2024-04-13,galletas para gatos magic friends 75g,C,2190.0
9431,2024-04-13,gaseosa coca cola pet 250ml,C,1790.0
9439,2024-04-13,gaseosa pony malta 2000ml,C,6590.0
9448,2024-04-13,granola coco y pasas fit graan 350 g,C,4990.0
9456,2024-04-13,helado de mora kulfi 1 l,C,13490.0
9463,2024-04-13,jamon asado al horno centurion 100g,C,8990.0
9469,2024-04-13,jamon de pollo premium brakel 250 g,C,6890.0
9472,2024-04-13,jugo de arandanos tree fruts 946 ml,C,9990.0
9478,2024-04-13,kumis entero dulce botella latti 1000 ml,C,7690.0
9490,2024-04-13,leche entera tetra pak latti 200ml,C,1190.0
9508,2024-04-13,mezcla chocodivertida nuthos 45 gr,C,1750.0
9520,2024-04-13,mortadela cervecera viande 225g,C,4690.0
9523,2024-04-13,nachos crachos 200 g,C,3290.0
9525,2024-04-13,paleta de frutas treefruts 70 g 6 und,C,11490.0
9528,2024-04-13,papas fosforitos kythos 200 g,C,3290.0
9531,2024-04-13,papas fritas sabor natural kythos 115 g,C,3290.0
9538,2024-04-13,pasabocas surtidos docena kythos 12 unds,C,9990.0
9544,2024-04-13,platanitos maduros kythos 6 und 168 g,C,5490.0
9551,2024-04-13,ramen nissin sabor carne 85 g,C,2490.0
9558,2024-04-13,ron anejo cartavio black barrel 750 ml,C,30990.0
9569,2024-04-13,salchichon cerveroni x900g,C,19950.0
9574,2024-04-13,sexta papa natural kythos 25 g,C,5950.0
9589,2024-04-13,tortilla fajita crachos 12 und 360 g,C,5490.0
9590,2024-04-13,tortilla finas hierbas crachos 250g,C,4490.0
9601,2024-04-13,vino lambrusco don vitto surtido,C,19990.0
9602,2024-04-13,vino malbec los rios varietal,C,19990.0
9607,2024-04-13,vino tinto cabernet sauvignon reserva quinta la,C,21990.0
9609,2024-04-13,vino tinto carmenere reserva quinta las cabras,C,21990.0
9621,2024-04-13,yogurt griego mora latti 160 gr,C,3850.0
9626,2024-04-13,yogurt melocoton light vita latti 1000gr,C,8990.0
9634,2024-04-14,agua con gas limonada omi 600 ml,C,1250.0
9638,2024-04-14,agua saborizada limon omi 1700 ml,C,2390.0
9650,2024-04-14,alimento humedo para gatos whiskas 85 g,C,2690.0
9651,2024-04-14,alimento lacteo en polvo el rodeo nutririnde 2,C,9490.0
9655,2024-04-14,aros frutales fiocco 230 g,C,4490.0
9669,2024-04-14,bebida hidratante sabor mandarina drink a 600 m,C,1590.0
9675,2024-04-14,bebida lactea sabor mora latti 200 ml,C,1090.0
9692,2024-04-14,cerveza bahia 330 ml,C,1690.0
9695,2024-04-14,cerveza club colombia 269 ml,C,2190.0
9699,2024-04-14,chile con carne crachos 300 g,C,6550.0
9712,2024-04-14,costilla de cerdo red cut 500 g,C,10490.0
9715,2024-04-14,crispeta caramelo cheetos 72 g,C,2690.0
9729,2024-04-14,galleta 2 tacos ducales noel 241 grs,C,5490.0
9737,2024-04-14,galleta happy cream vainilla 12 pq 408g,C,6490.0
9747,2024-04-14,galleta sabor oliva y oregano greta 120 g,C,4990.0
9751,2024-04-14,galleta wafer cocosette 50 g,C,1750.0
9756,2024-04-14,galletas doble chocolate chalet 120 g,C,4590.0
9759,2024-04-14,galletas mini chips 8 pq 280g,C,8990.0
9761,2024-04-14,galletas para gatos magic friends 75g,C,2190.0
9769,2024-04-14,gaseosa coca cola pet 250ml,C,1790.0
9777,2024-04-14,gaseosa pony malta 2000ml,C,6590.0
9786,2024-04-14,granola coco y pasas fit graan 350 g,C,4990.0
9794,2024-04-14,helado de mora kulfi 1 l,C,13490.0
9801,2024-04-14,jamon asado al horno centurion 100g,C,8990.0
9807,2024-04-14,jamon de pollo premium brakel 250 g,C,6890.0
9810,2024-04-14,jugo de arandanos tree fruts 946 ml,C,9990.0
9816,2024-04-14,kumis entero dulce botella latti 1000 ml,C,7690.0
9828,2024-04-14,leche entera tetra pak latti 200ml,C,1190.0
9846,2024-04-14,mezcla chocodivertida nuthos 45 gr,C,1750.0
9858,2024-04-14,mortadela cervecera viande 225g,C,4690.0
9861,2024-04-14,nachos crachos 200 g,C,3290.0
9863,2024-04-14,paleta de frutas treefruts 70 g 6 und,C,11490.0
9866,2024-04-14,papas fosforitos kythos 200 g,C,3290.0
9869,2024-04-14,papas fritas sabor natural kythos 115 g,C,3290.0
9876,2024-04-14,pasabocas surtidos docena kythos 12 unds,C,9990.0
9882,2024-04-14,platanitos maduros kythos 6 und 168 g,C,5490.0
9889,2024-04-14,ramen nissin sabor carne 85 g,C,2490.0
9896,2024-04-14,ron anejo cartavio black barrel 750 ml,C,30990.0
9907,2024-04-14,salchichon cerveroni x900g,C,19950.0
9912,2024-04-14,sexta papa natural kythos 25 g,C,5950.0
9927,2024-04-14,tortilla fajita crachos 12 und 360 g,C,5490.0
9928,2024-04-14,tortilla finas hierbas crachos 250g,C,4490.0
9939,2024-04-14,vino lambrusco don vitto surtido,C,19990.0
9940,2024-04-14,vino malbec los rios varietal,C,19990.0
9945,2024-04-14,vino tinto cabernet sauvignon reserva quinta la,C,21990.0
9947,2024-04-14,vino tinto carmenere reserva quinta las cabras,C,21990.0
9959,2024-04-14,yogurt griego mora latti 160 gr,C,3850.0
9964,2024-04-14,yogurt melocoton light vita latti 1000gr,C,8990.0
9972,2024-04-15,agua con gas limonada omi 600 ml,C,1250.0
9976,2024-04-15,agua saborizada limon omi 1700 ml,C,2390.0
9988,2024-04-15,alimento humedo para gatos whiskas 85 g,C,2690.0
9989,2024-04-15,alimento lacteo en polvo el rodeo nutririnde 2,C,9490.0
9993,2024-04-15,aros frutales fiocco 230 g,C,4490.0
10007,2024-04-15,bebida hidratante sabor mandarina drink a 600 m,C,1590.0
10014,2024-04-15,bebida lactea sabor mora latti 200 ml,C,1090.0
10031,2024-04-15,cerveza bahia 330 ml,C,1690.0
10034,2024-04-15,cerveza club colombia 269 ml,C,2190.0
10039,2024-04-15,chile con carne crachos 300 g,C,6550.0
10052,2024-04-15,costilla de cerdo red cut 500 g,C,10490.0
10055,2024-04-15,crispeta caramelo cheetos 72 g,C,2690.0
10068,2024-04-15,galleta 2 tacos ducales noel 241 grs,C,5490.0
10076,2024-04-15,galleta happy cream vainilla 12 pq 408g,C,6490.0
10086,2024-04-15,galleta sabor oliva y oregano greta 120 g,C,4990.0
10090,2024-04-15,galleta wafer cocosette 50 g,C,1750.0
10095,2024-04-15,galletas doble chocolate chalet 120 g,C,4590.0
10099,2024-04-15,galletas mini chips 8 pq 280g,C,8990.0
10101,2024-04-15,galletas para gatos magic friends 75g,C,2190.0
10109,2024-04-15,gaseosa coca cola pet 250ml,C,1790.0
10117,2024-04-15,gaseosa pony malta 2000ml,C,6590.0
10126,2024-04-15,granola coco y pasas fit graan 350 g,C,4990.0
10134,2024-04-15,helado de mora kulfi 1 l,C,13490.0
10141,2024-04-15,jamon asado al horno centurion 100g,C,8990.0
10147,2024-04-15,jamon de pollo premium brakel 250 g,C,6890.0
10150,2024-04-15,jugo de arandanos tree fruts 946 ml,C,9990.0
10156,2024-04-15,kumis entero dulce botella latti 1000 ml,C,7690.0
10168,2024-04-15,leche entera tetra pak latti 200ml,C,1190.0
10186,2024-04-15,mezcla chocodivertida nuthos 45 gr,C,1750.0
10198,2024-04-15,mortadela cervecera viande 225g,C,4690.0
10201,2024-04-15,nachos crachos 200 g,C,3290.0
10203,2024-04-15,paleta de frutas treefruts 70 g 6 und,C,11490.0
10206,2024-04-15,papas fosforitos kythos 200 g,C,3290.0
10209,2024-04-15,papas fritas sabor natural kythos 115 g,C,3290.0
10216,2024-04-15,pasabocas surtidos docena kythos 12 unds,C,9990.0
10221,2024-04-15,platanitos maduros kythos 6 und 168 g,C,5490.0
10228,2024-04-15,ramen nissin sabor carne 85 g,C,2490.0
10235,2024-04-15,ron anejo cartavio black barrel 750 ml,C,30990.0
10246,2024-04-15,salchichon cerveroni x900g,C,19950.0
10251,2024-04-15,sexta papa natural kythos 25 g,C,5950.0
10266,2024-04-15,tortilla fajita crachos 12 und 360 g,C,5490.0
10267,2024-04-15,tortilla finas hierbas crachos 250g,C,4490.0
10278,2024-04-15,vino lambrusco don vitto surtido,C,19990.0
10279,2024-04-15,vino malbec los rios varietal,C,19990.0
10284,2024-04-15,vino tinto cabernet sauvignon reserva quinta la,C,21990.0
10286,2024-04-15,vino tinto carmenere reserva quinta las cabras,C,21990.0
10298,2024-04-15,yogurt griego mora latti 160 gr,C,3850.0
10308,2024-04-16,agua con gas limonada omi 600 ml,C,1250.0
10312,2024-04-16,agua saborizada limon omi 1700 ml,C,2390.0
10324,2024-04-16,alimento humedo para gatos whiskas 85 g,C,2690.0
10325,2024-04-16,alimento lacteo en polvo el rodeo nutririnde 2,C,9490.0
10329,2024-04-16,aros frutales fiocco 230 g,C,4490.0
10343,2024-04-16,bebida hidratante sabor mandarina drink a 600 m,C,1590.0
10350,2024-04-16,bebida lactea sabor mora latti 200 ml,C,1090.0
10367,2024-04-16,cerveza bahia 330 ml,C,1690.0
10370,2024-04-16,cerveza club colombia 269 ml,C,2190.0
10375,2024-04-16,chile con carne crachos 300 g,C,6550.0
10389,2024-04-16,costilla de cerdo red cut 500 g,C,10490.0
10392,2024-04-16,crispeta caramelo cheetos 72 g,C,2690.0
10406,2024-04-16,galleta 2 tacos ducales noel 241 grs,C,5490.0
10414,2024-04-16,galleta happy cream vainilla 12 pq 408g,C,6490.0
10424,2024-04-16,galleta sabor oliva y oregano greta 120 g,C,4990.0
10428,2024-04-16,galleta wafer cocosette 50 g,C,1750.0
10433,2024-04-16,galletas doble chocolate chalet 120 g,C,4590.0
10438,2024-04-16,galletas mini chips 8 pq 280g,C,8990.0
10440,2024-04-16,galletas para gatos magic friends 75g,C,2190.0
10448,2024-04-16,gaseosa coca cola pet 250ml,C,1790.0
10465,2024-04-16,granola coco y pasas fit graan 350 g,C,4990.0
10473,2024-04-16,helado de mora kulfi 1 l,C,13490.0
10480,2024-04-16,jamon asado al horno centurion 100g,C,8990.0
10486,2024-04-16,jamon de pollo premium brakel 250 g,C,6890.0
10489,2024-04-16,jugo de arandanos tree fruts 946 ml,C,9990.0
10495,2024-04-16,kumis entero dulce botella latti 1000 ml,C,7690.0
10497,2024-04-16,kumis vaso latti x 150ml,C,1990.0
10508,2024-04-16,leche entera tetra pak latti 200ml,C,1190.0
10526,2024-04-16,mezcla chocodivertida nuthos 45 gr,C,1750.0
10538,2024-04-16,mortadela cervecera viande 225g,C,4690.0
10541,2024-04-16,nachos crachos 200 g,C,3290.0
10543,2024-04-16,paleta de frutas treefruts 70 g 6 und,C,11490.0
10546,2024-04-16,papas fosforitos kythos 200 g,C,3290.0
10549,2024-04-16,papas fritas sabor natural kythos 115 g,C,3290.0
10556,2024-04-16,pasabocas surtidos docena kythos 12 unds,C,9990.0
10562,2024-04-16,platanitos maduros kythos 6 und 168 g,C,5490.0
10569,2024-04-16,ramen nissin sabor carne 85 g,C,2490.0
10576,2024-04-16,ron anejo cartavio black barrel 750 ml,C,30990.0
10587,2024-04-16,salchichon cerveroni x900g,C,19950.0
10592,2024-04-16,sexta papa natural kythos 25 g,C,5950.0
10607,2024-04-16,tortilla fajita crachos 12 und 360 g,C,5490.0
10608,2024-04-16,tortilla finas hierbas crachos 250g,C,4490.0
10619,2024-04-16,vino lambrusco don vitto surtido,C,19990.0
10620,2024-04-16,vino malbec los rios varietal,C,19990.0
10625,2024-04-16,vino tinto cabernet sauvignon reserva quinta la,C,21990.0
10627,2024-04-16,vino tinto carmenere reserva quinta las cabras,C,21990.0
10640,2024-04-16,yogurt griego mora latti 160 gr,C,3850.0
10645,2024-04-16,yogurt melocoton light vita latti 1000gr,C,8990.0
10652,2024-04-17,agua con gas limonada omi 600 ml,C,1250.0
10656,2024-04-17,agua saborizada limon omi 1700 ml,C,2390.0
10669,2024-04-17,alimento humedo para gatos whiskas 85 g,C,2690.0
10670,2024-04-17,alimento lacteo en polvo el rodeo nutririnde 2,C,9490.0
10674,2024-04-17,aros frutales fiocco 230 g,C,4490.0
10688,2024-04-17,bebida hidratante sabor mandarina drink a 600 m,C,1590.0
10696,2024-04-17,bebida lactea sabor mora latti 200 ml,C,1090.0
10713,2024-04-17,cerveza bahia 330 ml,C,1690.0
10716,2024-04-17,cerveza club colombia 269 ml,C,2190.0
10721,2024-04-17,chile con carne crachos 300 g,C,6550.0
10735,2024-04-17,costilla de cerdo red cut 500 g,C,10490.0
10738,2024-04-17,crispeta caramelo cheetos 72 g,C,2690.0
10752,2024-04-17,galleta 2 tacos ducales noel 241 grs,C,5490.0
10760,2024-04-17,galleta happy cream vainilla 12 pq 408g,C,6490.0
10770,2024-04-17,galleta sabor oliva y oregano greta 120 g,C,4990.0
10774,2024-04-17,galleta wafer cocosette 50 g,C,1750.0
10779,2024-04-17,galletas doble chocolate chalet 120 g,C,4590.0
10784,2024-04-17,galletas mini chips 8 pq 280g,C,8990.0
10786,2024-04-17,galletas para gatos magic friends 75g,C,2190.0
10794,2024-04-17,gaseosa coca cola pet 250ml,C,1790.0
10811,2024-04-17,granola coco y pasas fit graan 350 g,C,4990.0
10819,2024-04-17,helado de mora kulfi 1 l,C,13490.0
10831,2024-04-17,jamon de pollo premium brakel 250 g,C,6890.0
10834,2024-04-17,jugo de arandanos tree fruts 946 ml,C,9990.0
10840,2024-04-17,kumis entero dulce botella latti 1000 ml,C,7690.0
10842,2024-04-17,kumis vaso latti x 150ml,C,1990.0
10853,2024-04-17,leche entera tetra pak latti 200ml,C,1190.0
10871,2024-04-17,mezcla chocodivertida nuthos 45 gr,C,1750.0
10883,2024-04-17,mortadela cervecera viande 225g,C,4690.0
10886,2024-04-17,nachos crachos 200 g,C,3290.0
10888,2024-04-17,paleta de frutas treefruts 70 g 6 und,C,11490.0
10891,2024-04-17,papas fosforitos kythos 200 g,C,3290.0
10894,2024-04-17,papas fritas sabor natural kythos 115 g,C,3290.0
10901,2024-04-17,pasabocas surtidos docena kythos 12 unds,C,9990.0
10907,2024-04-17,platanitos maduros kythos 6 und 168 g,C,5490.0
10914,2024-04-17,ramen nissin sabor carne 85 g,C,2490.0
10921,2024-04-17,ron anejo cartavio black barrel 750 ml,C,30990.0
10932,2024-04-17,salchichon cerveroni x900g,C,19950.0
10937,2024-04-17,sexta papa natural kythos 25 g,C,5950.0
10952,2024-04-17,tortilla fajita crachos 12 und 360 g,C,5490.0
10953,2024-04-17,tortilla finas hierbas crachos 250g,C,4490.0
10964,2024-04-17,vino lambrusco don vitto surtido,C,19990.0
10965,2024-04-17,vino malbec los rios varietal,C,19990.0
10970,2024-04-17,vino tinto cabernet sauvignon reserva quinta la,C,21990.0
10972,2024-04-17,vino tinto carmenere reserva quinta las cabras,C,21990.0
10985,2024-04-17,yogurt griego mora latti 160 gr,C,3850.0
10990,2024-04-17,yogurt melocoton light vita latti 1000gr,C,8990.0
10997,2024-04-18,agua con gas limonada omi 600 ml,C,1250.0
11001,2024-04-18,agua saborizada limon omi 1700 ml,C,2390.0
11014,2024-04-18,alimento humedo para gatos whiskas 85 g,C,2690.0
11015,2024-04-18,alimento lacteo en polvo el rodeo nutririnde 2,C,9490.0
11032,2024-04-18,bebida hidratante sabor mandarina drink a 600 m,C,1590.0
11040,2024-04-18,bebida lactea sabor mora latti 200 ml,C,1090.0
11057,2024-04-18,cerveza bahia 330 ml,C,1690.0
11060,2024-04-18,cerveza club colombia 269 ml,C,2190.0
11065,2024-04-18,chile con carne crachos 300 g,C,6550.0
11078,2024-04-18,costilla de cerdo red cut 500 g,C,10490.0
11081,2024-04-18,crispeta caramelo cheetos 72 g,C,2690.0
11097,2024-04-18,gaseosa coca cola pet 250ml,C,1790.0
11112,2024-04-18,granola coco y pasas fit graan 350 g,C,4990.0
11126,2024-04-18,jamon de pollo premium brakel 250 g,C,6890.0
11129,2024-04-18,jugo de arandanos tree fruts 946 ml,C,9990.0
11135,2024-04-18,kumis entero dulce botella latti 1000 ml,C,7690.0
11137,2024-04-18,kumis vaso latti x 150ml,C,1990.0
11148,2024-04-18,leche entera tetra pak latti 200ml,C,1190.0
11166,2024-04-18,mezcla chocodivertida nuthos 45 gr,C,1750.0
11178,2024-04-18,mortadela cervecera viande 225g,C,4690.0
11181,2024-04-18,nachos crachos 200 g,C,3290.0
11184,2024-04-18,papas fosforitos kythos 200 g,C,3290.0
11187,2024-04-18,papas fritas sabor natural kythos 115 g,C,3290.0
11199,2024-04-18,platanitos maduros kythos 6 und 168 g,C,5490.0
11204,2024-04-18,ramen nissin sabor carne 85 g,C,2490.0
11211,2024-04-18,ron anejo cartavio black barrel 750 ml,C,30990.0
11221,2024-04-18,salchichon cerveroni x900g,C,19950.0
11225,2024-04-18,sexta papa natural kythos 25 g,C,5950.0
11239,2024-04-18,tortilla fajita crachos 12 und 360 g,C,5490.0
11240,2024-04-18,tortilla finas hierbas crachos 250g,C,4490.0
11250,2024-04-18,vino lambrusco don vitto surtido,C,19990.0
11251,2024-04-18,vino malbec los rios varietal,C,19990.0
11256,2024-04-18,vino tinto cabernet sauvignon reserva quinta la,C,21990.0
11258,2024-04-18,vino tinto carmenere reserva quinta las cabras,C,21990.0
11271,2024-04-18,yogurt griego mora latti 160 gr,C,3850.0
11276,2024-04-18,yogurt melocoton light vita latti 1000gr,C,8990.0
11283,2024-04-20,agua con gas limonada omi 600 ml,C,1250.0
11287,2024-04-20,agua saborizada limon omi 1700 ml,C,2390.0
11300,2024-04-20,alimento humedo para gatos whiskas 85 g,C,2690.0
11301,2024-04-20,alimento lacteo en polvo el rodeo nutririnde 2,C,9490.0
11318,2024-04-20,bebida hidratante sabor mandarina drink a 600 m,C,1590.0
11326,2024-04-20,bebida lactea sabor mora latti 200 ml,C,990.0
11343,2024-04-20,cerveza bahia 330 ml,C,1690.0
11346,2024-04-20,cerveza club colombia 269 ml,C,2190.0
11351,2024-04-20,chile con carne crachos 300 g,C,6550.0
11365,2024-04-20,costilla de cerdo red cut 500 g,C,10490.0
11368,2024-04-20,crispeta caramelo cheetos 72 g,C,2690.0
11382,2024-04-20,galleta 2 tacos ducales noel 241 grs,C,5490.0
11390,2024-04-20,galleta happy cream vainilla 12 pq 408g,C,6490.0
11400,2024-04-20,galleta sabor oliva y oregano greta 120 g,C,4990.0
11404,2024-04-20,galleta wafer cocosette 50 g,C,1750.0
11409,2024-04-20,galletas doble chocolate chalet 120 g,C,4590.0
11414,2024-04-20,galletas mini chips 8 pq 280g,C,8990.0
11416,2024-04-20,galletas para gatos magic friends 75g,C,2190.0
11424,2024-04-20,gaseosa coca cola pet 250ml,C,1790.0
11433,2024-04-20,gaseosa pony malta 2000ml,C,6590.0
11442,2024-04-20,granola coco y pasas fit graan 350 g,C,4990.0
11450,2024-04-20,helado de mora kulfi 1 l,C,13490.0
11457,2024-04-20,jamon asado al horno centurion 100g,C,8990.0
11463,2024-04-20,jamon de pollo premium brakel 250 g,C,6890.0
11466,2024-04-20,jugo de arandanos tree fruts 946 ml,C,9990.0
11472,2024-04-20,kumis entero dulce botella latti 1000 ml,C,7690.0
11474,2024-04-20,kumis vaso latti x 150ml,C,1990.0
11485,2024-04-20,leche entera tetra pak latti 200ml,C,1190.0
11503,2024-04-20,mezcla chocodivertida nuthos 45 gr,C,1750.0
11515,2024-04-20,mortadela cervecera viande 225g,C,4690.0
11518,2024-04-20,nachos crachos 200 g,C,3290.0
11520,2024-04-20,paleta de frutas treefruts 70 g 6 und,C,11490.0
11525,2024-04-20,papas fritas sabor natural kythos 115 g,C,3290.0
11532,2024-04-20,pasabocas surtidos docena kythos 12 unds,C,9990.0
11538,2024-04-20,platanitos maduros kythos 6 und 168 g,C,5490.0
11545,2024-04-20,ramen nissin sabor carne 85 g,C,2490.0
11552,2024-04-20,ron anejo cartavio black barrel 750 ml,C,30990.0
11563,2024-04-20,salchichon cerveroni x900g,C,19950.0
11568,2024-04-20,sexta papa natural kythos 25 g,C,5950.0
11583,2024-04-20,tortilla fajita crachos 12 und 360 g,C,5490.0
11584,2024-04-20,tortilla finas hierbas crachos 250g,C,4490.0
11595,2024-04-20,vino lambrusco don vitto surtido,C,19990.0
11596,2024-04-20,vino malbec los rios varietal,C,19990.0
11601,2024-04-20,vino tinto cabernet sauvignon reserva quinta la,C,21990.0
11603,2024-04-20,vino tinto carmenere reserva quinta las cabras,C,21990.0
11616,2024-04-20,yogurt griego mora latti 160 gr,C,3850.0
11621,2024-04-20,yogurt melocoton light vita latti 1000gr,C,8990.0
11628,2024-04-21,agua con gas limonada omi 600 ml,C,1250.0
11632,2024-04-21,agua saborizada limon omi 1700 ml,C,2390.0
11645,2024-04-21,alimento humedo para gatos whiskas 85 g,C,2690.0
11646,2024-04-21,alimento lacteo en polvo el rodeo nutririnde 2,C,9490.0
11663,2024-04-21,bebida hidratante sabor mandarina drink a 600 m,C,1590.0
11671,2024-04-21,bebida lactea sabor mora latti 200 ml,C,990.0
11688,2024-04-21,cerveza bahia 330 ml,C,1690.0
11691,2024-04-21,cerveza club colombia 269 ml,C,2190.0
11696,2024-04-21,chile con carne crachos 300 g,C,6550.0
11710,2024-04-21,costilla de cerdo red cut 500 g,C,10490.0
11713,2024-04-21,crispeta caramelo cheetos 72 g,C,2690.0
11727,2024-04-21,galleta 2 tacos ducales noel 241 grs,C,5490.0
11735,2024-04-21,galleta happy cream vainilla 12 pq 408g,C,6490.0
11744,2024-04-21,galleta sabor oliva y oregano greta 120 g,C,4990.0
11748,2024-04-21,galleta wafer cocosette 50 g,C,1750.0
11753,2024-04-21,galletas doble chocolate chalet 120 g,C,4590.0
11758,2024-04-21,galletas mini chips 8 pq 280g,C,8990.0
11760,2024-04-21,galletas para gatos magic friends 75g,C,2190.0
11768,2024-04-21,gaseosa coca cola pet 250ml,C,1790.0
11777,2024-04-21,gaseosa pony malta 2000ml,C,6590.0
11786,2024-04-21,granola coco y pasas fit graan 350 g,C,4990.0
11794,2024-04-21,helado de mora kulfi 1 l,C,13490.0
11801,2024-04-21,jamon asado al horno centurion 100g,C,8990.0
11807,2024-04-21,jamon de pollo premium brakel 250 g,C,6890.0
11810,2024-04-21,jugo de arandanos tree fruts 946 ml,C,9990.0
11816,2024-04-21,kumis entero dulce botella latti 1000 ml,C,7690.0
11818,2024-04-21,kumis vaso latti x 150ml,C,1990.0
11829,2024-04-21,leche entera tetra pak latti 200ml,C,1190.0
11847,2024-04-21,mezcla chocodivertida nuthos 45 gr,C,1750.0
11859,2024-04-21,mortadela cervecera viande 225g,C,4690.0
11862,2024-04-21,nachos crachos 200 g,C,3290.0
11864,2024-04-21,paleta de frutas treefruts 70 g 6 und,C,11490.0
11869,2024-04-21,papas fritas sabor natural kythos 115 g,C,3290.0
11876,2024-04-21,pasabocas surtidos docena kythos 12 unds,C,9990.0
11882,2024-04-21,platanitos maduros kythos 6 und 168 g,C,5490.0
11889,2024-04-21,ramen nissin sabor carne 85 g,C,2490.0
11896,2024-04-21,ron anejo cartavio black barrel 750 ml,C,30990.0
11907,2024-04-21,salchichon cerveroni x900g,C,19950.0
11912,2024-04-21,sexta papa natural kythos 25 g,C,5950.0
11927,2024-04-21,tortilla fajita crachos 12 und 360 g,C,5490.0
11928,2024-04-21,tortilla finas hierbas crachos 250g,C,4490.0
11939,2024-04-21,vino lambrusco don vitto surtido,C,19990.0
11940,2024-04-21,vino malbec los rios varietal,C,19990.0
11945,2024-04-21,vino tinto cabernet sauvignon reserva quinta la,C,21990.0
11947,2024-04-21,vino tinto carmenere reserva quinta las cabras,C,21990.0
11960,2024-04-21,yogurt griego mora latti 160 gr,C,3850.0
11965,2024-04-21,yogurt melocoton light vita latti 1000gr,C,8990.0
11972,2024-04-22,agua con gas limonada omi 600 ml,C,1250.0
11976,2024-04-22,agua saborizada limon omi 1700 ml,C,2390.0
11989,2024-04-22,alimento humedo para gatos whiskas 85 g,C,2690.0
11990,2024-04-22,alimento lacteo en polvo el rodeo nutririnde 2,C,9490.0
11992,2024-04-22,aros frutales fiocco 230 g,C,4490.0
12007,2024-04-22,bebida hidratante sabor mandarina drink a 600 m,C,1590.0
12015,2024-04-22,bebida lactea sabor mora latti 200 ml,C,990.0
12030,2024-04-22,cerveza bahia 330 ml,C,1690.0
12033,2024-04-22,cerveza club colombia 269 ml,C,2190.0
12036,2024-04-22,chile con carne crachos 300 g,C,6550.0
12048,2024-04-22,costilla de cerdo red cut 500 g,C,10490.0
12061,2024-04-22,galleta 2 tacos ducales noel 241 grs,C,5490.0
12069,2024-04-22,galleta happy cream vainilla 12 pq 408g,C,6490.0
12078,2024-04-22,galleta sabor oliva y oregano greta 120 g,C,4990.0
12082,2024-04-22,galleta wafer cocosette 50 g,C,1750.0
12087,2024-04-22,galletas doble chocolate chalet 120 g,C,4590.0
12092,2024-04-22,galletas mini chips 8 pq 280g,C,8990.0
12094,2024-04-22,galletas para gatos magic friends 75g,C,2190.0
12102,2024-04-22,gaseosa coca cola pet 250ml,C,1790.0
12111,2024-04-22,gaseosa pony malta 2000ml,C,6590.0
12120,2024-04-22,granola coco y pasas fit graan 350 g,C,4990.0
12126,2024-04-22,helado de mora kulfi 1 l,C,13490.0
12133,2024-04-22,jamon asado al horno centurion 100g,C,8990.0
12139,2024-04-22,jamon de pollo premium brakel 250 g,C,6890.0
12142,2024-04-22,jugo de arandanos tree fruts 946 ml,C,9990.0
12148,2024-04-22,kumis entero dulce botella latti 1000 ml,C,7690.0
12150,2024-04-22,kumis vaso latti x 150ml,C,1990.0
12161,2024-04-22,leche entera tetra pak latti 200ml,C,1190.0
12172,2024-04-22,mortadela cervecera viande 225g,C,4690.0
12176,2024-04-22,paleta de frutas treefruts 70 g 6 und,C,11490.0
12184,2024-04-22,ramen nissin sabor carne 85 g,C,2490.0
12191,2024-04-22,ron anejo cartavio black barrel 750 ml,C,30990.0
12201,2024-04-22,salchichon cerveroni x900g,C,19950.0
12219,2024-04-22,vino lambrusco don vitto surtido,C,19990.0
12220,2024-04-22,vino malbec los rios varietal,C,19990.0
12225,2024-04-22,vino tinto cabernet sauvignon reserva quinta la,C,21990.0
12227,2024-04-22,vino tinto carmenere reserva quinta las cabras,C,21990.0
12237,2024-04-23,agua con gas limonada omi 600 ml,C,1250.0
12241,2024-04-23,agua saborizada limon omi 1700 ml,C,2390.0
12254,2024-04-23,alimento humedo para gatos whiskas 85 g,C,2690.0
12255,2024-04-23,alimento lacteo en polvo el rodeo nutririnde 2,C,9490.0
12259,2024-04-23,aros frutales fiocco 230 g,C,4490.0
12274,2024-04-23,bebida hidratante sabor mandarina drink a 600 m,C,1590.0
12282,2024-04-23,bebida lactea sabor mora latti 200 ml,C,990.0
12299,2024-04-23,cerveza bahia 330 ml,C,1690.0
12302,2024-04-23,cerveza club colombia 269 ml,C,2190.0
12307,2024-04-23,chile con carne crachos 300 g,C,6550.0
12321,2024-04-23,costilla de cerdo red cut 500 g,C,10490.0
12324,2024-04-23,crispeta caramelo cheetos 72 g,C,2690.0
12339,2024-04-23,galleta 2 tacos ducales noel 241 grs,C,5490.0
12347,2024-04-23,galleta happy cream vainilla 12 pq 408g,C,6490.0
12357,2024-04-23,galleta sabor oliva y oregano greta 120 g,C,4990.0
12361,2024-04-23,galleta wafer cocosette 50 g,C,1750.0
12366,2024-04-23,galletas doble chocolate chalet 120 g,C,4590.0
12371,2024-04-23,galletas mini chips 8 pq 280g,C,8990.0
12373,2024-04-23,galletas para gatos magic friends 75g,C,2190.0
12381,2024-04-23,gaseosa coca cola pet 250ml,C,1790.0
12390,2024-04-23,gaseosa pony malta 2000ml,C,6590.0
12399,2024-04-23,granola coco y pasas fit graan 350 g,C,4990.0
12407,2024-04-23,helado de mora kulfi 1 l,C,13490.0
12414,2024-04-23,jamon asado al horno centurion 100g,C,8990.0
12420,2024-04-23,jamon de pollo premium brakel 250 g,C,6890.0
12423,2024-04-23,jugo de arandanos tree fruts 946 ml,C,9990.0
12429,2024-04-23,kumis entero dulce botella latti 1000 ml,C,7690.0
12431,2024-04-23,kumis vaso latti x 150ml,C,1990.0
12442,2024-04-23,leche entera tetra pak latti 200ml,C,1190.0
12459,2024-04-23,mezcla chocodivertida nuthos 45 gr,C,1750.0
12471,2024-04-23,mortadela cervecera viande 225g,C,4690.0
12474,2024-04-23,nachos crachos 200 g,C,3290.0
12476,2024-04-23,paleta de frutas treefruts 70 g 6 und,C,11490.0
12481,2024-04-23,papas fritas sabor natural kythos 115 g,C,3290.0
12488,2024-04-23,pasabocas surtidos docena kythos 12 unds,C,9990.0
12494,2024-04-23,platanitos maduros kythos 6 und 168 g,C,5490.0
12501,2024-04-23,ramen nissin sabor carne 85 g,C,2490.0
12508,2024-04-23,ron anejo cartavio black barrel 750 ml,C,30990.0
12519,2024-04-23,salchichon cerveroni x900g,C,19950.0
12524,2024-04-23,sexta papa natural kythos 25 g,C,5950.0
12539,2024-04-23,tortilla fajita crachos 12 und 360 g,C,5490.0
12540,2024-04-23,tortilla finas hierbas crachos 250g,C,4490.0
12556,2024-04-23,yogurt griego mora latti 160 gr,C,3850.0
12561,2024-04-23,yogurt melocoton light vita latti 1000gr,C,8990.0
12568,2024-04-24,agua con gas limonada omi 600 ml,C,1250.0
12584,2024-04-24,alimento humedo para gatos whiskas 85 g,C,2690.0
12585,2024-04-24,alimento lacteo en polvo el rodeo nutririnde 2,C,9490.0
12589,2024-04-24,aros frutales fiocco 230 g,C,4490.0
12604,2024-04-24,bebida hidratante sabor mandarina drink a 600 m,C,1590.0
12612,2024-04-24,bebida lactea sabor mora latti 200 ml,C,990.0
12629,2024-04-24,cerveza bahia 330 ml,C,1690.0
12632,2024-04-24,cerveza club colombia 269 ml,C,2190.0
12637,2024-04-24,chile con carne crachos 300 g,C,6550.0
12651,2024-04-24,costilla de cerdo red cut 500 g,C,10490.0
12654,2024-04-24,crispeta caramelo cheetos 72 g,C,2690.0
12669,2024-04-24,galleta 2 tacos ducales noel 241 grs,C,5490.0
12677,2024-04-24,galleta happy cream vainilla 12 pq 408g,C,6490.0
12687,2024-04-24,galleta sabor oliva y oregano greta 120 g,C,4990.0
12691,2024-04-24,galleta wafer cocosette 50 g,C,1750.0
12696,2024-04-24,galletas doble chocolate chalet 120 g,C,4590.0
12701,2024-04-24,galletas mini chips 8 pq 280g,C,8990.0
12703,2024-04-24,galletas para gatos magic friends 75g,C,2190.0
12711,2024-04-24,gaseosa coca cola pet 250ml,C,1790.0
12720,2024-04-24,gaseosa pony malta 2000ml,C,6590.0
12729,2024-04-24,granola coco y pasas fit graan 350 g,C,4990.0
12737,2024-04-24,helado de mora kulfi 1 l,C,13490.0
12745,2024-04-24,jamon asado al horno centurion 100g,C,8990.0
12751,2024-04-24,jamon de pollo premium brakel 250 g,C,6890.0
12754,2024-04-24,jugo de arandanos tree fruts 946 ml,C,9990.0
12760,2024-04-24,kumis entero dulce botella latti 1000 ml,C,7690.0
12762,2024-04-24,kumis vaso latti x 150ml,C,1990.0
12773,2024-04-24,leche entera tetra pak latti 200ml,C,1190.0
12790,2024-04-24,mezcla chocodivertida nuthos 45 gr,C,1750.0
12802,2024-04-24,mortadela cervecera viande 225g,C,4690.0
12805,2024-04-24,nachos crachos 200 g,C,3290.0
12807,2024-04-24,paleta de frutas treefruts 70 g 6 und,C,11490.0
12812,2024-04-24,papas fritas sabor natural kythos 115 g,C,3290.0
12819,2024-04-24,pasabocas surtidos docena kythos 12 unds,C,9990.0
12825,2024-04-24,platanitos maduros kythos 6 und 168 g,C,5490.0
12832,2024-04-24,ramen nissin sabor carne 85 g,C,2490.0
12839,2024-04-24,ron anejo cartavio black barrel 750 ml,C,30990.0
12850,2024-04-24,salchichon cerveroni x900g,C,19950.0
12855,2024-04-24,sexta papa natural kythos 25 g,C,5950.0
12870,2024-04-24,tortilla fajita crachos 12 und 360 g,C,5490.0
12871,2024-04-24,tortilla finas hierbas crachos 250g,C,4490.0
12882,2024-04-24,vino lambrusco don vitto surtido,C,19990.0
12883,2024-04-24,vino malbec los rios varietal,C,19990.0
12888,2024-04-24,vino tinto cabernet sauvignon reserva quinta la,C,21990.0
12890,2024-04-24,vino tinto carmenere reserva quinta las cabras,C,21990.0
12903,2024-04-24,yogurt griego mora latti 160 gr,C,3850.0
12908,2024-04-24,yogurt melocoton light vita latti 1000gr,C,8990.0
12915,2024-04-25,agua con gas limonada omi 600 ml,C,1250.0
12931,2024-04-25,alimento humedo para gatos whiskas 85 g,C,2690.0
12932,2024-04-25,alimento lacteo en polvo el rodeo nutririnde 2,C,9490.0
12936,2024-04-25,aros frutales fiocco 230 g,C,4490.0
12951,2024-04-25,bebida hidratante sabor mandarina drink a 600 m,C,1590.0
12959,2024-04-25,bebida lactea sabor mora latti 200 ml,C,990.0
12976,2024-04-25,cerveza bahia 330 ml,C,1690.0
12979,2024-04-25,cerveza club colombia 269 ml,C,2190.0
12984,2024-04-25,chile con carne crachos 300 g,C,6550.0
12998,2024-04-25,costilla de cerdo red cut 500 g,C,10490.0
13001,2024-04-25,crispeta caramelo cheetos 72 g,C,2690.0
13016,2024-04-25,galleta 2 tacos ducales noel 241 grs,C,5490.0
13024,2024-04-25,galleta happy cream vainilla 12 pq 408g,C,6490.0
13034,2024-04-25,galleta sabor oliva y oregano greta 120 g,C,4990.0
13038,2024-04-25,galleta wafer cocosette 50 g,C,1750.0
13043,2024-04-25,galletas doble chocolate chalet 120 g,C,4590.0
13048,2024-04-25,galletas mini chips 8 pq 280g,C,8990.0
13050,2024-04-25,galletas para gatos magic friends 75g,C,2190.0
13058,2024-04-25,gaseosa coca cola pet 250ml,C,1790.0
13067,2024-04-25,gaseosa pony malta 2000ml,C,6590.0
13076,2024-04-25,granola coco y pasas fit graan 350 g,C,4990.0
13084,2024-04-25,helado de mora kulfi 1 l,C,13490.0
13092,2024-04-25,jamon asado al horno centurion 100g,C,8990.0
13098,2024-04-25,jamon de pollo premium brakel 250 g,C,6890.0
13101,2024-04-25,jugo de arandanos tree fruts 946 ml,C,9990.0
13107,2024-04-25,kumis entero dulce botella latti 1000 ml,C,7690.0
13109,2024-04-25,kumis vaso latti x 150ml,C,1990.0
13120,2024-04-25,leche entera tetra pak latti 200ml,C,1190.0
13138,2024-04-25,mezcla chocodivertida nuthos 45 gr,C,1750.0
13150,2024-04-25,mortadela cervecera viande 225g,C,4690.0
13153,2024-04-25,nachos crachos 200 g,C,3290.0
13155,2024-04-25,paleta de frutas treefruts 70 g 6 und,C,11490.0
13160,2024-04-25,papas fritas sabor natural kythos 115 g,C,3290.0
13167,2024-04-25,pasabocas surtidos docena kythos 12 unds,C,9990.0
13173,2024-04-25,platanitos maduros kythos 6 und 168 g,C,5490.0
13180,2024-04-25,ramen nissin sabor carne 85 g,C,2490.0
13187,2024-04-25,ron anejo cartavio black barrel 750 ml,C,30990.0
13198,2024-04-25,salchichon cerveroni x900g,C,19950.0
13204,2024-04-25,sexta papa natural kythos 25 g,C,5950.0
13219,2024-04-25,tortilla fajita crachos 12 und 360 g,C,5490.0
13220,2024-04-25,tortilla finas hierbas crachos 250g,C,4490.0
13231,2024-04-25,vino lambrusco don vitto surtido,C,19990.0
13232,2024-04-25,vino malbec los rios varietal,C,19990.0
13237,2024-04-25,vino tinto cabernet sauvignon reserva quinta la,C,21990.0
13239,2024-04-25,vino tinto carmenere reserva quinta las cabras,C,21990.0
13252,2024-04-25,yogurt griego mora latti 160 gr,C,3850.0
13257,2024-04-25,yogurt melocoton light vita latti 1000gr,C,8990.0
13264,2024-04-26,agua con gas limonada omi 600 ml,C,1250.0
13280,2024-04-26,alimento humedo para gatos whiskas 85 g,C,2690.0
13281,2024-04-26,alimento lacteo en polvo el rodeo nutririnde 2,C,9490.0
13285,2024-04-26,aros frutales fiocco 230 g,C,4490.0
13300,2024-04-26,bebida hidratante sabor mandarina drink a 600 m,C,1590.0
13308,2024-04-26,bebida lactea sabor mora latti 200 ml,C,990.0
13325,2024-04-26,cerveza bahia 330 ml,C,1690.0
13328,2024-04-26,cerveza club colombia 269 ml,C,2190.0
13333,2024-04-26,chile con carne crachos 300 g,C,6550.0
13347,2024-04-26,costilla de cerdo red cut 500 g,C,10490.0
13350,2024-04-26,crispeta caramelo cheetos 72 g,C,2690.0
13366,2024-04-26,galleta 2 tacos ducales noel 241 grs,C,5490.0
13374,2024-04-26,galleta happy cream vainilla 12 pq 408g,C,6490.0
13385,2024-04-26,galleta sabor oliva y oregano greta 120 g,C,4990.0
13389,2024-04-26,galleta wafer cocosette 50 g,C,1750.0
13394,2024-04-26,galletas doble chocolate chalet 120 g,C,4590.0
13399,2024-04-26,galletas mini chips 8 pq 280g,C,8990.0
13401,2024-04-26,galletas para gatos magic friends 75g,C,2190.0
13409,2024-04-26,gaseosa coca cola pet 250ml,C,1790.0
13418,2024-04-26,gaseosa pony malta 2000ml,C,6590.0
13427,2024-04-26,granola coco y pasas fit graan 350 g,C,4990.0
13435,2024-04-26,helado de mora kulfi 1 l,C,13490.0
13443,2024-04-26,jamon asado al horno centurion 100g,C,8990.0
13449,2024-04-26,jamon de pollo premium brakel 250 g,C,6890.0
13452,2024-04-26,jugo de arandanos tree fruts 946 ml,C,9990.0
13458,2024-04-26,kumis entero dulce botella latti 1000 ml,C,7690.0
13460,2024-04-26,kumis vaso latti x 150ml,C,1990.0
13471,2024-04-26,leche entera tetra pak latti 200ml,C,1190.0
13489,2024-04-26,mezcla chocodivertida nuthos 45 gr,C,1750.0
13501,2024-04-26,mortadela cervecera viande 225g,C,4690.0
13504,2024-04-26,nachos crachos 200 g,C,3290.0
13506,2024-04-26,paleta de frutas treefruts 70 g 6 und,C,11490.0
13511,2024-04-26,papas fritas sabor natural kythos 115 g,C,3290.0
13518,2024-04-26,pasabocas surtidos docena kythos 12 unds,C,9990.0
13524,2024-04-26,platanitos maduros kythos 6 und 168 g,C,5490.0
13531,2024-04-26,ramen nissin sabor carne 85 g,C,2490.0
13538,2024-04-26,ron anejo cartavio black barrel 750 ml,C,30990.0
13549,2024-04-26,salchichon cerveroni x900g,C,19950.0
13555,2024-04-26,sexta papa natural kythos 25 g,C,5950.0
13570,2024-04-26,tortilla fajita crachos 12 und 360 g,C,5490.0
13571,2024-04-26,tortilla finas hierbas crachos 250g,C,4490.0
13582,2024-04-26,vino lambrusco don vitto surtido,C,19990.0
13583,2024-04-26,vino malbec los rios varietal,C,19990.0
13588,2024-04-26,vino tinto cabernet sauvignon reserva quinta la,C,21990.0
13590,2024-04-26,vino tinto carmenere reserva quinta las cabras,C,21990.0
13603,2024-04-26,yogurt griego mora latti 160 gr,C,3850.0
13608,2024-04-26,yogurt melocoton light vita latti 1000gr,C,8990.0
13615,2024-04-27,agua con gas limonada omi 600 ml,C,1250.0
13619,2024-04-27,agua saborizada limon omi 1700 ml,C,2390.0
13632,2024-04-27,alimento humedo para gatos whiskas 85 g,C,2690.0
13633,2024-04-27,alimento lacteo en polvo el rodeo nutririnde 2,C,9490.0
13637,2024-04-27,aros frutales fiocco 230 g,C,4490.0
13652,2024-04-27,bebida hidratante sabor mandarina drink a 600 m,C,1590.0
13660,2024-04-27,bebida lactea sabor mora latti 200 ml,C,990.0
13677,2024-04-27,cerveza bahia 330 ml,C,1900.0
13680,2024-04-27,cerveza club colombia 269 ml,C,2190.0
13685,2024-04-27,chile con carne crachos 300 g,C,6550.0
13699,2024-04-27,costilla de cerdo red cut 500 g,C,10490.0
13702,2024-04-27,crispeta caramelo cheetos 72 g,C,2690.0
13718,2024-04-27,galleta 2 tacos ducales noel 241 grs,C,5490.0
13726,2024-04-27,galleta happy cream vainilla 12 pq 408g,C,6490.0
13737,2024-04-27,galleta sabor oliva y oregano greta 120 g,C,4990.0
13741,2024-04-27,galleta wafer cocosette 50 g,C,1750.0
13746,2024-04-27,galletas doble chocolate chalet 120 g,C,4590.0
13751,2024-04-27,galletas mini chips 8 pq 280g,C,8990.0
13753,2024-04-27,galletas para gatos magic friends 75g,C,2190.0
13761,2024-04-27,gaseosa coca cola pet 250ml,C,1790.0
13770,2024-04-27,gaseosa pony malta 2000ml,C,6590.0
13779,2024-04-27,granola coco y pasas fit graan 350 g,C,4990.0
13787,2024-04-27,helado de mora kulfi 1 l,C,13490.0
13795,2024-04-27,jamon asado al horno centurion 100g,C,8990.0
13801,2024-04-27,jamon de pollo premium brakel 250 g,C,6890.0
13804,2024-04-27,jugo de arandanos tree fruts 946 ml,C,9990.0
13810,2024-04-27,kumis entero dulce botella latti 1000 ml,C,7690.0
13812,2024-04-27,kumis vaso latti x 150ml,C,1990.0
13823,2024-04-27,leche entera tetra pak latti 200ml,C,1190.0
13841,2024-04-27,mezcla chocodivertida nuthos 45 gr,C,1750.0
13853,2024-04-27,mortadela cervecera viande 225g,C,4690.0
13856,2024-04-27,nachos crachos 200 g,C,3290.0
13858,2024-04-27,paleta de frutas treefruts 70 g 6 und,C,11490.0
13863,2024-04-27,papas fritas sabor natural kythos 115 g,C,3290.0
13870,2024-04-27,pasabocas surtidos docena kythos 12 unds,C,9990.0
13876,2024-04-27,platanitos maduros kythos 6 und 168 g,C,5490.0
13883,2024-04-27,ramen nissin sabor carne 85 g,C,2490.0
13890,2024-04-27,ron anejo cartavio black barrel 750 ml,C,30990.0
13901,2024-04-27,salchichon cerveroni x900g,C,19950.0
13907,2024-04-27,sexta papa natural kythos 25 g,C,5950.0
13922,2024-04-27,tortilla fajita crachos 12 und 360 g,C,5490.0
13923,2024-04-27,tortilla finas hierbas crachos 250g,C,4490.0
13934,2024-04-27,vino lambrusco don vitto surtido,C,19990.0
13935,2024-04-27,vino malbec los rios varietal,C,19990.0
13940,2024-04-27,vino tinto cabernet sauvignon reserva quinta la,C,21990.0
13942,2024-04-27,vino tinto carmenere reserva quinta las cabras,C,21990.0
13956,2024-04-27,yogurt griego mora latti 160 gr,C,3850.0
13961,2024-04-27,yogurt melocoton light vita latti 1000gr,C,8990.0
13968,2024-04-28,agua con gas limonada omi 600 ml,C,1250.0
13972,2024-04-28,agua saborizada limon omi 1700 ml,C,2390.0
13985,2024-04-28,alimento humedo para gatos whiskas 85 g,C,2690.0
13986,2024-04-28,alimento lacteo en polvo el rodeo nutririnde 2,C,9490.0
13990,2024-04-28,aros frutales fiocco 230 g,C,4490.0
14004,2024-04-28,bebida hidratante sabor mandarina drink a 600 m,C,1590.0
14012,2024-04-28,bebida lactea sabor mora latti 200 ml,C,990.0
14029,2024-04-28,cerveza bahia 330 ml,C,1900.0
14032,2024-04-28,cerveza club colombia 269 ml,C,2190.0
14036,2024-04-28,chile con carne crachos 300 g,C,6550.0
14049,2024-04-28,costilla de cerdo red cut 500 g,C,10490.0
14052,2024-04-28,crispeta caramelo cheetos 72 g,C,2690.0
14067,2024-04-28,galleta 2 tacos ducales noel 241 grs,C,5490.0
14075,2024-04-28,galleta happy cream vainilla 12 pq 408g,C,6490.0
14085,2024-04-28,galleta sabor oliva y oregano greta 120 g,C,4990.0
14089,2024-04-28,galleta wafer cocosette 50 g,C,1750.0
14094,2024-04-28,galletas doble chocolate chalet 120 g,C,4590.0
14099,2024-04-28,galletas mini chips 8 pq 280g,C,8990.0
14101,2024-04-28,galletas para gatos magic friends 75g,C,2190.0
14109,2024-04-28,gaseosa coca cola pet 250ml,C,1790.0
14118,2024-04-28,gaseosa pony malta 2000ml,C,6590.0
14127,2024-04-28,granola coco y pasas fit graan 350 g,C,4990.0
14135,2024-04-28,helado de mora kulfi 1 l,C,13490.0
14143,2024-04-28,jamon asado al horno centurion 100g,C,8990.0
14149,2024-04-28,jamon de pollo premium brakel 250 g,C,6890.0
14152,2024-04-28,jugo de arandanos tree fruts 946 ml,C,9990.0
14158,2024-04-28,kumis entero dulce botella latti 1000 ml,C,7690.0
14160,2024-04-28,kumis vaso latti x 150ml,C,1990.0
14171,2024-04-28,leche entera tetra pak latti 200ml,C,1190.0
14188,2024-04-28,mezcla chocodivertida nuthos 45 gr,C,1750.0
14200,2024-04-28,mortadela cervecera viande 225g,C,4690.0
14203,2024-04-28,nachos crachos 200 g,C,3290.0
14205,2024-04-28,paleta de frutas treefruts 70 g 6 und,C,11490.0
14210,2024-04-28,papas fritas sabor natural kythos 115 g,C,3290.0
14216,2024-04-28,pasabocas surtidos docena kythos 12 unds,C,9990.0
14222,2024-04-28,platanitos maduros kythos 6 und 168 g,C,5490.0
14229,2024-04-28,ramen nissin sabor carne 85 g,C,2490.0
14236,2024-04-28,ron anejo cartavio black barrel 750 ml,C,30990.0
14247,2024-04-28,salchichon cerveroni x900g,C,19950.0
14252,2024-04-28,sexta papa natural kythos 25 g,C,5950.0
14267,2024-04-28,tortilla fajita crachos 12 und 360 g,C,5490.0
14268,2024-04-28,tortilla finas hierbas crachos 250g,C,4490.0
14279,2024-04-28,vino lambrusco don vitto surtido,C,19990.0
14280,2024-04-28,vino malbec los rios varietal,C,19990.0
14285,2024-04-28,vino tinto cabernet sauvignon reserva quinta la,C,21990.0
14287,2024-04-28,vino tinto carmenere reserva quinta las cabras,C,21990.0
14301,2024-04-28,yogurt griego mora latti 160 gr,C,3850.0
14306,2024-04-28,yogurt melocoton light vita latti 1000gr,C,8990.0
14313,2024-04-29,agua con gas limonada omi 600 ml,C,1250.0
14317,2024-04-29,agua saborizada limon omi 1700 ml,C,2390.0
14330,2024-04-29,alimento humedo para gatos whiskas 85 g,C,2690.0
14331,2024-04-29,alimento lacteo en polvo el rodeo nutririnde 2,C,9490.0
14335,2024-04-29,aros frutales fiocco 230 g,C,4490.0
14349,2024-04-29,bebida hidratante sabor mandarina drink a 600 m,C,1590.0
14357,2024-04-29,bebida lactea sabor mora latti 200 ml,C,990.0
14374,2024-04-29,cerveza bahia 330 ml,C,1900.0
14377,2024-04-29,cerveza club colombia 269 ml,C,2190.0
14381,2024-04-29,chile con carne crachos 300 g,C,6550.0
14393,2024-04-29,costilla de cerdo red cut 500 g,C,10490.0
14396,2024-04-29,crispeta caramelo cheetos 72 g,C,2690.0
14411,2024-04-29,galleta 2 tacos ducales noel 241 grs,C,5490.0
14419,2024-04-29,galleta happy cream vainilla 12 pq 408g,C,6490.0
14429,2024-04-29,galleta sabor oliva y oregano greta 120 g,C,4990.0
14433,2024-04-29,galleta wafer cocosette 50 g,C,1750.0
14438,2024-04-29,galletas doble chocolate chalet 120 g,C,4590.0
14443,2024-04-29,galletas mini chips 8 pq 280g,C,8990.0
14445,2024-04-29,galletas para gatos magic friends 75g,C,2190.0
14453,2024-04-29,gaseosa coca cola pet 250ml,C,1790.0
14462,2024-04-29,gaseosa pony malta 2000ml,C,6590.0
14471,2024-04-29,granola coco y pasas fit graan 350 g,C,4990.0
14479,2024-04-29,helado de mora kulfi 1 l,C,13490.0
14487,2024-04-29,jamon asado al horno centurion 100g,C,8990.0
14493,2024-04-29,jamon de pollo premium brakel 250 g,C,6890.0
14496,2024-04-29,jugo de arandanos tree fruts 946 ml,C,9990.0
14502,2024-04-29,kumis entero dulce botella latti 1000 ml,C,7690.0
14504,2024-04-29,kumis vaso latti x 150ml,C,1990.0
14514,2024-04-29,leche entera tetra pak latti 200ml,C,1190.0
14532,2024-04-29,mezcla chocodivertida nuthos 45 gr,C,1750.0
14544,2024-04-29,mortadela cervecera viande 225g,C,4690.0
14547,2024-04-29,nachos crachos 200 g,C,3290.0
14549,2024-04-29,paleta de frutas treefruts 70 g 6 und,C,11490.0
14554,2024-04-29,papas fritas sabor natural kythos 115 g,C,3290.0
14561,2024-04-29,pasabocas surtidos docena kythos 12 unds,C,9990.0
14566,2024-04-29,platanitos maduros kythos 6 und 168 g,C,5490.0
14573,2024-04-29,ramen nissin sabor carne 85 g,C,2490.0
14580,2024-04-29,ron anejo cartavio black barrel 750 ml,C,30990.0
14591,2024-04-29,salchichon cerveroni x900g,C,19950.0
14596,2024-04-29,sexta papa natural kythos 25 g,C,5950.0
14611,2024-04-29,tortilla fajita crachos 12 und 360 g,C,5490.0
14612,2024-04-29,tortilla finas hierbas crachos 250g,C,4490.0
14623,2024-04-29,vino lambrusco don vitto surtido,C,19990.0
14624,2024-04-29,vino malbec los rios varietal,C,19990.0
14629,2024-04-29,vino tinto cabernet sauvignon reserva quinta la,C,21990.0
14631,2024-04-29,vino tinto carmenere reserva quinta las cabras,C,21990.0
14644,2024-04-29,yogurt griego mora latti 160 gr,C,3850.0
14649,2024-04-29,yogurt melocoton light vita latti 1000gr,C,8990.0
14656,2024-04-30,agua con gas limonada omi 600 ml,C,1250.0
14660,2024-04-30,agua saborizada limon omi 1700 ml,C,2390.0
14673,2024-04-30,alimento humedo para gatos whiskas 85 g,C,2690.0
14674,2024-04-30,alimento lacteo en polvo el rodeo nutririnde 2,C,9490.0
14678,2024-04-30,aros frutales fiocco 230 g,C,4490.0
14692,2024-04-30,bebida hidratante sabor mandarina drink a 600 m,C,1590.0
14700,2024-04-30,bebida lactea sabor mora latti 200 ml,C,990.0
14717,2024-04-30,cerveza bahia 330 ml,C,1900.0
14720,2024-04-30,cerveza club colombia 269 ml,C,2190.0
14724,2024-04-30,chile con carne crachos 300 g,C,6550.0
14736,2024-04-30,costilla de cerdo red cut 500 g,C,10490.0
14739,2024-04-30,crispeta caramelo cheetos 72 g,C,2690.0
14754,2024-04-30,galleta 2 tacos ducales noel 241 grs,C,5490.0
14762,2024-04-30,galleta happy cream vainilla 12 pq 408g,C,6490.0
14772,2024-04-30,galleta sabor oliva y oregano greta 120 g,C,4990.0
14776,2024-04-30,galleta wafer cocosette 50 g,C,1750.0
14781,2024-04-30,galletas doble chocolate chalet 120 g,C,4590.0
14786,2024-04-30,galletas mini chips 8 pq 280g,C,8990.0
14788,2024-04-30,galletas para gatos magic friends 75g,C,2190.0
14796,2024-04-30,gaseosa coca cola pet 250ml,C,1790.0
14805,2024-04-30,gaseosa pony malta 2000ml,C,6590.0
14814,2024-04-30,granola coco y pasas fit graan 350 g,C,4990.0
14822,2024-04-30,helado de mora kulfi 1 l,C,13490.0
14830,2024-04-30,jamon asado al horno centurion 100g,C,8990.0
14836,2024-04-30,jamon de pollo premium brakel 250 g,C,6890.0
14839,2024-04-30,jugo de arandanos tree fruts 946 ml,C,9990.0
14845,2024-04-30,kumis entero dulce botella latti 1000 ml,C,7690.0
14847,2024-04-30,kumis vaso latti x 150ml,C,1990.0
14857,2024-04-30,leche entera tetra pak latti 200ml,C,1190.0
14875,2024-04-30,mezcla chocodivertida nuthos 45 gr,C,1750.0
14887,2024-04-30,mortadela cervecera viande 225g,C,4690.0
14890,2024-04-30,nachos crachos 200 g,C,3290.0
14892,2024-04-30,paleta de frutas treefruts 70 g 6 und,C,11490.0
14897,2024-04-30,papas fritas sabor natural kythos 115 g,C,3290.0
14904,2024-04-30,pasabocas surtidos docena kythos 12 unds,C,9990.0
14909,2024-04-30,platanitos maduros kythos 6 und 168 g,C,5490.0
14916,2024-04-30,ramen nissin sabor carne 85 g,C,2490.0
14923,2024-04-30,ron anejo cartavio black barrel 750 ml,C,30990.0
14934,2024-04-30,salchichon cerveroni x900g,C,19950.0
14939,2024-04-30,sexta papa natural kythos 25 g,C,5950.0
14954,2024-04-30,tortilla fajita crachos 12 und 360 g,C,5490.0
14955,2024-04-30,tortilla finas hierbas crachos 250g,C,4490.0
14966,2024-04-30,vino lambrusco don vitto surtido,C,19990.0
14967,2024-04-30,vino malbec los rios varietal,C,19990.0
14972,2024-04-30,vino tinto cabernet sauvignon reserva quinta la,C,21990.0
14974,2024-04-30,vino tinto carmenere reserva quinta las cabras,C,21990.0
14987,2024-04-30,yogurt griego mora latti 160 gr,C,3850.0
14992,2024-04-30,yogurt melocoton light vita latti 1000gr,C,8990.0
14999,2024-05-01,agua con gas limonada omi 600 ml,C,1250.0
15003,2024-05-01,agua saborizada limon omi 1700 ml,C,2390.0
15016,2024-05-01,alimento humedo para gatos whiskas 85 g,C,2690.0
15017,2024-05-01,alimento lacteo en polvo el rodeo nutririnde 2,C,9490.0
15021,2024-05-01,aros frutales fiocco 230 g,C,4490.0
15036,2024-05-01,bebida hidratante sabor mandarina drink a 600 m,C,1590.0
15044,2024-05-01,bebida lactea sabor mora latti 200 ml,C,990.0
15062,2024-05-01,cerveza bahia 330 ml,C,1900.0
15065,2024-05-01,cerveza club colombia 269 ml,C,2190.0
15083,2024-05-01,costilla de cerdo red cut 500 g,C,10490.0
15086,2024-05-01,crispeta caramelo cheetos 72 g,C,2690.0
15101,2024-05-01,galleta 2 tacos ducales noel 241 grs,C,5490.0
15109,2024-05-01,galleta happy cream vainilla 12 pq 408g,C,6490.0
15120,2024-05-01,galleta sabor oliva y oregano greta 120 g,C,4990.0
15124,2024-05-01,galleta wafer cocosette 50 g,C,1750.0
15129,2024-05-01,galletas doble chocolate chalet 120 g,C,4590.0
15135,2024-05-01,galletas para gatos magic friends 75g,C,2190.0
15143,2024-05-01,gaseosa coca cola pet 250ml,C,1790.0
15152,2024-05-01,gaseosa pony malta 2000ml,C,6590.0
15160,2024-05-01,granola coco y pasas fit graan 350 g,C,4990.0
15168,2024-05-01,helado de mora kulfi 1 l,C,13490.0
15181,2024-05-01,jamon de pollo premium brakel 250 g,C,6890.0
15184,2024-05-01,jugo de arandanos tree fruts 946 ml,C,9990.0
15190,2024-05-01,kumis entero dulce botella latti 1000 ml,C,7690.0
15192,2024-05-01,kumis vaso latti x 150ml,C,1990.0
15203,2024-05-01,leche entera tetra pak latti 200ml,C,1190.0
15221,2024-05-01,mezcla chocodivertida nuthos 45 gr,C,1750.0
15233,2024-05-01,mortadela cervecera viande 225g,C,4690.0
15236,2024-05-01,nachos crachos 200 g,C,3290.0
15238,2024-05-01,paleta de frutas treefruts 70 g 6 und,C,11490.0
15243,2024-05-01,papas fritas sabor natural kythos 115 g,C,3290.0
15250,2024-05-01,pasabocas surtidos docena kythos 12 unds,C,9990.0
15256,2024-05-01,platanitos maduros kythos 6 und 168 g,C,5490.0
15263,2024-05-01,ramen nissin sabor carne 85 g,C,2490.0
15270,2024-05-01,ron anejo cartavio black barrel 750 ml,C,30990.0
15281,2024-05-01,salchichon cerveroni x900g,C,19950.0
15286,2024-05-01,sexta papa natural kythos 25 g,C,5950.0
15301,2024-05-01,tortilla fajita crachos 12 und 360 g,C,5490.0
15302,2024-05-01,tortilla finas hierbas crachos 250g,C,4490.0
15313,2024-05-01,vino lambrusco don vitto surtido,C,19990.0
15314,2024-05-01,vino malbec los rios varietal,C,19990.0
15319,2024-05-01,vino tinto cabernet sauvignon reserva quinta la,C,21990.0
15321,2024-05-01,vino tinto carmenere reserva quinta las cabras,C,21990.0
15334,2024-05-01,yogurt griego mora latti 160 gr,C,3850.0
15339,2024-05-01,yogurt melocoton light vita latti 1000gr,C,8990.0
15346,2024-05-02,agua con gas limonada omi 600 ml,C,1250.0
15350,2024-05-02,agua saborizada limon omi 1700 ml,C,2390.0
15363,2024-05-02,alimento humedo para gatos whiskas 85 g,C,2690.0
15364,2024-05-02,alimento lacteo en polvo el rodeo nutririnde 2,C,9490.0
15368,2024-05-02,aros frutales fiocco 230 g,C,4490.0
15383,2024-05-02,bebida hidratante sabor mandarina drink a 600 m,C,1590.0
15391,2024-05-02,bebida lactea sabor mora latti 200 ml,C,990.0
15408,2024-05-02,cerveza bahia 330 ml,C,1900.0
15411,2024-05-02,cerveza club colombia 269 ml,C,2190.0
15416,2024-05-02,chile con carne crachos 300 g,C,6550.0
15430,2024-05-02,costilla de cerdo red cut 500 g,C,10490.0
15433,2024-05-02,crispeta caramelo cheetos 72 g,C,2690.0
15448,2024-05-02,galleta 2 tacos ducales noel 241 grs,C,5490.0
15456,2024-05-02,galleta happy cream vainilla 12 pq 408g,C,6490.0
15467,2024-05-02,galleta sabor oliva y oregano greta 120 g,C,4990.0
15471,2024-05-02,galleta wafer cocosette 50 g,C,1750.0
15476,2024-05-02,galletas doble chocolate chalet 120 g,C,4590.0
15481,2024-05-02,galletas mini chips 8 pq 280g,C,8990.0
15483,2024-05-02,galletas para gatos magic friends 75g,C,2190.0
15491,2024-05-02,gaseosa coca cola pet 250ml,C,1790.0
15500,2024-05-02,gaseosa pony malta 2000ml,C,6590.0
15509,2024-05-02,granola coco y pasas fit graan 350 g,C,4990.0
15516,2024-05-02,helado de mora kulfi 1 l,C,13490.0
15524,2024-05-02,jamon asado al horno centurion 100g,C,8990.0
15529,2024-05-02,jamon de pollo premium brakel 250 g,C,6890.0
15532,2024-05-02,jugo de arandanos tree fruts 946 ml,C,9990.0
15538,2024-05-02,kumis entero dulce botella latti 1000 ml,C,7690.0
15540,2024-05-02,kumis vaso latti x 150ml,C,1990.0
15551,2024-05-02,leche entera tetra pak latti 200ml,C,1190.0
15568,2024-05-02,mezcla chocodivertida nuthos 45 gr,C,1750.0
15580,2024-05-02,mortadela cervecera viande 225g,C,4690.0
15583,2024-05-02,nachos crachos 200 g,C,3290.0
15585,2024-05-02,paleta de frutas treefruts 70 g 6 und,C,11490.0
15588,2024-05-02,papas fosforitos kythos 200 g,C,3400.0
15591,2024-05-02,papas fritas sabor natural kythos 115 g,C,3290.0
15598,2024-05-02,pasabocas surtidos docena kythos 12 unds,C,9990.0
15604,2024-05-02,platanitos maduros kythos 6 und 168 g,C,5490.0
15610,2024-05-02,ramen nissin sabor carne 85 g,C,2490.0
15617,2024-05-02,ron anejo cartavio black barrel 750 ml,C,30990.0
15627,2024-05-02,salchichon cerveroni x900g,C,19950.0
15632,2024-05-02,sexta papa natural kythos 25 g,C,5950.0
15647,2024-05-02,tortilla fajita crachos 12 und 360 g,C,5490.0
15648,2024-05-02,tortilla finas hierbas crachos 250g,C,4490.0
15659,2024-05-02,vino lambrusco don vitto surtido,C,19990.0
15660,2024-05-02,vino malbec los rios varietal,C,19990.0
15665,2024-05-02,vino tinto cabernet sauvignon reserva quinta la,C,21990.0
15667,2024-05-02,vino tinto carmenere reserva quinta las cabras,C,21990.0
15680,2024-05-02,yogurt griego mora latti 160 gr,C,3850.0
15685,2024-05-02,yogurt melocoton light vita latti 1000gr,C,8990.0
15691,2024-05-03,agua con gas limonada omi 600 ml,C,1250.0
15695,2024-05-03,agua saborizada limon omi 1700 ml,C,2390.0
15708,2024-05-03,alimento humedo para gatos whiskas 85 g,C,2690.0
15709,2024-05-03,alimento lacteo en polvo el rodeo nutririnde 2,C,9490.0
15713,2024-05-03,aros frutales fiocco 230 g,C,4490.0
15728,2024-05-03,bebida hidratante sabor mandarina drink a 600 m,C,1590.0
15736,2024-05-03,bebida lactea sabor mora latti 200 ml,C,990.0
15754,2024-05-03,cerveza bahia 330 ml,C,1900.0
15757,2024-05-03,cerveza club colombia 269 ml,C,2190.0
15762,2024-05-03,chile con carne crachos 300 g,C,6550.0
15776,2024-05-03,costilla de cerdo red cut 500 g,C,10490.0
15779,2024-05-03,crispeta caramelo cheetos 72 g,C,2690.0
15794,2024-05-03,galleta 2 tacos ducales noel 241 grs,C,5490.0
15802,2024-05-03,galleta happy cream vainilla 12 pq 408g,C,6490.0
15813,2024-05-03,galleta sabor oliva y oregano greta 120 g,C,4990.0
15817,2024-05-03,galleta wafer cocosette 50 g,C,1750.0
15821,2024-05-03,galletas doble chocolate chalet 120 g,C,4590.0
15826,2024-05-03,galletas mini chips 8 pq 280g,C,8990.0
15828,2024-05-03,galletas para gatos magic friends 75g,C,2190.0
15836,2024-05-03,gaseosa coca cola pet 250ml,C,1790.0
15845,2024-05-03,gaseosa pony malta 2000ml,C,6590.0
15854,2024-05-03,granola coco y pasas fit graan 350 g,C,4990.0
15862,2024-05-03,helado de mora kulfi 1 l,C,13490.0
15870,2024-05-03,jamon asado al horno centurion 100g,C,8990.0
15875,2024-05-03,jamon de pollo premium brakel 250 g,C,6890.0
15878,2024-05-03,jugo de arandanos tree fruts 946 ml,C,9990.0
15884,2024-05-03,kumis entero dulce botella latti 1000 ml,C,7690.0
15886,2024-05-03,kumis vaso latti x 150ml,C,1990.0
15897,2024-05-03,leche entera tetra pak latti 200ml,C,1190.0
15914,2024-05-03,mezcla chocodivertida nuthos 45 gr,C,1750.0
15926,2024-05-03,mortadela cervecera viande 225g,C,4690.0
15929,2024-05-03,nachos crachos 200 g,C,3290.0
15931,2024-05-03,paleta de frutas treefruts 70 g 6 und,C,11490.0
15934,2024-05-03,papas fosforitos kythos 200 g,C,3400.0
15937,2024-05-03,papas fritas sabor natural kythos 115 g,C,3290.0
15944,2024-05-03,pasabocas surtidos docena kythos 12 unds,C,9990.0
15950,2024-05-03,platanitos maduros kythos 6 und 168 g,C,5490.0
15956,2024-05-03,ramen nissin sabor carne 85 g,C,2490.0
15963,2024-05-03,ron anejo cartavio black barrel 750 ml,C,29950.0
15973,2024-05-03,salchichon cerveroni x900g,C,19950.0
15978,2024-05-03,sexta papa natural kythos 25 g,C,5950.0
15993,2024-05-03,tortilla fajita crachos 12 und 360 g,C,5490.0
15994,2024-05-03,tortilla finas hierbas crachos 250g,C,4490.0
16005,2024-05-03,vino lambrusco don vitto surtido,C,19990.0
16006,2024-05-03,vino malbec los rios varietal,C,19990.0
16011,2024-05-03,vino tinto cabernet sauvignon reserva quinta la,C,21990.0
16013,2024-05-03,vino tinto carmenere reserva quinta las cabras,C,21990.0
16027,2024-05-03,yogurt griego mora latti 160 gr,C,3850.0
16032,2024-05-03,yogurt melocoton light vita latti 1000gr,C,8990.0
16039,2024-05-04,agua con gas limonada omi 600 ml,C,1250.0
16043,2024-05-04,agua saborizada limon omi 1700 ml,C,2390.0
16056,2024-05-04,alimento humedo para gatos whiskas 85 g,C,2690.0
16057,2024-05-04,alimento lacteo en polvo el rodeo nutririnde 2,C,9490.0
16061,2024-05-04,aros frutales fiocco 230 g,C,4490.0
16076,2024-05-04,bebida hidratante sabor mandarina drink a 600 m,C,1590.0
16084,2024-05-04,bebida lactea sabor mora latti 200 ml,C,990.0
16101,2024-05-04,cerveza bahia 330 ml,C,1900.0
16104,2024-05-04,cerveza club colombia 269 ml,C,2190.0
16109,2024-05-04,chile con carne crachos 300 g,C,6550.0
16123,2024-05-04,costilla de cerdo red cut 500 g,C,10490.0
16126,2024-05-04,crispeta caramelo cheetos 72 g,C,2690.0
16141,2024-05-04,galleta 2 tacos ducales noel 241 grs,C,5490.0
16149,2024-05-04,galleta happy cream vainilla 12 pq 408g,C,6490.0
16160,2024-05-04,galleta sabor oliva y oregano greta 120 g,C,4990.0
16164,2024-05-04,galleta wafer cocosette 50 g,C,1750.0
16168,2024-05-04,galletas doble chocolate chalet 120 g,C,4590.0
16173,2024-05-04,galletas mini chips 8 pq 280g,C,8990.0
16175,2024-05-04,galletas para gatos magic friends 75g,C,2190.0
16183,2024-05-04,gaseosa coca cola pet 250ml,C,1790.0
16192,2024-05-04,gaseosa pony malta 2000ml,C,6590.0
16201,2024-05-04,granola coco y pasas fit graan 350 g,C,4990.0
16209,2024-05-04,helado de mora kulfi 1 l,C,13490.0
16217,2024-05-04,jamon asado al horno centurion 100g,C,8990.0
16222,2024-05-04,jamon de pollo premium brakel 250 g,C,6890.0
16225,2024-05-04,jugo de arandanos tree fruts 946 ml,C,9990.0
16231,2024-05-04,kumis entero dulce botella latti 1000 ml,C,7690.0
16233,2024-05-04,kumis vaso latti x 150ml,C,1990.0
16244,2024-05-04,leche entera tetra pak latti 200ml,C,1190.0
16261,2024-05-04,mezcla chocodivertida nuthos 45 gr,C,1750.0
16273,2024-05-04,mortadela cervecera viande 225g,C,4690.0
16276,2024-05-04,nachos crachos 200 g,C,3290.0
16278,2024-05-04,paleta de frutas treefruts 70 g 6 und,C,11490.0
16281,2024-05-04,papas fosforitos kythos 200 g,C,3400.0
16284,2024-05-04,papas fritas sabor natural kythos 115 g,C,3290.0
16291,2024-05-04,pasabocas surtidos docena kythos 12 unds,C,9990.0
16297,2024-05-04,platanitos maduros kythos 6 und 168 g,C,5490.0
16303,2024-05-04,ramen nissin sabor carne 85 g,C,2490.0
16310,2024-05-04,ron anejo cartavio black barrel 750 ml,C,29950.0
16320,2024-05-04,salchichon cerveroni x900g,C,19950.0
16325,2024-05-04,sexta papa natural kythos 25 g,C,5950.0
16340,2024-05-04,tortilla fajita crachos 12 und 360 g,C,5490.0
16341,2024-05-04,tortilla finas hierbas crachos 250g,C,4490.0
16352,2024-05-04,vino lambrusco don vitto surtido,C,19990.0
16353,2024-05-04,vino malbec los rios varietal,C,19990.0
16358,2024-05-04,vino tinto cabernet sauvignon reserva quinta la,C,21990.0
16360,2024-05-04,vino tinto carmenere reserva quinta las cabras,C,21990.0
16374,2024-05-04,yogurt griego mora latti 160 gr,C,3850.0
16379,2024-05-04,yogurt melocoton light vita latti 1000gr,C,8990.0
16386,2024-05-06,agua con gas limonada omi 600 ml,C,1250.0
16390,2024-05-06,agua saborizada limon omi 1700 ml,C,2390.0
16403,2024-05-06,alimento humedo para gatos whiskas 85 g,C,2690.0
16404,2024-05-06,alimento lacteo en polvo el rodeo nutririnde 2,C,9490.0
16408,2024-05-06,aros frutales fiocco 230 g,C,4490.0
16422,2024-05-06,bebida hidratante sabor mandarina drink a 600 m,C,1590.0
16430,2024-05-06,bebida lactea sabor mora latti 200 ml,C,990.0
16447,2024-05-06,cerveza bahia 330 ml,C,1900.0
16450,2024-05-06,cerveza club colombia 269 ml,C,2190.0
16455,2024-05-06,chile con carne crachos 300 g,C,6550.0
16469,2024-05-06,costilla de cerdo red cut 500 g,C,10490.0
16472,2024-05-06,crispeta caramelo cheetos 72 g,C,2690.0
16487,2024-05-06,galleta 2 tacos ducales noel 241 grs,C,5490.0
16495,2024-05-06,galleta happy cream vainilla 12 pq 408g,C,6490.0
16506,2024-05-06,galleta sabor oliva y oregano greta 120 g,C,4990.0
16510,2024-05-06,galleta wafer cocosette 50 g,C,1750.0
16515,2024-05-06,galletas doble chocolate chalet 120 g,C,4590.0
16520,2024-05-06,galletas mini chips 8 pq 280g,C,8990.0
16522,2024-05-06,galletas para gatos magic friends 75g,C,2190.0
16530,2024-05-06,gaseosa coca cola pet 250ml,C,1790.0
16539,2024-05-06,gaseosa pony malta 2000ml,C,6590.0
16548,2024-05-06,granola coco y pasas fit graan 350 g,C,4990.0
16556,2024-05-06,helado de mora kulfi 1 l,C,13490.0
16564,2024-05-06,jamon asado al horno centurion 100g,C,8990.0
16569,2024-05-06,jamon de pollo premium brakel 250 g,C,6890.0
16572,2024-05-06,jugo de arandanos tree fruts 946 ml,C,9990.0
16578,2024-05-06,kumis entero dulce botella latti 1000 ml,C,7690.0
16580,2024-05-06,kumis vaso latti x 150ml,C,1990.0
16591,2024-05-06,leche entera tetra pak latti 200ml,C,1190.0
16608,2024-05-06,mezcla chocodivertida nuthos 45 gr,C,1750.0
16620,2024-05-06,mortadela cervecera viande 225g,C,4690.0
16623,2024-05-06,nachos crachos 200 g,C,3290.0
16625,2024-05-06,paleta de frutas treefruts 70 g 6 und,C,11490.0
16628,2024-05-06,papas fosforitos kythos 200 g,C,3400.0
16631,2024-05-06,papas fritas sabor natural kythos 115 g,C,3290.0
16638,2024-05-06,pasabocas surtidos docena kythos 12 unds,C,9990.0
16644,2024-05-06,platanitos maduros kythos 6 und 168 g,C,5490.0
16650,2024-05-06,ramen nissin sabor carne 85 g,C,2490.0
16657,2024-05-06,ron anejo cartavio black barrel 750 ml,C,29950.0
16667,2024-05-06,salchichon cerveroni x900g,C,19950.0
16672,2024-05-06,sexta papa natural kythos 25 g,C,5950.0
16687,2024-05-06,tortilla fajita crachos 12 und 360 g,C,5490.0
16688,2024-05-06,tortilla finas hierbas crachos 250g,C,4490.0
16699,2024-05-06,vino lambrusco don vitto surtido,C,19990.0
16700,2024-05-06,vino malbec los rios varietal,C,19990.0
16705,2024-05-06,vino tinto cabernet sauvignon reserva quinta la,C,21990.0
16707,2024-05-06,vino tinto carmenere reserva quinta las cabras,C,21990.0
16721,2024-05-06,yogurt griego mora latti 160 gr,C,3850.0
16726,2024-05-06,yogurt melocoton light vita latti 1000gr,C,8990.0
16738,2024-05-07,cerveza bahia 330 ml,C,1900.0
16741,2024-05-07,cerveza club colombia 269 ml,C,2190.0
16744,2024-05-07,chile con carne crachos 300 g,C,6550.0
16753,2024-05-07,costilla de cerdo red cut 500 g,C,10490.0
16759,2024-05-07,jamon asado al horno centurion 100g,C,8990.0
16764,2024-05-07,jamon de pollo premium brakel 250 g,C,6890.0
16770,2024-05-07,mortadela cervecera viande 225g,C,4690.0
16775,2024-05-07,ramen nissin sabor carne 85 g,C,2490.0
16784,2024-05-07,salchichon cerveroni x900g,C,19950.0
16793,2024-05-08,agua con gas limonada omi 600 ml,C,1250.0
16797,2024-05-08,agua saborizada limon omi 1700 ml,C,2390.0
16810,2024-05-08,alimento humedo para gatos whiskas 85 g,C,2690.0
16811,2024-05-08,alimento lacteo en polvo el rodeo nutririnde 2,C,9490.0
16815,2024-05-08,aros frutales fiocco 230 g,C,4490.0
16829,2024-05-08,bebida hidratante sabor mandarina drink a 600 m,C,1590.0
16837,2024-05-08,bebida lactea sabor mora latti 200 ml,C,990.0
16854,2024-05-08,cerveza bahia 330 ml,C,1900.0
16857,2024-05-08,cerveza club colombia 269 ml,C,2190.0
16862,2024-05-08,chile con carne crachos 300 g,C,6550.0
16876,2024-05-08,costilla de cerdo red cut 500 g,C,10490.0
16879,2024-05-08,crispeta caramelo cheetos 72 g,C,2690.0
16894,2024-05-08,galleta 2 tacos ducales noel 241 grs,C,5490.0
16902,2024-05-08,galleta happy cream vainilla 12 pq 408g,C,6490.0
16913,2024-05-08,galleta sabor oliva y oregano greta 120 g,C,4990.0
16917,2024-05-08,galleta wafer cocosette 50 g,C,1750.0
16922,2024-05-08,galletas doble chocolate chalet 120 g,C,4590.0
16927,2024-05-08,galletas mini chips 8 pq 280g,C,8990.0
16929,2024-05-08,galletas para gatos magic friends 75g,C,2190.0
16937,2024-05-08,gaseosa coca cola pet 250ml,C,1790.0
16946,2024-05-08,gaseosa pony malta 2000ml,C,6590.0
16955,2024-05-08,granola coco y pasas fit graan 350 g,C,4990.0
16963,2024-05-08,helado de mora kulfi 1 l,C,13490.0
16971,2024-05-08,jamon asado al horno centurion 100g,C,8990.0
16976,2024-05-08,jamon de pollo premium brakel 250 g,C,6890.0
16979,2024-05-08,jugo de arandanos tree fruts 946 ml,C,9990.0
16985,2024-05-08,kumis entero dulce botella latti 1000 ml,C,7690.0
16987,2024-05-08,kumis vaso latti x 150ml,C,1990.0
16998,2024-05-08,leche entera tetra pak latti 200ml,C,1190.0
17015,2024-05-08,mezcla chocodivertida nuthos 45 gr,C,1750.0
17027,2024-05-08,mortadela cervecera viande 225g,C,4690.0
17030,2024-05-08,nachos crachos 200 g,C,3290.0
17032,2024-05-08,paleta de frutas treefruts 70 g 6 und,C,11490.0
17035,2024-05-08,papas fosforitos kythos 200 g,C,3400.0
17038,2024-05-08,papas fritas sabor natural kythos 115 g,C,3290.0
17045,2024-05-08,pasabocas surtidos docena kythos 12 unds,C,9990.0
17051,2024-05-08,platanitos maduros kythos 6 und 168 g,C,5490.0
17057,2024-05-08,ramen nissin sabor carne 85 g,C,2490.0
17065,2024-05-08,ron anejo cartavio black barrel 750 ml,C,29950.0
17075,2024-05-08,salchichon cerveroni x900g,C,19950.0
17080,2024-05-08,sexta papa natural kythos 25 g,C,5950.0
17095,2024-05-08,tortilla fajita crachos 12 und 360 g,C,5490.0
17096,2024-05-08,tortilla finas hierbas crachos 250g,C,4490.0
17107,2024-05-08,vino lambrusco don vitto surtido,C,19990.0
17108,2024-05-08,vino malbec los rios varietal,C,19990.0
17113,2024-05-08,vino tinto cabernet sauvignon reserva quinta la,C,21990.0
17115,2024-05-08,vino tinto carmenere reserva quinta las cabras,C,21990.0
17129,2024-05-08,yogurt griego mora latti 160 gr,C,3850.0
17134,2024-05-08,yogurt melocoton light vita latti 1000gr,C,8990.0
17141,2024-05-09,agua con gas limonada omi 600 ml,C,1250.0
17145,2024-05-09,agua saborizada limon omi 1700 ml,C,2390.0
17158,2024-05-09,alimento humedo para gatos whiskas 85 g,C,2690.0
17159,2024-05-09,alimento lacteo en polvo el rodeo nutririnde 2,C,9490.0
17163,2024-05-09,aros frutales fiocco 230 g,C,4490.0
17176,2024-05-09,bebida hidratante sabor mandarina drink a 600 m,C,1590.0
17184,2024-05-09,bebida lactea sabor mora latti 200 ml,C,990.0
17200,2024-05-09,cerveza bahia 330 ml,C,1900.0
17203,2024-05-09,cerveza club colombia 269 ml,C,2190.0
17208,2024-05-09,chile con carne crachos 300 g,C,6550.0
17222,2024-05-09,costilla de cerdo red cut 500 g,C,10490.0
17225,2024-05-09,crispeta caramelo cheetos 72 g,C,2690.0
17240,2024-05-09,galleta 2 tacos ducales noel 241 grs,C,5490.0
17248,2024-05-09,galleta happy cream vainilla 12 pq 408g,C,6490.0
17262,2024-05-09,galleta wafer cocosette 50 g,C,1750.0
17267,2024-05-09,galletas doble chocolate chalet 120 g,C,4590.0
17272,2024-05-09,galletas mini chips 8 pq 280g,C,8990.0
17274,2024-05-09,galletas para gatos magic friends 75g,C,2190.0
17282,2024-05-09,gaseosa coca cola pet 250ml,C,1790.0
17291,2024-05-09,gaseosa pony malta 2000ml,C,6590.0
17300,2024-05-09,granola coco y pasas fit graan 350 g,C,4990.0
17308,2024-05-09,helado de mora kulfi 1 l,C,13490.0
17316,2024-05-09,jamon asado al horno centurion 100g,C,8990.0
17321,2024-05-09,jamon de pollo premium brakel 250 g,C,6890.0
17324,2024-05-09,jugo de arandanos tree fruts 946 ml,C,9990.0
17330,2024-05-09,kumis entero dulce botella latti 1000 ml,C,7690.0
17332,2024-05-09,kumis vaso latti x 150ml,C,1990.0
17343,2024-05-09,leche entera tetra pak latti 200ml,C,1190.0
17360,2024-05-09,mezcla chocodivertida nuthos 45 gr,C,1750.0
17372,2024-05-09,mortadela cervecera viande 225g,C,4690.0
17375,2024-05-09,nachos crachos 200 g,C,3290.0
17377,2024-05-09,paleta de frutas treefruts 70 g 6 und,C,11490.0
17379,2024-05-09,papas fosforitos kythos 200 g,C,3400.0
17382,2024-05-09,papas fritas sabor natural kythos 115 g,C,3290.0
17389,2024-05-09,pasabocas surtidos docena kythos 12 unds,C,9990.0
17395,2024-05-09,platanitos maduros kythos 6 und 168 g,C,5490.0
17401,2024-05-09,ramen nissin sabor carne 85 g,C,2490.0
17409,2024-05-09,ron anejo cartavio black barrel 750 ml,C,29950.0
17419,2024-05-09,salchichon cerveroni x900g,C,19950.0
17424,2024-05-09,sexta papa natural kythos 25 g,C,5950.0
17439,2024-05-09,tortilla fajita crachos 12 und 360 g,C,5490.0
17440,2024-05-09,tortilla finas hierbas crachos 250g,C,4490.0
17451,2024-05-09,vino lambrusco don vitto surtido,C,19990.0
17452,2024-05-09,vino malbec los rios varietal,C,19990.0
17457,2024-05-09,vino tinto cabernet sauvignon reserva quinta la,C,21990.0
17459,2024-05-09,vino tinto carmenere reserva quinta las cabras,C,21990.0
17473,2024-05-09,yogurt griego mora latti 160 gr,C,3850.0
17478,2024-05-09,yogurt melocoton light vita latti 1000gr,C,8990.0
17485,2024-05-11,agua con gas limonada omi 600 ml,C,1250.0
17489,2024-05-11,agua saborizada limon omi 1700 ml,C,2390.0
17502,2024-05-11,alimento humedo para gatos whiskas 85 g,C,2690.0
17503,2024-05-11,alimento lacteo en polvo el rodeo nutririnde 2,C,9490.0
17507,2024-05-11,aros frutales fiocco 230 g,C,4490.0
17522,2024-05-11,bebida hidratante sabor mandarina drink a 600 m,C,1590.0
17530,2024-05-11,bebida lactea sabor mora latti 200 ml,C,990.0
17547,2024-05-11,cerveza bahia 330 ml,C,1900.0
17550,2024-05-11,cerveza club colombia 269 ml,C,2190.0
17554,2024-05-11,chile con carne crachos 300 g,C,6550.0
17568,2024-05-11,costilla de cerdo red cut 500 g,C,10490.0
17571,2024-05-11,crispeta caramelo cheetos 72 g,C,2690.0
17586,2024-05-11,galleta 2 tacos ducales noel 241 grs,C,5490.0
17594,2024-05-11,galleta happy cream vainilla 12 pq 408g,C,6490.0
17605,2024-05-11,galleta sabor oliva y oregano greta 120 g,C,4990.0
17609,2024-05-11,galleta wafer cocosette 50 g,C,1750.0
17614,2024-05-11,galletas doble chocolate chalet 120 g,C,4590.0
17619,2024-05-11,galletas mini chips 8 pq 280g,C,8990.0
17621,2024-05-11,galletas para gatos magic friends 75g,C,2190.0
17629,2024-05-11,gaseosa coca cola pet 250ml,C,1790.0
17638,2024-05-11,gaseosa pony malta 2000ml,C,6590.0
17647,2024-05-11,granola coco y pasas fit graan 350 g,C,4990.0
17655,2024-05-11,helado de mora kulfi 1 l,C,13490.0
17667,2024-05-11,jamon de pollo premium brakel 250 g,C,6890.0
17670,2024-05-11,jugo de arandanos tree fruts 946 ml,C,9990.0
17676,2024-05-11,kumis entero dulce botella latti 1000 ml,C,7690.0
17678,2024-05-11,kumis vaso latti x 150ml,C,1990.0
17689,2024-05-11,leche entera tetra pak latti 200ml,C,1190.0
17707,2024-05-11,mezcla chocodivertida nuthos 45 gr,C,1750.0
17719,2024-05-11,mortadela cervecera viande 225g,C,4690.0
17722,2024-05-11,nachos crachos 200 g,C,3290.0
17724,2024-05-11,paleta de frutas treefruts 70 g 6 und,C,11490.0
17727,2024-05-11,papas fosforitos kythos 200 g,C,3400.0
17730,2024-05-11,papas fritas sabor natural kythos 115 g,C,3290.0
17737,2024-05-11,pasabocas surtidos docena kythos 12 unds,C,9990.0
17743,2024-05-11,platanitos maduros kythos 6 und 168 g,C,5490.0
17749,2024-05-11,ramen nissin sabor carne 85 g,C,2490.0
17757,2024-05-11,ron anejo cartavio black barrel 750 ml,C,29950.0
17767,2024-05-11,salchichon cerveroni x900g,C,19950.0
17773,2024-05-11,sexta papa natural kythos 25 g,C,5950.0
17788,2024-05-11,tortilla fajita crachos 12 und 360 g,C,5490.0
17789,2024-05-11,tortilla finas hierbas crachos 250g,C,4490.0
17800,2024-05-11,vino lambrusco don vitto surtido,C,19990.0
17801,2024-05-11,vino malbec los rios varietal,C,19990.0
17806,2024-05-11,vino tinto cabernet sauvignon reserva quinta la,C,21990.0
17808,2024-05-11,vino tinto carmenere reserva quinta las cabras,C,21990.0
17822,2024-05-11,yogurt griego mora latti 160 gr,C,3900.0
17827,2024-05-11,yogurt melocoton light vita latti 1000gr,C,8990.0
17834,2024-05-12,agua con gas limonada omi 600 ml,C,1250.0
17838,2024-05-12,agua saborizada limon omi 1700 ml,C,2390.0
17851,2024-05-12,alimento humedo para gatos whiskas 85 g,C,2690.0
17852,2024-05-12,alimento lacteo en polvo el rodeo nutririnde 2,C,9490.0
17856,2024-05-12,aros frutales fiocco 230 g,C,4490.0
17871,2024-05-12,bebida hidratante sabor mandarina drink a 600 m,C,1590.0
17879,2024-05-12,bebida lactea sabor mora latti 200 ml,C,990.0
17896,2024-05-12,cerveza bahia 330 ml,C,1900.0
17899,2024-05-12,cerveza club colombia 269 ml,C,2190.0
17903,2024-05-12,chile con carne crachos 300 g,C,6550.0
17917,2024-05-12,costilla de cerdo red cut 500 g,C,10490.0
17920,2024-05-12,crispeta caramelo cheetos 72 g,C,2690.0
17935,2024-05-12,galleta 2 tacos ducales noel 241 grs,C,5490.0
17943,2024-05-12,galleta happy cream vainilla 12 pq 408g,C,6490.0
17954,2024-05-12,galleta sabor oliva y oregano greta 120 g,C,4990.0
17958,2024-05-12,galleta wafer cocosette 50 g,C,1750.0
17963,2024-05-12,galletas doble chocolate chalet 120 g,C,4590.0
17968,2024-05-12,galletas mini chips 8 pq 280g,C,8990.0
17970,2024-05-12,galletas para gatos magic friends 75g,C,2190.0
17978,2024-05-12,gaseosa coca cola pet 250ml,C,1790.0
17987,2024-05-12,gaseosa pony malta 2000ml,C,6590.0
17996,2024-05-12,granola coco y pasas fit graan 350 g,C,4990.0
18004,2024-05-12,helado de mora kulfi 1 l,C,13490.0
18016,2024-05-12,jamon de pollo premium brakel 250 g,C,6890.0
18019,2024-05-12,jugo de arandanos tree fruts 946 ml,C,9990.0
18025,2024-05-12,kumis entero dulce botella latti 1000 ml,C,7690.0
18027,2024-05-12,kumis vaso latti x 150ml,C,1990.0
18038,2024-05-12,leche entera tetra pak latti 200ml,C,1190.0
18056,2024-05-12,mezcla chocodivertida nuthos 45 gr,C,1750.0
18068,2024-05-12,mortadela cervecera viande 225g,C,4690.0
18071,2024-05-12,nachos crachos 200 g,C,3290.0
18073,2024-05-12,paleta de frutas treefruts 70 g 6 und,C,11490.0
18076,2024-05-12,papas fosforitos kythos 200 g,C,3400.0
18079,2024-05-12,papas fritas sabor natural kythos 115 g,C,3290.0
18086,2024-05-12,pasabocas surtidos docena kythos 12 unds,C,9990.0
18092,2024-05-12,platanitos maduros kythos 6 und 168 g,C,5490.0
18098,2024-05-12,ramen nissin sabor carne 85 g,C,2490.0
18106,2024-05-12,ron anejo cartavio black barrel 750 ml,C,29950.0
18116,2024-05-12,salchichon cerveroni x900g,C,19950.0
18122,2024-05-12,sexta papa natural kythos 25 g,C,5950.0
18137,2024-05-12,tortilla fajita crachos 12 und 360 g,C,5490.0
18138,2024-05-12,tortilla finas hierbas crachos 250g,C,4490.0
18149,2024-05-12,vino lambrusco don vitto surtido,C,19990.0
18150,2024-05-12,vino malbec los rios varietal,C,19990.0
18155,2024-05-12,vino tinto cabernet sauvignon reserva quinta la,C,21990.0
18157,2024-05-12,vino tinto carmenere reserva quinta las cabras,C,21990.0
18171,2024-05-12,yogurt griego mora latti 160 gr,C,3900.0
18176,2024-05-12,yogurt melocoton light vita latti 1000gr,C,8990.0
18183,2024-05-13,agua con gas limonada omi 600 ml,C,1250.0
18187,2024-05-13,agua saborizada limon omi 1700 ml,C,2390.0
18200,2024-05-13,alimento humedo para gatos whiskas 85 g,C,2690.0
18201,2024-05-13,alimento lacteo en polvo el rodeo nutririnde 2,C,9490.0
18205,2024-05-13,aros frutales fiocco 230 g,C,4490.0
18220,2024-05-13,bebida hidratante sabor mandarina drink a 600 m,C,1590.0
18228,2024-05-13,bebida lactea sabor mora latti 200 ml,C,990.0
18245,2024-05-13,cerveza bahia 330 ml,C,1900.0
18248,2024-05-13,cerveza club colombia 269 ml,C,2190.0
18252,2024-05-13,chile con carne crachos 300 g,C,6550.0
18266,2024-05-13,costilla de cerdo red cut 500 g,C,10490.0
18269,2024-05-13,crispeta caramelo cheetos 72 g,C,2690.0
18284,2024-05-13,galleta 2 tacos ducales noel 241 grs,C,5490.0
18291,2024-05-13,galleta happy cream vainilla 12 pq 408g,C,6490.0
18302,2024-05-13,galleta sabor oliva y oregano greta 120 g,C,4990.0
18306,2024-05-13,galleta wafer cocosette 50 g,C,1750.0
18311,2024-05-13,galletas doble chocolate chalet 120 g,C,4590.0
18316,2024-05-13,galletas mini chips 8 pq 280g,C,8990.0
18318,2024-05-13,galletas para gatos magic friends 75g,C,2190.0
18326,2024-05-13,gaseosa coca cola pet 250ml,C,1790.0
18335,2024-05-13,gaseosa pony malta 2000ml,C,6590.0
18344,2024-05-13,granola coco y pasas fit graan 350 g,C,4990.0
18352,2024-05-13,helado de mora kulfi 1 l,C,13490.0
18364,2024-05-13,jamon de pollo premium brakel 250 g,C,6890.0
18367,2024-05-13,jugo de arandanos tree fruts 946 ml,C,9990.0
18373,2024-05-13,kumis entero dulce botella latti 1000 ml,C,7690.0
18375,2024-05-13,kumis vaso latti x 150ml,C,1990.0
18386,2024-05-13,leche entera tetra pak latti 200ml,C,1190.0
18404,2024-05-13,mezcla chocodivertida nuthos 45 gr,C,1750.0
18416,2024-05-13,mortadela cervecera viande 225g,C,4690.0
18419,2024-05-13,nachos crachos 200 g,C,3290.0
18421,2024-05-13,paleta de frutas treefruts 70 g 6 und,C,11490.0
18424,2024-05-13,papas fosforitos kythos 200 g,C,3400.0
18427,2024-05-13,papas fritas sabor natural kythos 115 g,C,3290.0
18434,2024-05-13,pasabocas surtidos docena kythos 12 unds,C,9990.0
18440,2024-05-13,platanitos maduros kythos 6 und 168 g,C,5490.0
18446,2024-05-13,ramen nissin sabor carne 85 g,C,2490.0
18454,2024-05-13,ron anejo cartavio black barrel 750 ml,C,29950.0
18464,2024-05-13,salchichon cerveroni x900g,C,19950.0
18470,2024-05-13,sexta papa natural kythos 25 g,C,5950.0
18485,2024-05-13,tortilla fajita crachos 12 und 360 g,C,5490.0
18486,2024-05-13,tortilla finas hierbas crachos 250g,C,4490.0
18497,2024-05-13,vino lambrusco don vitto surtido,C,19990.0
18498,2024-05-13,vino malbec los rios varietal,C,19990.0
18503,2024-05-13,vino tinto cabernet sauvignon reserva quinta la,C,21990.0
18505,2024-05-13,vino tinto carmenere reserva quinta las cabras,C,21990.0
18519,2024-05-13,yogurt griego mora latti 160 gr,C,3900.0
18524,2024-05-13,yogurt melocoton light vita latti 1000gr,C,8990.0
18531,2024-05-14,agua con gas limonada omi 600 ml,C,1250.0
18535,2024-05-14,agua saborizada limon omi 1700 ml,C,2390.0
18547,2024-05-14,alimento humedo para gatos whiskas 85 g,C,2690.0
18548,2024-05-14,alimento lacteo en polvo el rodeo nutririnde 2,C,9490.0
18552,2024-05-14,aros frutales fiocco 230 g,C,4490.0
18567,2024-05-14,bebida hidratante sabor mandarina drink a 600 m,C,1590.0
18575,2024-05-14,bebida lactea sabor mora latti 200 ml,C,990.0
18592,2024-05-14,cerveza bahia 330 ml,C,1900.0
18595,2024-05-14,cerveza club colombia 269 ml,C,2190.0
18600,2024-05-14,chile con carne crachos 300 g,C,6550.0
18614,2024-05-14,costilla de cerdo red cut 500 g,C,10490.0
18617,2024-05-14,crispeta caramelo cheetos 72 g,C,2690.0
18632,2024-05-14,galleta 2 tacos ducales noel 241 grs,C,5490.0
18640,2024-05-14,galleta happy cream vainilla 12 pq 408g,C,6490.0
18651,2024-05-14,galleta sabor oliva y oregano greta 120 g,C,4990.0
18655,2024-05-14,galleta wafer cocosette 50 g,C,1750.0
18660,2024-05-14,galletas doble chocolate chalet 120 g,C,4590.0
18665,2024-05-14,galletas mini chips 8 pq 280g,C,8990.0
18667,2024-05-14,galletas para gatos magic friends 75g,C,2190.0
18675,2024-05-14,gaseosa coca cola pet 250ml,C,1790.0
18684,2024-05-14,gaseosa pony malta 2000ml,C,6590.0
18693,2024-05-14,granola coco y pasas fit graan 350 g,C,4990.0
18701,2024-05-14,helado de mora kulfi 1 l,C,13490.0
18709,2024-05-14,jamon asado al horno centurion 100g,C,8990.0
18714,2024-05-14,jamon de pollo premium brakel 250 g,C,6890.0
18717,2024-05-14,jugo de arandanos tree fruts 946 ml,C,9990.0
18723,2024-05-14,kumis entero dulce botella latti 1000 ml,C,7690.0
18725,2024-05-14,kumis vaso latti x 150ml,C,1990.0
18736,2024-05-14,leche entera tetra pak latti 200ml,C,1190.0
18754,2024-05-14,mezcla chocodivertida nuthos 45 gr,C,1750.0
18766,2024-05-14,mortadela cervecera viande 225g,C,4690.0
18769,2024-05-14,nachos crachos 200 g,C,3290.0
18771,2024-05-14,paleta de frutas treefruts 70 g 6 und,C,11490.0
18774,2024-05-14,papas fosforitos kythos 200 g,C,3400.0
18777,2024-05-14,papas fritas sabor natural kythos 115 g,C,3290.0
18784,2024-05-14,pasabocas surtidos docena kythos 12 unds,C,9990.0
18790,2024-05-14,platanitos maduros kythos 6 und 168 g,C,5490.0
18796,2024-05-14,ramen nissin sabor carne 85 g,C,2490.0
18804,2024-05-14,ron anejo cartavio black barrel 750 ml,C,29950.0
18814,2024-05-14,salchichon cerveroni x900g,C,19950.0
18819,2024-05-14,sexta papa natural kythos 25 g,C,5950.0
18834,2024-05-14,tortilla fajita crachos 12 und 360 g,C,5490.0
18835,2024-05-14,tortilla finas hierbas crachos 250g,C,4490.0
18846,2024-05-14,vino lambrusco don vitto surtido,C,19990.0
18847,2024-05-14,vino malbec los rios varietal,C,19990.0
18852,2024-05-14,vino tinto cabernet sauvignon reserva quinta la,C,21990.0
18854,2024-05-14,vino tinto carmenere reserva quinta las cabras,C,21990.0
18868,2024-05-14,yogurt griego mora latti 160 gr,C,3900.0
18873,2024-05-14,yogurt melocoton light vita latti 1000gr,C,8990.0
18880,2024-05-15,agua con gas limonada omi 600 ml,C,1250.0
18884,2024-05-15,agua saborizada limon omi 1700 ml,C,2390.0
18896,2024-05-15,alimento humedo para gatos whiskas 85 g,C,2690.0
18897,2024-05-15,alimento lacteo en polvo el rodeo nutririnde 2,C,9490.0
18901,2024-05-15,aros frutales fiocco 230 g,C,4490.0
18916,2024-05-15,bebida hidratante sabor mandarina drink a 600 m,C,1590.0
18924,2024-05-15,bebida lactea sabor mora latti 200 ml,C,990.0
18941,2024-05-15,cerveza bahia 330 ml,C,1900.0
18944,2024-05-15,cerveza club colombia 269 ml,C,2190.0
18949,2024-05-15,chile con carne crachos 300 g,C,6550.0
18963,2024-05-15,costilla de cerdo red cut 500 g,C,10490.0
18966,2024-05-15,crispeta caramelo cheetos 72 g,C,2690.0
18981,2024-05-15,galleta 2 tacos ducales noel 241 grs,C,5490.0
18989,2024-05-15,galleta happy cream vainilla 12 pq 408g,C,6490.0
19000,2024-05-15,galleta sabor oliva y oregano greta 120 g,C,4990.0
19004,2024-05-15,galleta wafer cocosette 50 g,C,1750.0
19009,2024-05-15,galletas doble chocolate chalet 120 g,C,4590.0
19014,2024-05-15,galletas mini chips 8 pq 280g,C,8990.0
19016,2024-05-15,galletas para gatos magic friends 75g,C,2190.0
19024,2024-05-15,gaseosa coca cola pet 250ml,C,1790.0
19033,2024-05-15,gaseosa pony malta 2000ml,C,6590.0
19042,2024-05-15,granola coco y pasas fit graan 350 g,C,4990.0
19050,2024-05-15,helado de mora kulfi 1 l,C,13490.0
19058,2024-05-15,jamon asado al horno centurion 100g,C,8990.0
19063,2024-05-15,jamon de pollo premium brakel 250 g,C,6890.0
19066,2024-05-15,jugo de arandanos tree fruts 946 ml,C,9990.0
19072,2024-05-15,kumis entero dulce botella latti 1000 ml,C,7690.0
19074,2024-05-15,kumis vaso latti x 150ml,C,1990.0
19085,2024-05-15,leche entera tetra pak latti 200ml,C,1190.0
19103,2024-05-15,mezcla chocodivertida nuthos 45 gr,C,1750.0
19115,2024-05-15,mortadela cervecera viande 225g,C,4690.0
19118,2024-05-15,nachos crachos 200 g,C,3290.0
19120,2024-05-15,paleta de frutas treefruts 70 g 6 und,C,11490.0
19123,2024-05-15,papas fosforitos kythos 200 g,C,3400.0
19126,2024-05-15,papas fritas sabor natural kythos 115 g,C,3290.0
19133,2024-05-15,pasabocas surtidos docena kythos 12 unds,C,9990.0
19139,2024-05-15,platanitos maduros kythos 6 und 168 g,C,5490.0
19145,2024-05-15,ramen nissin sabor carne 85 g,C,2490.0
19153,2024-05-15,ron anejo cartavio black barrel 750 ml,C,29950.0
19163,2024-05-15,salchichon cerveroni x900g,C,19950.0
19169,2024-05-15,sexta papa natural kythos 25 g,C,5950.0
19184,2024-05-15,tortilla fajita crachos 12 und 360 g,C,5490.0
19185,2024-05-15,tortilla finas hierbas crachos 250g,C,4490.0
19196,2024-05-15,vino lambrusco don vitto surtido,C,19990.0
19197,2024-05-15,vino malbec los rios varietal,C,19990.0
19202,2024-05-15,vino tinto cabernet sauvignon reserva quinta la,C,21990.0
19204,2024-05-15,vino tinto carmenere reserva quinta las cabras,C,21990.0
19218,2024-05-15,yogurt griego mora latti 160 gr,C,3900.0
19223,2024-05-15,yogurt melocoton light vita latti 1000gr,C,8990.0
19230,2024-05-16,agua con gas limonada omi 600 ml,C,1250.0
19234,2024-05-16,agua saborizada limon omi 1700 ml,C,2390.0
19246,2024-05-16,alimento humedo para gatos whiskas 85 g,C,2690.0
19247,2024-05-16,alimento lacteo en polvo el rodeo nutririnde 2,C,9490.0
19251,2024-05-16,aros frutales fiocco 230 g,C,4490.0
19266,2024-05-16,bebida hidratante sabor mandarina drink a 600 m,C,1590.0
19274,2024-05-16,bebida lactea sabor mora latti 200 ml,C,990.0
19291,2024-05-16,cerveza bahia 330 ml,C,1900.0
19294,2024-05-16,cerveza club colombia 269 ml,C,2190.0
19299,2024-05-16,chile con carne crachos 300 g,C,6550.0
19313,2024-05-16,costilla de cerdo red cut 500 g,C,10490.0
19316,2024-05-16,crispeta caramelo cheetos 72 g,C,2690.0
19331,2024-05-16,galleta 2 tacos ducales noel 241 grs,C,5490.0
19339,2024-05-16,galleta happy cream vainilla 12 pq 408g,C,6490.0
19350,2024-05-16,galleta sabor oliva y oregano greta 120 g,C,4990.0
19354,2024-05-16,galleta wafer cocosette 50 g,C,1750.0
19359,2024-05-16,galletas doble chocolate chalet 120 g,C,4590.0
19363,2024-05-16,galletas mini chips 8 pq 280g,C,8990.0
19365,2024-05-16,galletas para gatos magic friends 75g,C,2190.0
19373,2024-05-16,gaseosa coca cola pet 250ml,C,1790.0
19382,2024-05-16,gaseosa pony malta 2000ml,C,6590.0
19391,2024-05-16,granola coco y pasas fit graan 350 g,C,4990.0
19399,2024-05-16,helado de mora kulfi 1 l,C,13490.0
19407,2024-05-16,jamon asado al horno centurion 100g,C,8990.0
19412,2024-05-16,jamon de pollo premium brakel 250 g,C,6890.0
19415,2024-05-16,jugo de arandanos tree fruts 946 ml,C,9990.0
19421,2024-05-16,kumis entero dulce botella latti 1000 ml,C,7690.0
19423,2024-05-16,kumis vaso latti x 150ml,C,1990.0
19434,2024-05-16,leche entera tetra pak latti 200ml,C,1190.0
19452,2024-05-16,mezcla chocodivertida nuthos 45 gr,C,1750.0
19464,2024-05-16,mortadela cervecera viande 225g,C,4690.0
19467,2024-05-16,nachos crachos 200 g,C,3290.0
19469,2024-05-16,paleta de frutas treefruts 70 g 6 und,C,11490.0
19472,2024-05-16,papas fosforitos kythos 200 g,C,3400.0
19475,2024-05-16,papas fritas sabor natural kythos 115 g,C,3290.0
19482,2024-05-16,pasabocas surtidos docena kythos 12 unds,C,9990.0
19488,2024-05-16,platanitos maduros kythos 6 und 168 g,C,5490.0
19494,2024-05-16,ramen nissin sabor carne 85 g,C,2490.0
19502,2024-05-16,ron anejo cartavio black barrel 750 ml,C,29950.0
19512,2024-05-16,salchichon cerveroni x900g,C,19950.0
19518,2024-05-16,sexta papa natural kythos 25 g,C,5950.0
19533,2024-05-16,tortilla fajita crachos 12 und 360 g,C,5490.0
19534,2024-05-16,tortilla finas hierbas crachos 250g,C,4490.0
19545,2024-05-16,vino lambrusco don vitto surtido,C,19990.0
19546,2024-05-16,vino malbec los rios varietal,C,19990.0
19551,2024-05-16,vino tinto cabernet sauvignon reserva quinta la,C,21990.0
19553,2024-05-16,vino tinto carmenere reserva quinta las cabras,C,21990.0
19567,2024-05-16,yogurt griego mora latti 160 gr,C,3900.0
19572,2024-05-16,yogurt melocoton light vita latti 1000gr,C,8990.0
19579,2024-05-17,agua con gas limonada omi 600 ml,C,1250.0
19583,2024-05-17,agua saborizada limon omi 1700 ml,C,2390.0
19595,2024-05-17,alimento humedo para gatos whiskas 85 g,C,2690.0
19596,2024-05-17,alimento lacteo en polvo el rodeo nutririnde 2,C,9490.0
19600,2024-05-17,aros frutales fiocco 230 g,C,4490.0
19615,2024-05-17,bebida hidratante sabor mandarina drink a 600 m,C,1590.0
19622,2024-05-17,bebida lactea sabor mora latti 200 ml,C,990.0
19639,2024-05-17,cerveza bahia 330 ml,C,1900.0
19642,2024-05-17,cerveza club colombia 269 ml,C,2190.0
19647,2024-05-17,chile con carne crachos 300 g,C,6550.0
19661,2024-05-17,costilla de cerdo red cut 500 g,C,10490.0
19664,2024-05-17,crispeta caramelo cheetos 72 g,C,2690.0
19679,2024-05-17,galleta 2 tacos ducales noel 241 grs,C,5490.0
19687,2024-05-17,galleta happy cream vainilla 12 pq 408g,C,6490.0
19698,2024-05-17,galleta sabor oliva y oregano greta 120 g,C,4990.0
19702,2024-05-17,galleta wafer cocosette 50 g,C,1750.0
19707,2024-05-17,galletas doble chocolate chalet 120 g,C,4590.0
19712,2024-05-17,galletas mini chips 8 pq 280g,C,8990.0
19714,2024-05-17,galletas para gatos magic friends 75g,C,2190.0
19722,2024-05-17,gaseosa coca cola pet 250ml,C,1790.0
19731,2024-05-17,gaseosa pony malta 2000ml,C,6590.0
19740,2024-05-17,granola coco y pasas fit graan 350 g,C,4990.0
19748,2024-05-17,helado de mora kulfi 1 l,C,13490.0
19756,2024-05-17,jamon asado al horno centurion 100g,C,8990.0
19761,2024-05-17,jamon de pollo premium brakel 250 g,C,6890.0
19764,2024-05-17,jugo de arandanos tree fruts 946 ml,C,9990.0
19770,2024-05-17,kumis entero dulce botella latti 1000 ml,C,7690.0
19772,2024-05-17,kumis vaso latti x 150ml,C,1990.0
19783,2024-05-17,leche entera tetra pak latti 200ml,C,1190.0
19801,2024-05-17,mezcla chocodivertida nuthos 45 gr,C,1750.0
19813,2024-05-17,mortadela cervecera viande 225g,C,4690.0
19816,2024-05-17,nachos crachos 200 g,C,3290.0
19818,2024-05-17,paleta de frutas treefruts 70 g 6 und,C,11490.0
19821,2024-05-17,papas fosforitos kythos 200 g,C,3400.0
19824,2024-05-17,papas fritas sabor natural kythos 115 g,C,3290.0
19831,2024-05-17,pasabocas surtidos docena kythos 12 unds,C,9990.0
19837,2024-05-17,platanitos maduros kythos 6 und 168 g,C,5490.0
19843,2024-05-17,ramen nissin sabor carne 85 g,C,2490.0
19851,2024-05-17,ron anejo cartavio black barrel 750 ml,C,29950.0
19861,2024-05-17,salchichon cerveroni x900g,C,19950.0
19866,2024-05-17,sexta papa natural kythos 25 g,C,5950.0
19881,2024-05-17,tortilla fajita crachos 12 und 360 g,C,5490.0
19882,2024-05-17,tortilla finas hierbas crachos 250g,C,4490.0
19893,2024-05-17,vino lambrusco don vitto surtido,C,19990.0
19894,2024-05-17,vino malbec los rios varietal,C,19990.0
19899,2024-05-17,vino tinto cabernet sauvignon reserva quinta la,C,21990.0
19901,2024-05-17,vino tinto carmenere reserva quinta las cabras,C,21990.0
19915,2024-05-17,yogurt griego mora latti 160 gr,C,3900.0
19920,2024-05-17,yogurt melocoton light vita latti 1000gr,C,8990.0
19927,2024-05-18,agua con gas limonada omi 600 ml,C,1250.0
19931,2024-05-18,agua saborizada limon omi 1700 ml,C,2390.0
19943,2024-05-18,alimento humedo para gatos whiskas 85 g,C,2690.0
19944,2024-05-18,alimento lacteo en polvo el rodeo nutririnde 2,C,9490.0
19948,2024-05-18,aros frutales fiocco 230 g,C,4490.0
19963,2024-05-18,bebida hidratante sabor mandarina drink a 600 m,C,1590.0
19971,2024-05-18,bebida lactea sabor mora latti 200 ml,C,990.0
19988,2024-05-18,cerveza bahia 330 ml,C,1900.0
19991,2024-05-18,cerveza club colombia 269 ml,C,2190.0
19996,2024-05-18,chile con carne crachos 300 g,C,6550.0
20010,2024-05-18,costilla de cerdo red cut 500 g,C,10490.0
20013,2024-05-18,crispeta caramelo cheetos 72 g,C,2690.0
20028,2024-05-18,galleta 2 tacos ducales noel 241 grs,C,5490.0
20036,2024-05-18,galleta happy cream vainilla 12 pq 408g,C,6490.0
20047,2024-05-18,galleta sabor oliva y oregano greta 120 g,C,4990.0
20051,2024-05-18,galleta wafer cocosette 50 g,C,1750.0
20056,2024-05-18,galletas doble chocolate chalet 120 g,C,4590.0
20061,2024-05-18,galletas mini chips 8 pq 280g,C,8990.0
20063,2024-05-18,galletas para gatos magic friends 75g,C,2190.0
20071,2024-05-18,gaseosa coca cola pet 250ml,C,1790.0
20080,2024-05-18,gaseosa pony malta 2000ml,C,6590.0
20089,2024-05-18,granola coco y pasas fit graan 350 g,C,4990.0
20097,2024-05-18,helado de mora kulfi 1 l,C,13490.0
20105,2024-05-18,jamon asado al horno centurion 100g,C,8990.0
20110,2024-05-18,jamon de pollo premium brakel 250 g,C,6890.0
20117,2024-05-18,kumis entero dulce botella latti 1000 ml,C,7690.0
20119,2024-05-18,kumis vaso latti x 150ml,C,1990.0
20130,2024-05-18,leche entera tetra pak latti 200ml,C,1190.0
20148,2024-05-18,mezcla chocodivertida nuthos 45 gr,C,1750.0
20160,2024-05-18,mortadela cervecera viande 225g,C,4690.0
20163,2024-05-18,nachos crachos 200 g,C,3290.0
20165,2024-05-18,paleta de frutas treefruts 70 g 6 und,C,11490.0
20168,2024-05-18,papas fosforitos kythos 200 g,C,3400.0
20171,2024-05-18,papas fritas sabor natural kythos 115 g,C,3290.0
20178,2024-05-18,pasabocas surtidos docena kythos 12 unds,C,9990.0
20184,2024-05-18,platanitos maduros kythos 6 und 168 g,C,5490.0
20190,2024-05-18,ramen nissin sabor carne 85 g,C,2490.0
20198,2024-05-18,ron anejo cartavio black barrel 750 ml,C,29950.0
20208,2024-05-18,salchichon cerveroni x900g,C,19950.0
20213,2024-05-18,sexta papa natural kythos 25 g,C,5950.0
20228,2024-05-18,tortilla fajita crachos 12 und 360 g,C,5490.0
20229,2024-05-18,tortilla finas hierbas crachos 250g,C,4490.0
20240,2024-05-18,vino lambrusco don vitto surtido,C,19990.0
20241,2024-05-18,vino malbec los rios varietal,C,19990.0
20246,2024-05-18,vino tinto cabernet sauvignon reserva quinta la,C,21990.0
20248,2024-05-18,vino tinto carmenere reserva quinta las cabras,C,21990.0
20262,2024-05-18,yogurt griego mora latti 160 gr,C,3900.0
20267,2024-05-18,yogurt melocoton light vita latti 1000gr,C,8990.0
20274,2024-05-19,agua con gas limonada omi 600 ml,C,1250.0
20278,2024-05-19,agua saborizada limon omi 1700 ml,C,2390.0
20291,2024-05-19,alimento humedo para gatos whiskas 85 g,C,2690.0
20292,2024-05-19,alimento lacteo en polvo el rodeo nutririnde 2,C,9490.0
20296,2024-05-19,aros frutales fiocco 230 g,C,4490.0
20311,2024-05-19,bebida hidratante sabor mandarina drink a 600 m,C,1590.0
20319,2024-05-19,bebida lactea sabor mora latti 200 ml,C,990.0
20336,2024-05-19,cerveza bahia 330 ml,C,1900.0
20339,2024-05-19,cerveza club colombia 269 ml,C,2190.0
20344,2024-05-19,chile con carne crachos 300 g,C,6550.0
20358,2024-05-19,costilla de cerdo red cut 500 g,C,10490.0
20361,2024-05-19,crispeta caramelo cheetos 72 g,C,2690.0
20376,2024-05-19,galleta 2 tacos ducales noel 241 grs,C,5490.0
20384,2024-05-19,galleta happy cream vainilla 12 pq 408g,C,6490.0
20395,2024-05-19,galleta sabor oliva y oregano greta 120 g,C,4990.0
20399,2024-05-19,galleta wafer cocosette 50 g,C,1750.0
20404,2024-05-19,galletas doble chocolate chalet 120 g,C,4590.0
20409,2024-05-19,galletas mini chips 8 pq 280g,C,8990.0
20411,2024-05-19,galletas para gatos magic friends 75g,C,2190.0
20419,2024-05-19,gaseosa coca cola pet 250ml,C,1790.0
20428,2024-05-19,gaseosa pony malta 2000ml,C,6590.0
20437,2024-05-19,granola coco y pasas fit graan 350 g,C,4990.0
20445,2024-05-19,helado de mora kulfi 1 l,C,13490.0
20453,2024-05-19,jamon asado al horno centurion 100g,C,8990.0
20458,2024-05-19,jamon de pollo premium brakel 250 g,C,6890.0
20465,2024-05-19,kumis entero dulce botella latti 1000 ml,C,7690.0
20467,2024-05-19,kumis vaso latti x 150ml,C,1990.0
20478,2024-05-19,leche entera tetra pak latti 200ml,C,1190.0
20496,2024-05-19,mezcla chocodivertida nuthos 45 gr,C,1750.0
20508,2024-05-19,mortadela cervecera viande 225g,C,4690.0
20511,2024-05-19,nachos crachos 200 g,C,3290.0
20513,2024-05-19,paleta de frutas treefruts 70 g 6 und,C,11490.0
20516,2024-05-19,papas fosforitos kythos 200 g,C,3400.0
20519,2024-05-19,papas fritas sabor natural kythos 115 g,C,3290.0
20526,2024-05-19,pasabocas surtidos docena kythos 12 unds,C,9990.0
20532,2024-05-19,platanitos maduros kythos 6 und 168 g,C,5490.0
20538,2024-05-19,ramen nissin sabor carne 85 g,C,2490.0
20546,2024-05-19,ron anejo cartavio black barrel 750 ml,C,29950.0
20556,2024-05-19,salchichon cerveroni x900g,C,19950.0
20562,2024-05-19,sexta papa natural kythos 25 g,C,5950.0
20577,2024-05-19,tortilla fajita crachos 12 und 360 g,C,5490.0
20578,2024-05-19,tortilla finas hierbas crachos 250g,C,4490.0
20589,2024-05-19,vino lambrusco don vitto surtido,C,19990.0
20590,2024-05-19,vino malbec los rios varietal,C,19990.0
20595,2024-05-19,vino tinto cabernet sauvignon reserva quinta la,C,21990.0
20597,2024-05-19,vino tinto carmenere reserva quinta las cabras,C,21990.0
20611,2024-05-19,yogurt griego mora latti 160 gr,C,3900.0
20616,2024-05-19,yogurt melocoton light vita latti 1000gr,C,8990.0
20623,2024-05-20,agua con gas limonada omi 600 ml,C,1250.0
20627,2024-05-20,agua saborizada limon omi 1700 ml,C,2390.0
20640,2024-05-20,alimento humedo para gatos whiskas 85 g,C,2690.0
20641,2024-05-20,alimento lacteo en polvo el rodeo nutririnde 2,C,9490.0
20645,2024-05-20,aros frutales fiocco 230 g,C,4490.0
20661,2024-05-20,bebida hidratante sabor mandarina drink a 600 m,C,1590.0
20669,2024-05-20,bebida lactea sabor mora latti 200 ml,C,990.0
20686,2024-05-20,cerveza bahia 330 ml,C,1900.0
20689,2024-05-20,cerveza club colombia 269 ml,C,2190.0
20694,2024-05-20,chile con carne crachos 300 g,C,6550.0
20708,2024-05-20,costilla de cerdo red cut 500 g,C,10490.0
20711,2024-05-20,crispeta caramelo cheetos 72 g,C,2690.0
20726,2024-05-20,galleta 2 tacos ducales noel 241 grs,C,5490.0
20734,2024-05-20,galleta happy cream vainilla 12 pq 408g,C,6490.0
20745,2024-05-20,galleta sabor oliva y oregano greta 120 g,C,4990.0
20749,2024-05-20,galleta wafer cocosette 50 g,C,1750.0
20754,2024-05-20,galletas doble chocolate chalet 120 g,C,4590.0
20759,2024-05-20,galletas mini chips 8 pq 280g,C,8990.0
20761,2024-05-20,galletas para gatos magic friends 75g,C,2190.0
20769,2024-05-20,gaseosa coca cola pet 250ml,C,1790.0
20778,2024-05-20,gaseosa pony malta 2000ml,C,6590.0
20787,2024-05-20,granola coco y pasas fit graan 350 g,C,4990.0
20795,2024-05-20,helado de mora kulfi 1 l,C,13490.0
20803,2024-05-20,jamon asado al horno centurion 100g,C,8990.0
20808,2024-05-20,jamon de pollo premium brakel 250 g,C,6890.0
20811,2024-05-20,jugo de arandanos tree fruts 946 ml,C,9990.0
20816,2024-05-20,kumis entero dulce botella latti 1000 ml,C,7690.0
20818,2024-05-20,kumis vaso latti x 150ml,C,1990.0
20829,2024-05-20,leche entera tetra pak latti 200ml,C,1190.0
20847,2024-05-20,mezcla chocodivertida nuthos 45 gr,C,1750.0
20859,2024-05-20,mortadela cervecera viande 225g,C,4690.0
20862,2024-05-20,nachos crachos 200 g,C,3290.0
20864,2024-05-20,paleta de frutas treefruts 70 g 6 und,C,11490.0
20867,2024-05-20,papas fosforitos kythos 200 g,C,3400.0
20870,2024-05-20,papas fritas sabor natural kythos 115 g,C,3290.0
20877,2024-05-20,pasabocas surtidos docena kythos 12 unds,C,9990.0
20883,2024-05-20,platanitos maduros kythos 6 und 168 g,C,5490.0
20889,2024-05-20,ramen nissin sabor carne 85 g,C,2490.0
20897,2024-05-20,ron anejo cartavio black barrel 750 ml,C,29950.0
20907,2024-05-20,salchichon cerveroni x900g,C,19950.0
20913,2024-05-20,sexta papa natural kythos 25 g,C,5950.0
20929,2024-05-20,tortilla fajita crachos 12 und 360 g,C,5490.0
20930,2024-05-20,tortilla finas hierbas crachos 250g,C,4490.0
20941,2024-05-20,vino lambrusco don vitto surtido,C,19990.0
20942,2024-05-20,vino malbec los rios varietal,C,19990.0
20947,2024-05-20,vino tinto cabernet sauvignon reserva quinta la,C,21990.0
20949,2024-05-20,vino tinto carmenere reserva quinta las cabras,C,21990.0
20963,2024-05-20,yogurt griego mora latti 160 gr,C,3900.0
20968,2024-05-20,yogurt melocoton light vita latti 1000gr,C,8990.0
20975,2024-05-21,agua con gas limonada omi 600 ml,C,1250.0
20979,2024-05-21,agua saborizada limon omi 1700 ml,C,2390.0
20992,2024-05-21,alimento humedo para gatos whiskas 85 g,C,2690.0
20993,2024-05-21,alimento lacteo en polvo el rodeo nutririnde 2,C,9490.0
20997,2024-05-21,aros frutales fiocco 230 g,C,4490.0
21013,2024-05-21,bebida hidratante sabor mandarina drink a 600 m,C,1590.0
21021,2024-05-21,bebida lactea sabor mora latti 200 ml,C,990.0
21038,2024-05-21,cerveza bahia 330 ml,C,1900.0
21041,2024-05-21,cerveza club colombia 269 ml,C,2190.0
21046,2024-05-21,chile con carne crachos 300 g,C,6550.0
21060,2024-05-21,costilla de cerdo red cut 500 g,C,10490.0
21063,2024-05-21,crispeta caramelo cheetos 72 g,C,2690.0
21078,2024-05-21,galleta 2 tacos ducales noel 241 grs,C,5490.0
21086,2024-05-21,galleta happy cream vainilla 12 pq 408g,C,6490.0
21097,2024-05-21,galleta sabor oliva y oregano greta 120 g,C,4990.0
21101,2024-05-21,galleta wafer cocosette 50 g,C,1750.0
21106,2024-05-21,galletas doble chocolate chalet 120 g,C,4590.0
21111,2024-05-21,galletas mini chips 8 pq 280g,C,8990.0
21113,2024-05-21,galletas para gatos magic friends 75g,C,2190.0
21121,2024-05-21,gaseosa coca cola pet 250ml,C,1790.0
21130,2024-05-21,gaseosa pony malta 2000ml,C,6590.0
21139,2024-05-21,granola coco y pasas fit graan 350 g,C,4990.0
21147,2024-05-21,helado de mora kulfi 1 l,C,13490.0
21155,2024-05-21,jamon asado al horno centurion 100g,C,8990.0
21160,2024-05-21,jamon de pollo premium brakel 250 g,C,6890.0
21163,2024-05-21,jugo de arandanos tree fruts 946 ml,C,9990.0
21168,2024-05-21,kumis entero dulce botella latti 1000 ml,C,7690.0
21170,2024-05-21,kumis vaso latti x 150ml,C,1990.0
21181,2024-05-21,leche entera tetra pak latti 200ml,C,1190.0
21199,2024-05-21,mezcla chocodivertida nuthos 45 gr,C,1750.0
21211,2024-05-21,mortadela cervecera viande 225g,C,4690.0
21214,2024-05-21,nachos crachos 200 g,C,3290.0
21216,2024-05-21,paleta de frutas treefruts 70 g 6 und,C,11490.0
21219,2024-05-21,papas fosforitos kythos 200 g,C,3400.0
21222,2024-05-21,papas fritas sabor natural kythos 115 g,C,3290.0
21229,2024-05-21,pasabocas surtidos docena kythos 12 unds,C,9990.0
21235,2024-05-21,platanitos maduros kythos 6 und 168 g,C,5490.0
21241,2024-05-21,ramen nissin sabor carne 85 g,C,2490.0
21249,2024-05-21,ron anejo cartavio black barrel 750 ml,C,29950.0
21259,2024-05-21,salchichon cerveroni x900g,C,19950.0
21265,2024-05-21,sexta papa natural kythos 25 g,C,5950.0
21281,2024-05-21,tortilla fajita crachos 12 und 360 g,C,5490.0
21282,2024-05-21,tortilla finas hierbas crachos 250g,C,4490.0
21293,2024-05-21,vino lambrusco don vitto surtido,C,19990.0
21294,2024-05-21,vino malbec los rios varietal,C,19990.0
21299,2024-05-21,vino tinto cabernet sauvignon reserva quinta la,C,21990.0
21301,2024-05-21,vino tinto carmenere reserva quinta las cabras,C,21990.0
21315,2024-05-21,yogurt griego mora latti 160 gr,C,3900.0
21320,2024-05-21,yogurt melocoton light vita latti 1000gr,C,8990.0
21327,2024-05-22,agua con gas limonada omi 600 ml,C,1250.0
21331,2024-05-22,agua saborizada limon omi 1700 ml,C,2390.0
21344,2024-05-22,alimento humedo para gatos whiskas 85 g,C,2690.0
21345,2024-05-22,alimento lacteo en polvo el rodeo nutririnde 2,C,9490.0
21349,2024-05-22,aros frutales fiocco 230 g,C,4490.0
21365,2024-05-22,bebida hidratante sabor mandarina drink a 600 m,C,1590.0
21373,2024-05-22,bebida lactea sabor mora latti 200 ml,C,990.0
21390,2024-05-22,cerveza bahia 330 ml,C,1900.0
21393,2024-05-22,cerveza club colombia 269 ml,C,2190.0
21398,2024-05-22,chile con carne crachos 300 g,C,6550.0
21412,2024-05-22,costilla de cerdo red cut 500 g,C,10490.0
21415,2024-05-22,crispeta caramelo cheetos 72 g,C,2690.0
21430,2024-05-22,galleta 2 tacos ducales noel 241 grs,C,5490.0
21438,2024-05-22,galleta happy cream vainilla 12 pq 408g,C,6490.0
21449,2024-05-22,galleta sabor oliva y oregano greta 120 g,C,4990.0
21453,2024-05-22,galleta wafer cocosette 50 g,C,1750.0
21458,2024-05-22,galletas doble chocolate chalet 120 g,C,4590.0
21463,2024-05-22,galletas mini chips 8 pq 280g,C,8990.0
21465,2024-05-22,galletas para gatos magic friends 75g,C,2190.0
21473,2024-05-22,gaseosa coca cola pet 250ml,C,1990.0
21482,2024-05-22,gaseosa pony malta 2000ml,C,6590.0
21491,2024-05-22,granola coco y pasas fit graan 350 g,C,4990.0
21499,2024-05-22,helado de mora kulfi 1 l,C,13490.0
21507,2024-05-22,jamon asado al horno centurion 100g,C,8990.0
21512,2024-05-22,jamon de pollo premium brakel 250 g,C,6990.0
21515,2024-05-22,jugo de arandanos tree fruts 946 ml,C,9990.0
21520,2024-05-22,kumis entero dulce botella latti 1000 ml,C,7690.0
21522,2024-05-22,kumis vaso latti x 150ml,C,1990.0
21533,2024-05-22,leche entera tetra pak latti 200ml,C,1190.0
21551,2024-05-22,mezcla chocodivertida nuthos 45 gr,C,1750.0
21563,2024-05-22,mortadela cervecera viande 225g,C,4690.0
21566,2024-05-22,nachos crachos 200 g,C,3290.0
21568,2024-05-22,paleta de frutas treefruts 70 g 6 und,C,11490.0
21571,2024-05-22,papas fosforitos kythos 200 g,C,3400.0
21574,2024-05-22,papas fritas sabor natural kythos 115 g,C,3290.0
21581,2024-05-22,pasabocas surtidos docena kythos 12 unds,C,9990.0
21587,2024-05-22,platanitos maduros kythos 6 und 168 g,C,5490.0
21593,2024-05-22,ramen nissin sabor carne 85 g,C,2490.0
21601,2024-05-22,ron anejo cartavio black barrel 750 ml,C,29950.0
21611,2024-05-22,salchichon cerveroni x900g,C,19950.0
21617,2024-05-22,sexta papa natural kythos 25 g,C,5950.0
21633,2024-05-22,tortilla fajita crachos 12 und 360 g,C,5490.0
21634,2024-05-22,tortilla finas hierbas crachos 250g,C,4490.0
21645,2024-05-22,vino lambrusco don vitto surtido,C,19990.0
21646,2024-05-22,vino malbec los rios varietal,C,19990.0
21651,2024-05-22,vino tinto cabernet sauvignon reserva quinta la,C,21990.0
21653,2024-05-22,vino tinto carmenere reserva quinta las cabras,C,21990.0
21666,2024-05-22,yogurt griego mora latti 160 gr,C,3900.0
21671,2024-05-22,yogurt melocoton light vita latti 1000gr,C,8990.0
21678,2024-05-23,agua con gas limonada omi 600 ml,C,1250.0
21682,2024-05-23,agua saborizada limon omi 1700 ml,C,2390.0
21695,2024-05-23,alimento humedo para gatos whiskas 85 g,C,2690.0
21696,2024-05-23,alimento lacteo en polvo el rodeo nutririnde 2,C,9490.0
21700,2024-05-23,aros frutales fiocco 230 g,C,4490.0
21716,2024-05-23,bebida hidratante sabor mandarina drink a 600 m,C,1590.0
21724,2024-05-23,bebida lactea sabor mora latti 200 ml,C,990.0
21741,2024-05-23,cerveza bahia 330 ml,C,1900.0
21744,2024-05-23,cerveza club colombia 269 ml,C,2190.0
21749,2024-05-23,chile con carne crachos 300 g,C,6550.0
21763,2024-05-23,costilla de cerdo red cut 500 g,C,10490.0
21766,2024-05-23,crispeta caramelo cheetos 72 g,C,2690.0
21781,2024-05-23,galleta 2 tacos ducales noel 241 grs,C,5490.0
21789,2024-05-23,galleta happy cream vainilla 12 pq 408g,C,6490.0
21800,2024-05-23,galleta sabor oliva y oregano greta 120 g,C,4990.0
21804,2024-05-23,galleta wafer cocosette 50 g,C,1750.0
21809,2024-05-23,galletas doble chocolate chalet 120 g,C,4590.0
21814,2024-05-23,galletas mini chips 8 pq 280g,C,8990.0
21816,2024-05-23,galletas para gatos magic friends 75g,C,2190.0
21824,2024-05-23,gaseosa coca cola pet 250ml,C,1990.0
21833,2024-05-23,gaseosa pony malta 2000ml,C,6590.0
21842,2024-05-23,granola coco y pasas fit graan 350 g,C,4990.0
21850,2024-05-23,helado de mora kulfi 1 l,C,13490.0
21858,2024-05-23,jamon asado al horno centurion 100g,C,8990.0
21863,2024-05-23,jamon de pollo premium brakel 250 g,C,6990.0
21866,2024-05-23,jugo de arandanos tree fruts 946 ml,C,9990.0
21871,2024-05-23,kumis entero dulce botella latti 1000 ml,C,7690.0
21873,2024-05-23,kumis vaso latti x 150ml,C,1990.0
21884,2024-05-23,leche entera tetra pak latti 200ml,C,1190.0
21902,2024-05-23,mezcla chocodivertida nuthos 45 gr,C,1750.0
21914,2024-05-23,mortadela cervecera viande 225g,C,4690.0
21917,2024-05-23,nachos crachos 200 g,C,3290.0
21919,2024-05-23,paleta de frutas treefruts 70 g 6 und,C,11490.0
21922,2024-05-23,papas fosforitos kythos 200 g,C,3400.0
21925,2024-05-23,papas fritas sabor natural kythos 115 g,C,3290.0
21932,2024-05-23,pasabocas surtidos docena kythos 12 unds,C,9990.0
21938,2024-05-23,platanitos maduros kythos 6 und 168 g,C,5490.0
21943,2024-05-23,ramen nissin sabor carne 85 g,C,2490.0
21951,2024-05-23,ron anejo cartavio black barrel 750 ml,C,29950.0
21961,2024-05-23,salchichon cerveroni x900g,C,19950.0
21967,2024-05-23,sexta papa natural kythos 25 g,C,5950.0
21983,2024-05-23,tortilla fajita crachos 12 und 360 g,C,5490.0
21984,2024-05-23,tortilla finas hierbas crachos 250g,C,4490.0
21995,2024-05-23,vino lambrusco don vitto surtido,C,19990.0
21996,2024-05-23,vino malbec los rios varietal,C,19990.0
22001,2024-05-23,vino tinto cabernet sauvignon reserva quinta la,C,21990.0
22003,2024-05-23,vino tinto carmenere reserva quinta las cabras,C,21990.0
22016,2024-05-23,yogurt griego mora latti 160 gr,C,3900.0
22021,2024-05-23,yogurt melocoton light vita latti 1000gr,C,8990.0
22028,2024-05-24,agua con gas limonada omi 600 ml,C,1250.0
22032,2024-05-24,agua saborizada limon omi 1700 ml,C,2390.0
22045,2024-05-24,alimento humedo para gatos whiskas 85 g,C,2690.0
22046,2024-05-24,alimento lacteo en polvo el rodeo nutririnde 2,C,9490.0
22050,2024-05-24,aros frutales fiocco 230 g,C,4490.0
22066,2024-05-24,bebida hidratante sabor mandarina drink a 600 m,C,1590.0
22074,2024-05-24,bebida lactea sabor mora latti 200 ml,C,990.0
22091,2024-05-24,cerveza bahia 330 ml,C,1900.0
22094,2024-05-24,cerveza club colombia 269 ml,C,2190.0
22099,2024-05-24,chile con carne crachos 300 g,C,6550.0
22113,2024-05-24,costilla de cerdo red cut 500 g,C,10490.0
22116,2024-05-24,crispeta caramelo cheetos 72 g,C,2690.0
22131,2024-05-24,galleta 2 tacos ducales noel 241 grs,C,5490.0
22139,2024-05-24,galleta happy cream vainilla 12 pq 408g,C,6490.0
22150,2024-05-24,galleta sabor oliva y oregano greta 120 g,C,4990.0
22154,2024-05-24,galleta wafer cocosette 50 g,C,1750.0
22159,2024-05-24,galletas doble chocolate chalet 120 g,C,4590.0
22164,2024-05-24,galletas mini chips 8 pq 280g,C,8990.0
22166,2024-05-24,galletas para gatos magic friends 75g,C,2190.0
22174,2024-05-24,gaseosa coca cola pet 250ml,C,1990.0
22183,2024-05-24,gaseosa pony malta 2000ml,C,6590.0
22192,2024-05-24,granola coco y pasas fit graan 350 g,C,4990.0
22200,2024-05-24,helado de mora kulfi 1 l,C,13490.0
22208,2024-05-24,jamon asado al horno centurion 100g,C,8990.0
22213,2024-05-24,jamon de pollo premium brakel 250 g,C,6990.0
22216,2024-05-24,jugo de arandanos tree fruts 946 ml,C,9990.0
22222,2024-05-24,kumis entero dulce botella latti 1000 ml,C,7690.0
22224,2024-05-24,kumis vaso latti x 150ml,C,1990.0
22227,2024-05-24,leche chocolate latti bolsa x200ml,C,1300.0
22235,2024-05-24,leche entera tetra pak latti 200ml,C,1190.0
22253,2024-05-24,mezcla chocodivertida nuthos 45 gr,C,1750.0
22265,2024-05-24,mortadela cervecera viande 225g,C,4690.0
22268,2024-05-24,nachos crachos 200 g,C,3290.0
22270,2024-05-24,paleta de frutas treefruts 70 g 6 und,C,11490.0
22273,2024-05-24,papas fosforitos kythos 200 g,C,3400.0
22276,2024-05-24,papas fritas sabor natural kythos 115 g,C,3290.0
22283,2024-05-24,pasabocas surtidos docena kythos 12 unds,C,9990.0
22289,2024-05-24,platanitos maduros kythos 6 und 168 g,C,5490.0
22295,2024-05-24,ramen nissin sabor carne 85 g,C,2490.0
22303,2024-05-24,ron anejo cartavio black barrel 750 ml,C,29950.0
22313,2024-05-24,salchichon cerveroni x900g,C,19950.0
22319,2024-05-24,sexta papa natural kythos 25 g,C,5950.0
22335,2024-05-24,tortilla fajita crachos 12 und 360 g,C,5490.0
22336,2024-05-24,tortilla finas hierbas crachos 250g,C,4490.0
22347,2024-05-24,vino lambrusco don vitto surtido,C,19990.0
22348,2024-05-24,vino malbec los rios varietal,C,19990.0
22353,2024-05-24,vino tinto cabernet sauvignon reserva quinta la,C,21990.0
22355,2024-05-24,vino tinto carmenere reserva quinta las cabras,C,21990.0
22370,2024-05-24,yogurt griego mora latti 160 gr,C,3900.0
22373,2024-05-24,yogurt melocoton light vita latti 1000gr,C,8990.0
22380,2024-05-25,agua con gas limonada omi 600 ml,C,1250.0
22384,2024-05-25,agua saborizada limon omi 1700 ml,C,2390.0
22397,2024-05-25,alimento humedo para gatos whiskas 85 g,C,2690.0
22398,2024-05-25,alimento lacteo en polvo el rodeo nutririnde 2,C,9490.0
22402,2024-05-25,aros frutales fiocco 230 g,C,4490.0
22418,2024-05-25,bebida hidratante sabor mandarina drink a 600 m,C,1590.0
22426,2024-05-25,bebida lactea sabor mora latti 200 ml,C,990.0
22443,2024-05-25,cerveza bahia 330 ml,C,1900.0
22446,2024-05-25,cerveza club colombia 269 ml,C,2190.0
22451,2024-05-25,chile con carne crachos 300 g,C,6550.0
22465,2024-05-25,costilla de cerdo red cut 500 g,C,10490.0
22468,2024-05-25,crispeta caramelo cheetos 72 g,C,2690.0
22483,2024-05-25,galleta 2 tacos ducales noel 241 grs,C,5490.0
22491,2024-05-25,galleta happy cream vainilla 12 pq 408g,C,6490.0
22502,2024-05-25,galleta sabor oliva y oregano greta 120 g,C,4990.0
22506,2024-05-25,galleta wafer cocosette 50 g,C,1750.0
22511,2024-05-25,galletas doble chocolate chalet 120 g,C,4590.0
22516,2024-05-25,galletas mini chips 8 pq 280g,C,8990.0
22518,2024-05-25,galletas para gatos magic friends 75g,C,2190.0
22526,2024-05-25,gaseosa coca cola pet 250ml,C,1990.0
22535,2024-05-25,gaseosa pony malta 2000ml,C,6590.0
22544,2024-05-25,granola coco y pasas fit graan 350 g,C,4990.0
22552,2024-05-25,helado de mora kulfi 1 l,C,13490.0
22560,2024-05-25,jamon asado al horno centurion 100g,C,8990.0
22565,2024-05-25,jamon de pollo premium brakel 250 g,C,6990.0
22568,2024-05-25,jugo de arandanos tree fruts 946 ml,C,9990.0
22574,2024-05-25,kumis entero dulce botella latti 1000 ml,C,7690.0
22576,2024-05-25,kumis vaso latti x 150ml,C,1990.0
22579,2024-05-25,leche chocolate latti bolsa x200ml,C,1300.0
22587,2024-05-25,leche entera tetra pak latti 200ml,C,1190.0
22605,2024-05-25,mezcla chocodivertida nuthos 45 gr,C,1750.0
22617,2024-05-25,mortadela cervecera viande 225g,C,4690.0
22620,2024-05-25,nachos crachos 200 g,C,3290.0
22622,2024-05-25,paleta de frutas treefruts 70 g 6 und,C,11490.0
22625,2024-05-25,papas fosforitos kythos 200 g,C,3400.0
22628,2024-05-25,papas fritas sabor natural kythos 115 g,C,3290.0
22635,2024-05-25,pasabocas surtidos docena kythos 12 unds,C,9990.0
22641,2024-05-25,platanitos maduros kythos 6 und 168 g,C,5490.0
22647,2024-05-25,ramen nissin sabor carne 85 g,C,2490.0
22655,2024-05-25,ron anejo cartavio black barrel 750 ml,C,29950.0
22665,2024-05-25,salchichon cerveroni x900g,C,19950.0
22671,2024-05-25,sexta papa natural kythos 25 g,C,5950.0
22687,2024-05-25,tortilla fajita crachos 12 und 360 g,C,5490.0
22688,2024-05-25,tortilla finas hierbas crachos 250g,C,4490.0
22699,2024-05-25,vino lambrusco don vitto surtido,C,19990.0
22700,2024-05-25,vino malbec los rios varietal,C,19990.0
22705,2024-05-25,vino tinto cabernet sauvignon reserva quinta la,C,21990.0
22707,2024-05-25,vino tinto carmenere reserva quinta las cabras,C,21990.0
22722,2024-05-25,yogurt griego mora latti 160 gr,C,3900.0
22725,2024-05-25,yogurt melocoton light vita latti 1000gr,C,8990.0
22732,2024-05-26,agua con gas limonada omi 600 ml,C,1250.0
22736,2024-05-26,agua saborizada limon omi 1700 ml,C,2390.0
22749,2024-05-26,alimento humedo para gatos whiskas 85 g,C,2690.0
22750,2024-05-26,alimento lacteo en polvo el rodeo nutririnde 2,C,9490.0
22754,2024-05-26,aros frutales fiocco 230 g,C,4490.0
22770,2024-05-26,bebida hidratante sabor mandarina drink a 600 m,C,1590.0
22778,2024-05-26,bebida lactea sabor mora latti 200 ml,C,990.0
22795,2024-05-26,cerveza bahia 330 ml,C,1900.0
22798,2024-05-26,cerveza club colombia 269 ml,C,2190.0
22803,2024-05-26,chile con carne crachos 300 g,C,6550.0
22817,2024-05-26,costilla de cerdo red cut 500 g,C,10490.0
22820,2024-05-26,crispeta caramelo cheetos 72 g,C,2690.0
22835,2024-05-26,galleta 2 tacos ducales noel 241 grs,C,5490.0
22843,2024-05-26,galleta happy cream vainilla 12 pq 408g,C,6490.0
22854,2024-05-26,galleta sabor oliva y oregano greta 120 g,C,4990.0
22858,2024-05-26,galleta wafer cocosette 50 g,C,1750.0
22863,2024-05-26,galletas doble chocolate chalet 120 g,C,4590.0
22868,2024-05-26,galletas mini chips 8 pq 280g,C,8990.0
22870,2024-05-26,galletas para gatos magic friends 75g,C,2190.0
22878,2024-05-26,gaseosa coca cola pet 250ml,C,1990.0
22887,2024-05-26,gaseosa pony malta 2000ml,C,6590.0
22896,2024-05-26,granola coco y pasas fit graan 350 g,C,4990.0
22904,2024-05-26,helado de mora kulfi 1 l,C,13490.0
22912,2024-05-26,jamon asado al horno centurion 100g,C,8990.0
22917,2024-05-26,jamon de pollo premium brakel 250 g,C,6990.0
22920,2024-05-26,jugo de arandanos tree fruts 946 ml,C,9990.0
22926,2024-05-26,kumis entero dulce botella latti 1000 ml,C,7690.0
22928,2024-05-26,kumis vaso latti x 150ml,C,1990.0
22931,2024-05-26,leche chocolate latti bolsa x200ml,C,1300.0
22939,2024-05-26,leche entera tetra pak latti 200ml,C,1190.0
22958,2024-05-26,mezcla chocodivertida nuthos 45 gr,C,1750.0
22970,2024-05-26,mortadela cervecera viande 225g,C,4690.0
22973,2024-05-26,nachos crachos 200 g,C,3290.0
22975,2024-05-26,paleta de frutas treefruts 70 g 6 und,C,11490.0
22978,2024-05-26,papas fosforitos kythos 200 g,C,3400.0
22981,2024-05-26,papas fritas sabor natural kythos 115 g,C,3290.0
22988,2024-05-26,pasabocas surtidos docena kythos 12 unds,C,9990.0
22994,2024-05-26,platanitos maduros kythos 6 und 168 g,C,5490.0
23000,2024-05-26,ramen nissin sabor carne 85 g,C,2490.0
23008,2024-05-26,ron anejo cartavio black barrel 750 ml,C,29950.0
23018,2024-05-26,salchichon cerveroni x900g,C,19950.0
23024,2024-05-26,sexta papa natural kythos 25 g,C,5950.0
23040,2024-05-26,tortilla fajita crachos 12 und 360 g,C,5490.0
23041,2024-05-26,tortilla finas hierbas crachos 250g,C,4490.0
23052,2024-05-26,vino lambrusco don vitto surtido,C,19990.0
23053,2024-05-26,vino malbec los rios varietal,C,19990.0
23058,2024-05-26,vino tinto cabernet sauvignon reserva quinta la,C,21990.0
23060,2024-05-26,vino tinto carmenere reserva quinta las cabras,C,21990.0
23076,2024-05-26,yogurt griego mora latti 160 gr,C,3900.0
23079,2024-05-26,yogurt melocoton light vita latti 1000gr,C,8990.0
23086,2024-05-27,agua con gas limonada omi 600 ml,C,1250.0
23090,2024-05-27,agua saborizada limon omi 1700 ml,C,2400.0
23103,2024-05-27,alimento humedo para gatos whiskas 85 g,C,2700.0
23104,2024-05-27,alimento lacteo en polvo el rodeo nutririnde 2,C,9490.0
23108,2024-05-27,aros frutales fiocco 230 g,C,4490.0
23124,2024-05-27,bebida hidratante sabor mandarina drink a 600 m,C,1600.0
23132,2024-05-27,bebida lactea sabor mora latti 200 ml,C,990.0
23149,2024-05-27,cerveza bahia 330 ml,C,1900.0
23152,2024-05-27,cerveza club colombia 269 ml,C,2200.0
23157,2024-05-27,chile con carne crachos 300 g,C,6550.0
23171,2024-05-27,costilla de cerdo red cut 500 g,C,10500.0
23174,2024-05-27,crispeta caramelo cheetos 72 g,C,2700.0
23189,2024-05-27,galleta 2 tacos ducales noel 241 grs,C,5490.0
23197,2024-05-27,galleta happy cream vainilla 12 pq 408g,C,6490.0
23208,2024-05-27,galleta sabor oliva y oregano greta 120 g,C,4990.0
23212,2024-05-27,galleta wafer cocosette 50 g,C,1750.0
23217,2024-05-27,galletas doble chocolate chalet 120 g,C,4600.0
23222,2024-05-27,galletas mini chips 8 pq 280g,C,8990.0
23224,2024-05-27,galletas para gatos magic friends 75g,C,2200.0
23232,2024-05-27,gaseosa coca cola pet 250ml,C,1990.0
23241,2024-05-27,gaseosa pony malta 2000ml,C,6600.0
23250,2024-05-27,granola coco y pasas fit graan 350 g,C,4990.0
23258,2024-05-27,helado de mora kulfi 1 l,C,13500.0
23266,2024-05-27,jamon asado al horno centurion 100g,C,8990.0
23271,2024-05-27,jamon de pollo premium brakel 250 g,C,6990.0
23275,2024-05-27,jugo de arandanos tree fruts 946 ml,C,9990.0
23281,2024-05-27,kumis entero dulce botella latti 1000 ml,C,7700.0
23283,2024-05-27,kumis vaso latti x 150ml,C,1990.0
23286,2024-05-27,leche chocolate latti bolsa x200ml,C,1300.0
23294,2024-05-27,leche entera tetra pak latti 200ml,C,1200.0
23313,2024-05-27,mezcla chocodivertida nuthos 45 gr,C,1750.0
23325,2024-05-27,mortadela cervecera viande 225g,C,4700.0
23329,2024-05-27,nachos crachos 200 g,C,3300.0
23331,2024-05-27,paleta de frutas treefruts 70 g 6 und,C,11500.0
23334,2024-05-27,papas fosforitos kythos 200 g,C,3400.0
23337,2024-05-27,papas fritas sabor natural kythos 115 g,C,3300.0
23344,2024-05-27,pasabocas surtidos docena kythos 12 unds,C,9990.0
23350,2024-05-27,platanitos maduros kythos 6 und 168 g,C,5490.0
23356,2024-05-27,ramen nissin sabor carne 85 g,C,2490.0
23364,2024-05-27,ron anejo cartavio black barrel 750 ml,C,29950.0
23376,2024-05-27,salchichon cerveroni x900g,C,19950.0
23383,2024-05-27,sexta papa natural kythos 25 g,C,5950.0
23399,2024-05-27,tortilla fajita crachos 12 und 360 g,C,5490.0
23400,2024-05-27,tortilla finas hierbas crachos 250g,C,4490.0
23411,2024-05-27,vino lambrusco don vitto surtido,C,19950.0
23412,2024-05-27,vino malbec los rios varietal,C,19950.0
23417,2024-05-27,vino tinto cabernet sauvignon reserva quinta la,C,21950.0
23419,2024-05-27,vino tinto carmenere reserva quinta las cabras,C,21950.0
23435,2024-05-27,yogurt griego mora latti 160 gr,C,3900.0
23438,2024-05-27,yogurt melocoton light vita latti 1000gr,C,8990.0
23445,2024-05-28,agua con gas limonada omi 600 ml,C,1250.0
23449,2024-05-28,agua saborizada limon omi 1700 ml,C,2400.0
23461,2024-05-28,alimento humedo para gatos whiskas 85 g,C,2700.0
23462,2024-05-28,alimento lacteo en polvo el rodeo nutririnde 2,C,9490.0
23466,2024-05-28,aros frutales fiocco 230 g,C,4490.0
23482,2024-05-28,bebida hidratante sabor mandarina drink a 600 m,C,1600.0
23490,2024-05-28,bebida lactea sabor mora latti 200 ml,C,990.0
23507,2024-05-28,cerveza bahia 330 ml,C,1900.0
23510,2024-05-28,cerveza club colombia 269 ml,C,2200.0
23515,2024-05-28,chile con carne crachos 300 g,C,6550.0
23529,2024-05-28,costilla de cerdo red cut 500 g,C,10500.0
23532,2024-05-28,crispeta caramelo cheetos 72 g,C,2700.0
23547,2024-05-28,galleta 2 tacos ducales noel 241 grs,C,5490.0
23555,2024-05-28,galleta happy cream vainilla 12 pq 408g,C,6490.0
23566,2024-05-28,galleta sabor oliva y oregano greta 120 g,C,4990.0
23570,2024-05-28,galleta wafer cocosette 50 g,C,1750.0
23575,2024-05-28,galletas doble chocolate chalet 120 g,C,4600.0
23580,2024-05-28,galletas mini chips 8 pq 280g,C,8990.0
23582,2024-05-28,galletas para gatos magic friends 75g,C,2200.0
23590,2024-05-28,gaseosa coca cola pet 250ml,C,1990.0
23599,2024-05-28,gaseosa pony malta 2000ml,C,6600.0
23608,2024-05-28,granola coco y pasas fit graan 350 g,C,4990.0
23616,2024-05-28,helado de mora kulfi 1 l,C,13500.0
23624,2024-05-28,jamon asado al horno centurion 100g,C,8990.0
23629,2024-05-28,jamon de pollo premium brakel 250 g,C,6990.0
23633,2024-05-28,jugo de arandanos tree fruts 946 ml,C,9990.0
23639,2024-05-28,kumis entero dulce botella latti 1000 ml,C,7700.0
23641,2024-05-28,kumis vaso latti x 150ml,C,1990.0
23644,2024-05-28,leche chocolate latti bolsa x200ml,C,1300.0
23652,2024-05-28,leche entera tetra pak latti 200ml,C,1200.0
23671,2024-05-28,mezcla chocodivertida nuthos 45 gr,C,1750.0
23683,2024-05-28,mortadela cervecera viande 225g,C,4700.0
23687,2024-05-28,nachos crachos 200 g,C,3300.0
23689,2024-05-28,paleta de frutas treefruts 70 g 6 und,C,11500.0
23692,2024-05-28,papas fosforitos kythos 200 g,C,3400.0
23695,2024-05-28,papas fritas sabor natural kythos 115 g,C,3300.0
23702,2024-05-28,pasabocas surtidos docena kythos 12 unds,C,9990.0
23708,2024-05-28,platanitos maduros kythos 6 und 168 g,C,5490.0
23714,2024-05-28,ramen nissin sabor carne 85 g,C,2490.0
23722,2024-05-28,ron anejo cartavio black barrel 750 ml,C,29950.0
23734,2024-05-28,salchichon cerveroni x900g,C,19950.0
23741,2024-05-28,sexta papa natural kythos 25 g,C,5950.0
23757,2024-05-28,tortilla fajita crachos 12 und 360 g,C,5490.0
23758,2024-05-28,tortilla finas hierbas crachos 250g,C,4490.0
23769,2024-05-28,vino lambrusco don vitto surtido,C,19950.0
23770,2024-05-28,vino malbec los rios varietal,C,19950.0
23775,2024-05-28,vino tinto cabernet sauvignon reserva quinta la,C,21950.0
23777,2024-05-28,vino tinto carmenere reserva quinta las cabras,C,21950.0
23793,2024-05-28,yogurt griego mora latti 160 gr,C,3900.0
23796,2024-05-28,yogurt melocoton light vita latti 1000gr,C,8990.0
23803,2024-05-29,agua con gas limonada omi 600 ml,C,1250.0
23807,2024-05-29,agua saborizada limon omi 1700 ml,C,2400.0
23819,2024-05-29,alimento humedo para gatos whiskas 85 g,C,2700.0
23820,2024-05-29,alimento lacteo en polvo el rodeo nutririnde 2,C,9490.0
23824,2024-05-29,aros frutales fiocco 230 g,C,4490.0
23839,2024-05-29,bebida hidratante sabor mandarina drink a 600 m,C,1600.0
23847,2024-05-29,bebida lactea sabor mora latti 200 ml,C,990.0
23864,2024-05-29,cerveza bahia 330 ml,C,1900.0
23867,2024-05-29,cerveza club colombia 269 ml,C,2200.0
23872,2024-05-29,chile con carne crachos 300 g,C,6550.0
23886,2024-05-29,costilla de cerdo red cut 500 g,C,10500.0
23889,2024-05-29,crispeta caramelo cheetos 72 g,C,2700.0
23904,2024-05-29,galleta 2 tacos ducales noel 241 grs,C,5490.0
23912,2024-05-29,galleta happy cream vainilla 12 pq 408g,C,6490.0
23923,2024-05-29,galleta sabor oliva y oregano greta 120 g,C,4990.0
23927,2024-05-29,galleta wafer cocosette 50 g,C,1750.0
23932,2024-05-29,galletas doble chocolate chalet 120 g,C,4600.0
23937,2024-05-29,galletas mini chips 8 pq 280g,C,8990.0
23939,2024-05-29,galletas para gatos magic friends 75g,C,2200.0
23947,2024-05-29,gaseosa coca cola pet 250ml,C,1990.0
23956,2024-05-29,gaseosa pony malta 2000ml,C,6600.0
23965,2024-05-29,granola coco y pasas fit graan 350 g,C,4990.0
23973,2024-05-29,helado de mora kulfi 1 l,C,13500.0
23981,2024-05-29,jamon asado al horno centurion 100g,C,8990.0
23986,2024-05-29,jamon de pollo premium brakel 250 g,C,6990.0
23990,2024-05-29,jugo de arandanos tree fruts 946 ml,C,9990.0
23996,2024-05-29,kumis entero dulce botella latti 1000 ml,C,7700.0
23998,2024-05-29,kumis vaso latti x 150ml,C,1990.0
24001,2024-05-29,leche chocolate latti bolsa x200ml,C,1300.0
24009,2024-05-29,leche entera tetra pak latti 200ml,C,1200.0
24028,2024-05-29,mezcla chocodivertida nuthos 45 gr,C,1750.0
24040,2024-05-29,mortadela cervecera viande 225g,C,4700.0
24044,2024-05-29,nachos crachos 200 g,C,3300.0
24046,2024-05-29,paleta de frutas treefruts 70 g 6 und,C,11500.0
24049,2024-05-29,papas fosforitos kythos 200 g,C,3400.0
24052,2024-05-29,papas fritas sabor natural kythos 115 g,C,3300.0
24059,2024-05-29,pasabocas surtidos docena kythos 12 unds,C,9990.0
24065,2024-05-29,platanitos maduros kythos 6 und 168 g,C,5490.0
24071,2024-05-29,ramen nissin sabor carne 85 g,C,2490.0
24079,2024-05-29,ron anejo cartavio black barrel 750 ml,C,29950.0
24091,2024-05-29,salchichon cerveroni x900g,C,19950.0
24098,2024-05-29,sexta papa natural kythos 25 g,C,5950.0
24114,2024-05-29,tortilla fajita crachos 12 und 360 g,C,5490.0
24115,2024-05-29,tortilla finas hierbas crachos 250g,C,4490.0
24126,2024-05-29,vino lambrusco don vitto surtido,C,19950.0
24127,2024-05-29,vino malbec los rios varietal,C,19950.0
24132,2024-05-29,vino tinto cabernet sauvignon reserva quinta la,C,21950.0
24134,2024-05-29,vino tinto carmenere reserva quinta las cabras,C,21950.0
24150,2024-05-29,yogurt griego mora latti 160 gr,C,3900.0
24153,2024-05-29,yogurt melocoton light vita latti 1000gr,C,8990.0
24160,2024-05-30,agua con gas limonada omi 600 ml,C,1250.0
24164,2024-05-30,agua saborizada limon omi 1700 ml,C,2400.0
24176,2024-05-30,alimento humedo para gatos whiskas 85 g,C,2700.0
24177,2024-05-30,alimento lacteo en polvo el rodeo nutririnde 2,C,9490.0
24181,2024-05-30,aros frutales fiocco 230 g,C,4490.0
24196,2024-05-30,bebida hidratante sabor mandarina drink a 600 m,C,1600.0
24204,2024-05-30,bebida lactea sabor mora latti 200 ml,C,990.0
24221,2024-05-30,cerveza bahia 330 ml,C,1900.0
24224,2024-05-30,cerveza club colombia 269 ml,C,2200.0
24229,2024-05-30,chile con carne crachos 300 g,C,6550.0
24243,2024-05-30,costilla de cerdo red cut 500 g,C,10500.0
24246,2024-05-30,crispeta caramelo cheetos 72 g,C,2700.0
24261,2024-05-30,galleta 2 tacos ducales noel 241 grs,C,5490.0
24269,2024-05-30,galleta happy cream vainilla 12 pq 408g,C,6490.0
24280,2024-05-30,galleta sabor oliva y oregano greta 120 g,C,4990.0
24284,2024-05-30,galleta wafer cocosette 50 g,C,1750.0
24289,2024-05-30,galletas doble chocolate chalet 120 g,C,4600.0
24294,2024-05-30,galletas mini chips 8 pq 280g,C,8990.0
24296,2024-05-30,galletas para gatos magic friends 75g,C,2200.0
24304,2024-05-30,gaseosa coca cola pet 250ml,C,1990.0
24313,2024-05-30,gaseosa pony malta 2000ml,C,6600.0
24322,2024-05-30,granola coco y pasas fit graan 350 g,C,4990.0
24330,2024-05-30,helado de mora kulfi 1 l,C,13500.0
24338,2024-05-30,jamon asado al horno centurion 100g,C,8990.0
24343,2024-05-30,jamon de pollo premium brakel 250 g,C,6990.0
24347,2024-05-30,jugo de arandanos tree fruts 946 ml,C,9990.0
24353,2024-05-30,kumis entero dulce botella latti 1000 ml,C,7700.0
24355,2024-05-30,kumis vaso latti x 150ml,C,1990.0
24358,2024-05-30,leche chocolate latti bolsa x200ml,C,1300.0
24366,2024-05-30,leche entera tetra pak latti 200ml,C,1200.0
24385,2024-05-30,mezcla chocodivertida nuthos 45 gr,C,1750.0
24397,2024-05-30,mortadela cervecera viande 225g,C,4700.0
24401,2024-05-30,nachos crachos 200 g,C,3300.0
24403,2024-05-30,paleta de frutas treefruts 70 g 6 und,C,11500.0
24406,2024-05-30,papas fosforitos kythos 200 g,C,3400.0
24409,2024-05-30,papas fritas sabor natural kythos 115 g,C,3300.0
24416,2024-05-30,pasabocas surtidos docena kythos 12 unds,C,9990.0
24422,2024-05-30,platanitos maduros kythos 6 und 168 g,C,5490.0
24428,2024-05-30,ramen nissin sabor carne 85 g,C,2490.0
24436,2024-05-30,ron anejo cartavio black barrel 750 ml,C,29950.0
24448,2024-05-30,salchichon cerveroni x900g,C,19950.0
24455,2024-05-30,sexta papa natural kythos 25 g,C,5950.0
24471,2024-05-30,tortilla fajita crachos 12 und 360 g,C,5490.0
24472,2024-05-30,tortilla finas hierbas crachos 250g,C,4490.0
24483,2024-05-30,vino lambrusco don vitto surtido,C,19950.0
24484,2024-05-30,vino malbec los rios varietal,C,19950.0
24489,2024-05-30,vino tinto cabernet sauvignon reserva quinta la,C,21950.0
24491,2024-05-30,vino tinto carmenere reserva quinta las cabras,C,21950.0
24507,2024-05-30,yogurt griego mora latti 160 gr,C,3900.0
24510,2024-05-30,yogurt melocoton light vita latti 1000gr,C,8990.0
24517,2024-05-31,agua con gas limonada omi 600 ml,C,1250.0
24521,2024-05-31,agua saborizada limon omi 1700 ml,C,2400.0
24534,2024-05-31,alimento humedo para gatos whiskas 85 g,C,2700.0
24535,2024-05-31,alimento lacteo en polvo el rodeo nutririnde 2,C,9490.0
24539,2024-05-31,aros frutales fiocco 230 g,C,4490.0
24554,2024-05-31,bebida hidratante sabor mandarina drink a 600 m,C,1600.0
24562,2024-05-31,bebida lactea sabor mora latti 200 ml,C,990.0
24579,2024-05-31,cerveza bahia 330 ml,C,1900.0
24582,2024-05-31,cerveza club colombia 269 ml,C,2200.0
24587,2024-05-31,chile con carne crachos 300 g,C,6550.0
24601,2024-05-31,costilla de cerdo red cut 500 g,C,10500.0
24604,2024-05-31,crispeta caramelo cheetos 72 g,C,2700.0
24619,2024-05-31,galleta 2 tacos ducales noel 241 grs,C,5490.0
24627,2024-05-31,galleta happy cream vainilla 12 pq 408g,C,6490.0
24638,2024-05-31,galleta sabor oliva y oregano greta 120 g,C,4990.0
24642,2024-05-31,galleta wafer cocosette 50 g,C,1750.0
24647,2024-05-31,galletas doble chocolate chalet 120 g,C,4600.0
24652,2024-05-31,galletas mini chips 8 pq 280g,C,8990.0
24654,2024-05-31,galletas para gatos magic friends 75g,C,2200.0
24662,2024-05-31,gaseosa coca cola pet 250ml,C,1990.0
24671,2024-05-31,gaseosa pony malta 2000ml,C,6600.0
24680,2024-05-31,granola coco y pasas fit graan 350 g,C,4990.0
24688,2024-05-31,helado de mora kulfi 1 l,C,13500.0
24696,2024-05-31,jamon asado al horno centurion 100g,C,8990.0
24701,2024-05-31,jamon de pollo premium brakel 250 g,C,6990.0
24704,2024-05-31,jugo de arandanos tree fruts 946 ml,C,9990.0
24710,2024-05-31,kumis entero dulce botella latti 1000 ml,C,7700.0
24712,2024-05-31,kumis vaso latti x 150ml,C,1990.0
24715,2024-05-31,leche chocolate latti bolsa x200ml,C,1300.0
24723,2024-05-31,leche entera tetra pak latti 200ml,C,1200.0
24743,2024-05-31,mezcla chocodivertida nuthos 45 gr,C,1750.0
24755,2024-05-31,mortadela cervecera viande 225g,C,4700.0
24759,2024-05-31,nachos crachos 200 g,C,3300.0
24761,2024-05-31,paleta de frutas treefruts 70 g 6 und,C,11500.0
24764,2024-05-31,papas fosforitos kythos 200 g,C,3400.0
24767,2024-05-31,papas fritas sabor natural kythos 115 g,C,3300.0
24774,2024-05-31,pasabocas surtidos docena kythos 12 unds,C,9990.0
24780,2024-05-31,platanitos maduros kythos 6 und 168 g,C,5490.0
24786,2024-05-31,ramen nissin sabor carne 85 g,C,2490.0
24794,2024-05-31,ron anejo cartavio black barrel 750 ml,C,29950.0
24806,2024-05-31,salchichon cerveroni x900g,C,19950.0
24813,2024-05-31,sexta papa natural kythos 25 g,C,5950.0
24829,2024-05-31,tortilla fajita crachos 12 und 360 g,C,5490.0
24830,2024-05-31,tortilla finas hierbas crachos 250g,C,4490.0
24841,2024-05-31,vino lambrusco don vitto surtido,C,19950.0
24842,2024-05-31,vino malbec los rios varietal,C,19950.0
24847,2024-05-31,vino tinto cabernet sauvignon reserva quinta la,C,21950.0
24849,2024-05-31,vino tinto carmenere reserva quinta las cabras,C,21950.0
24865,2024-05-31,yogurt griego mora latti 160 gr,C,3900.0
24868,2024-05-31,yogurt melocoton light vita latti 1000gr,C,8990.0
24875,2024-06-01,agua con gas limonada omi 600 ml,C,1250.0
24879,2024-06-01,agua saborizada limon omi 1700 ml,C,2400.0
24892,2024-06-01,alimento humedo para gatos whiskas 85 g,C,2700.0
24893,2024-06-01,alimento lacteo en polvo el rodeo nutririnde 2,C,9490.0
24897,2024-06-01,aros frutales fiocco 230 g,C,4490.0
24912,2024-06-01,bebida hidratante sabor mandarina drink a 600 m,C,1600.0
24920,2024-06-01,bebida lactea sabor mora latti 200 ml,C,990.0
24937,2024-06-01,cerveza bahia 330 ml,C,1900.0
24940,2024-06-01,cerveza club colombia 269 ml,C,2200.0
24945,2024-06-01,chile con carne crachos 300 g,C,6550.0
24959,2024-06-01,costilla de cerdo red cut 500 g,C,10500.0
24962,2024-06-01,crispeta caramelo cheetos 72 g,C,2700.0
24977,2024-06-01,galleta 2 tacos ducales noel 241 grs,C,5490.0
24985,2024-06-01,galleta happy cream vainilla 12 pq 408g,C,6490.0
24996,2024-06-01,galleta sabor oliva y oregano greta 120 g,C,4990.0
25000,2024-06-01,galleta wafer cocosette 50 g,C,1750.0
25005,2024-06-01,galletas doble chocolate chalet 120 g,C,4600.0
25010,2024-06-01,galletas mini chips 8 pq 280g,C,8990.0
25012,2024-06-01,galletas para gatos magic friends 75g,C,2200.0
25020,2024-06-01,gaseosa coca cola pet 250ml,C,1990.0
25029,2024-06-01,gaseosa pony malta 2000ml,C,6600.0
25038,2024-06-01,granola coco y pasas fit graan 350 g,C,4990.0
25046,2024-06-01,helado de mora kulfi 1 l,C,13500.0
25054,2024-06-01,jamon asado al horno centurion 100g,C,8990.0
25059,2024-06-01,jamon de pollo premium brakel 250 g,C,6990.0
25063,2024-06-01,jugo de arandanos tree fruts 946 ml,C,9990.0
25069,2024-06-01,kumis entero dulce botella latti 1000 ml,C,7700.0
25071,2024-06-01,kumis vaso latti x 150ml,C,1990.0
25074,2024-06-01,leche chocolate latti bolsa x200ml,C,1300.0
25082,2024-06-01,leche entera tetra pak latti 200ml,C,1200.0
25102,2024-06-01,mezcla chocodivertida nuthos 45 gr,C,1750.0
25114,2024-06-01,mortadela cervecera viande 225g,C,4700.0
25118,2024-06-01,nachos crachos 200 g,C,3300.0
25120,2024-06-01,paleta de frutas treefruts 70 g 6 und,C,11500.0
25123,2024-06-01,papas fosforitos kythos 200 g,C,3400.0
25126,2024-06-01,papas fritas sabor natural kythos 115 g,C,3300.0
25133,2024-06-01,pasabocas surtidos docena kythos 12 unds,C,9990.0
25139,2024-06-01,platanitos maduros kythos 6 und 168 g,C,5490.0
25145,2024-06-01,ramen nissin sabor carne 85 g,C,2490.0
25153,2024-06-01,ron anejo cartavio black barrel 750 ml,C,29950.0
25165,2024-06-01,salchichon cerveroni x900g,C,19950.0
25172,2024-06-01,sexta papa natural kythos 25 g,C,5950.0
25188,2024-06-01,tortilla fajita crachos 12 und 360 g,C,5490.0
25189,2024-06-01,tortilla finas hierbas crachos 250g,C,4490.0
25200,2024-06-01,vino lambrusco don vitto surtido,C,19950.0
25201,2024-06-01,vino malbec los rios varietal,C,19950.0
25206,2024-06-01,vino tinto cabernet sauvignon reserva quinta la,C,21950.0
25208,2024-06-01,vino tinto carmenere reserva quinta las cabras,C,21950.0
25224,2024-06-01,yogurt griego mora latti 160 gr,C,3900.0
25227,2024-06-01,yogurt melocoton light vita latti 1000gr,C,8990.0
25234,2024-06-02,agua con gas limonada omi 600 ml,C,1250.0
25238,2024-06-02,agua saborizada limon omi 1700 ml,C,2400.0
25251,2024-06-02,alimento humedo para gatos whiskas 85 g,C,2700.0
25252,2024-06-02,alimento lacteo en polvo el rodeo nutririnde 2,C,9490.0
25256,2024-06-02,aros frutales fiocco 230 g,C,4490.0
25271,2024-06-02,bebida hidratante sabor mandarina drink a 600 m,C,1600.0
25279,2024-06-02,bebida lactea sabor mora latti 200 ml,C,990.0
25296,2024-06-02,cerveza bahia 330 ml,C,1900.0
25299,2024-06-02,cerveza club colombia 269 ml,C,2200.0
25304,2024-06-02,chile con carne crachos 300 g,C,6550.0
25318,2024-06-02,costilla de cerdo red cut 500 g,C,10500.0
25321,2024-06-02,crispeta caramelo cheetos 72 g,C,2700.0
25336,2024-06-02,galleta 2 tacos ducales noel 241 grs,C,5490.0
25344,2024-06-02,galleta happy cream vainilla 12 pq 408g,C,6490.0
25355,2024-06-02,galleta sabor oliva y oregano greta 120 g,C,4990.0
25359,2024-06-02,galleta wafer cocosette 50 g,C,1750.0
25364,2024-06-02,galletas doble chocolate chalet 120 g,C,4600.0
25369,2024-06-02,galletas mini chips 8 pq 280g,C,8990.0
25371,2024-06-02,galletas para gatos magic friends 75g,C,2200.0
25379,2024-06-02,gaseosa coca cola pet 250ml,C,1990.0
25388,2024-06-02,gaseosa pony malta 2000ml,C,6600.0
25397,2024-06-02,granola coco y pasas fit graan 350 g,C,4990.0
25405,2024-06-02,helado de mora kulfi 1 l,C,13500.0
25417,2024-06-02,jamon de pollo premium brakel 250 g,C,6990.0
25421,2024-06-02,jugo de arandanos tree fruts 946 ml,C,9990.0
25427,2024-06-02,kumis entero dulce botella latti 1000 ml,C,7700.0
25429,2024-06-02,kumis vaso latti x 150ml,C,1990.0
25432,2024-06-02,leche chocolate latti bolsa x200ml,C,1300.0
25440,2024-06-02,leche entera tetra pak latti 200ml,C,1200.0
25460,2024-06-02,mezcla chocodivertida nuthos 45 gr,C,1750.0
25472,2024-06-02,mortadela cervecera viande 225g,C,4700.0
25476,2024-06-02,nachos crachos 200 g,C,3300.0
25478,2024-06-02,paleta de frutas treefruts 70 g 6 und,C,11500.0
25481,2024-06-02,papas fosforitos kythos 200 g,C,3400.0
25484,2024-06-02,papas fritas sabor natural kythos 115 g,C,3300.0
25491,2024-06-02,pasabocas surtidos docena kythos 12 unds,C,9990.0
25497,2024-06-02,platanitos maduros kythos 6 und 168 g,C,5490.0
25503,2024-06-02,ramen nissin sabor carne 85 g,C,2490.0
25511,2024-06-02,ron anejo cartavio black barrel 750 ml,C,29950.0
25523,2024-06-02,salchichon cerveroni x900g,C,19950.0
25530,2024-06-02,sexta papa natural kythos 25 g,C,5950.0
25546,2024-06-02,tortilla fajita crachos 12 und 360 g,C,5490.0
25547,2024-06-02,tortilla finas hierbas crachos 250g,C,4490.0
25558,2024-06-02,vino lambrusco don vitto surtido,C,19950.0
25559,2024-06-02,vino malbec los rios varietal,C,19950.0
25564,2024-06-02,vino tinto cabernet sauvignon reserva quinta la,C,21950.0
25566,2024-06-02,vino tinto carmenere reserva quinta las cabras,C,21950.0
25582,2024-06-02,yogurt griego mora latti 160 gr,C,3900.0
25585,2024-06-02,yogurt melocoton light vita latti 1000gr,C,8990.0
25592,2024-06-03,agua con gas limonada omi 600 ml,C,1250.0
25596,2024-06-03,agua saborizada limon omi 1700 ml,C,2400.0
25609,2024-06-03,alimento humedo para gatos whiskas 85 g,C,2700.0
25610,2024-06-03,alimento lacteo en polvo el rodeo nutririnde 2,C,9490.0
25614,2024-06-03,aros frutales fiocco 230 g,C,4490.0
25629,2024-06-03,bebida hidratante sabor mandarina drink a 600 m,C,1600.0
25637,2024-06-03,bebida lactea sabor mora latti 200 ml,C,990.0
25654,2024-06-03,cerveza bahia 330 ml,C,1900.0
25657,2024-06-03,cerveza club colombia 269 ml,C,2200.0
25662,2024-06-03,chile con carne crachos 300 g,C,6550.0
25676,2024-06-03,costilla de cerdo red cut 500 g,C,10500.0
25679,2024-06-03,crispeta caramelo cheetos 72 g,C,2700.0
25694,2024-06-03,galleta 2 tacos ducales noel 241 grs,C,5490.0
25702,2024-06-03,galleta happy cream vainilla 12 pq 408g,C,6490.0
25713,2024-06-03,galleta sabor oliva y oregano greta 120 g,C,4990.0
25717,2024-06-03,galleta wafer cocosette 50 g,C,1750.0
25722,2024-06-03,galletas doble chocolate chalet 120 g,C,4600.0
25727,2024-06-03,galletas mini chips 8 pq 280g,C,8990.0
25729,2024-06-03,galletas para gatos magic friends 75g,C,2200.0
25737,2024-06-03,gaseosa coca cola pet 250ml,C,1990.0
25746,2024-06-03,gaseosa pony malta 2000ml,C,6600.0
25755,2024-06-03,granola coco y pasas fit graan 350 g,C,4990.0
25763,2024-06-03,helado de mora kulfi 1 l,C,13500.0
25775,2024-06-03,jamon de pollo premium brakel 250 g,C,6990.0
25779,2024-06-03,jugo de arandanos tree fruts 946 ml,C,9990.0
25785,2024-06-03,kumis entero dulce botella latti 1000 ml,C,7700.0
25787,2024-06-03,kumis vaso latti x 150ml,C,1990.0
25790,2024-06-03,leche chocolate latti bolsa x200ml,C,1300.0
25798,2024-06-03,leche entera tetra pak latti 200ml,C,1200.0
25818,2024-06-03,mezcla chocodivertida nuthos 45 gr,C,1750.0
25830,2024-06-03,mortadela cervecera viande 225g,C,4700.0
25834,2024-06-03,nachos crachos 200 g,C,3300.0
25836,2024-06-03,paleta de frutas treefruts 70 g 6 und,C,11500.0
25839,2024-06-03,papas fosforitos kythos 200 g,C,3400.0
25842,2024-06-03,papas fritas sabor natural kythos 115 g,C,3300.0
25849,2024-06-03,pasabocas surtidos docena kythos 12 unds,C,9990.0
25855,2024-06-03,platanitos maduros kythos 6 und 168 g,C,5490.0
25861,2024-06-03,ramen nissin sabor carne 85 g,C,2490.0
25869,2024-06-03,ron anejo cartavio black barrel 750 ml,C,29950.0
25883,2024-06-03,salchichon cerveroni x900g,C,19950.0
25890,2024-06-03,sexta papa natural kythos 25 g,C,5950.0
25906,2024-06-03,tortilla fajita crachos 12 und 360 g,C,5490.0
25907,2024-06-03,tortilla finas hierbas crachos 250g,C,4490.0
25918,2024-06-03,vino malbec los rios varietal,C,19950.0
25923,2024-06-03,vino tinto cabernet sauvignon reserva quinta la,C,21950.0
25925,2024-06-03,vino tinto carmenere reserva quinta las cabras,C,21950.0
25941,2024-06-03,yogurt griego mora latti 160 gr,C,3900.0
25944,2024-06-03,yogurt melocoton light vita latti 1000gr,C,8990.0
25951,2024-06-04,agua con gas limonada omi 600 ml,C,1250.0
25955,2024-06-04,agua saborizada limon omi 1700 ml,C,2400.0
25968,2024-06-04,alimento humedo para gatos whiskas 85 g,C,2700.0
25969,2024-06-04,alimento lacteo en polvo el rodeo nutririnde 2,C,9490.0
25973,2024-06-04,aros frutales fiocco 230 g,C,4490.0
25988,2024-06-04,bebida hidratante sabor mandarina drink a 600 m,C,1600.0
25995,2024-06-04,bebida lactea sabor mora latti 200 ml,C,990.0
26011,2024-06-04,cerveza bahia 330 ml,C,1900.0
26014,2024-06-04,cerveza club colombia 269 ml,C,2200.0
26019,2024-06-04,chile con carne crachos 300 g,C,6550.0
26032,2024-06-04,costilla de cerdo red cut 500 g,C,10500.0
26035,2024-06-04,crispeta caramelo cheetos 72 g,C,2700.0
26049,2024-06-04,galleta 2 tacos ducales noel 241 grs,C,5490.0
26056,2024-06-04,galleta happy cream vainilla 12 pq 408g,C,6490.0
26071,2024-06-04,galletas doble chocolate chalet 120 g,C,4600.0
26076,2024-06-04,galletas mini chips 8 pq 280g,C,8990.0
26078,2024-06-04,galletas para gatos magic friends 75g,C,2200.0
26086,2024-06-04,gaseosa coca cola pet 250ml,C,1990.0
26095,2024-06-04,gaseosa pony malta 2000ml,C,6600.0
26104,2024-06-04,granola coco y pasas fit graan 350 g,C,4990.0
26112,2024-06-04,helado de mora kulfi 1 l,C,13500.0
26123,2024-06-04,jamon de pollo premium brakel 250 g,C,6990.0
26127,2024-06-04,jugo de arandanos tree fruts 946 ml,C,9990.0
26133,2024-06-04,kumis entero dulce botella latti 1000 ml,C,7700.0
26135,2024-06-04,kumis vaso latti x 150ml,C,1990.0
26138,2024-06-04,leche chocolate latti bolsa x200ml,C,1300.0
26146,2024-06-04,leche entera tetra pak latti 200ml,C,1200.0
26165,2024-06-04,mezcla chocodivertida nuthos 45 gr,C,1750.0
26177,2024-06-04,mortadela cervecera viande 225g,C,4700.0
26180,2024-06-04,nachos crachos 200 g,C,3300.0
26181,2024-06-04,paleta de frutas treefruts 70 g 6 und,C,11500.0
26184,2024-06-04,papas fosforitos kythos 200 g,C,3400.0
26187,2024-06-04,papas fritas sabor natural kythos 115 g,C,3300.0
26194,2024-06-04,pasabocas surtidos docena kythos 12 unds,C,9990.0
26198,2024-06-04,platanitos maduros kythos 6 und 168 g,C,5490.0
26204,2024-06-04,ramen nissin sabor carne 85 g,C,2490.0
26212,2024-06-04,ron anejo cartavio black barrel 750 ml,C,29950.0
26224,2024-06-04,salchichon cerveroni x900g,C,19950.0
26229,2024-06-04,sexta papa natural kythos 25 g,C,5950.0
26244,2024-06-04,tortilla fajita crachos 12 und 360 g,C,5490.0
26245,2024-06-04,tortilla finas hierbas crachos 250g,C,4490.0
26256,2024-06-04,vino lambrusco don vitto surtido,C,19950.0
26257,2024-06-04,vino malbec los rios varietal,C,19950.0
26261,2024-06-04,vino tinto cabernet sauvignon reserva quinta la,C,21950.0
26263,2024-06-04,vino tinto carmenere reserva quinta las cabras,C,21950.0
26279,2024-06-04,yogurt griego mora latti 160 gr,C,3900.0
26282,2024-06-04,yogurt melocoton light vita latti 1000gr,C,8990.0
26289,2024-06-05,agua con gas limonada omi 600 ml,C,1250.0
26293,2024-06-05,agua saborizada limon omi 1700 ml,C,2400.0
26306,2024-06-05,alimento humedo para gatos whiskas 85 g,C,2700.0
26307,2024-06-05,alimento lacteo en polvo el rodeo nutririnde 2,C,9490.0
26311,2024-06-05,aros frutales fiocco 230 g,C,4490.0
26326,2024-06-05,bebida hidratante sabor mandarina drink a 600 m,C,1600.0
26333,2024-06-05,bebida lactea sabor mora latti 200 ml,C,990.0
26350,2024-06-05,cerveza bahia 330 ml,C,1900.0
26353,2024-06-05,cerveza club colombia 269 ml,C,2200.0
26358,2024-06-05,chile con carne crachos 300 g,C,6550.0
26371,2024-06-05,costilla de cerdo red cut 500 g,C,10500.0
26374,2024-06-05,crispeta caramelo cheetos 72 g,C,2700.0
26388,2024-06-05,galleta 2 tacos ducales noel 241 grs,C,5490.0
26395,2024-06-05,galleta happy cream vainilla 12 pq 408g,C,6490.0
26410,2024-06-05,galletas doble chocolate chalet 120 g,C,4600.0
26415,2024-06-05,galletas mini chips 8 pq 280g,C,8990.0
26417,2024-06-05,galletas para gatos magic friends 75g,C,2200.0
26425,2024-06-05,gaseosa coca cola pet 250ml,C,1990.0
26434,2024-06-05,gaseosa pony malta 2000ml,C,6600.0
26443,2024-06-05,granola coco y pasas fit graan 350 g,C,4990.0
26451,2024-06-05,helado de mora kulfi 1 l,C,13500.0
26458,2024-06-05,jamon asado al horno centurion 100g,C,8990.0
26463,2024-06-05,jamon de pollo premium brakel 250 g,C,6990.0
26467,2024-06-05,jugo de arandanos tree fruts 946 ml,C,9990.0
26473,2024-06-05,kumis entero dulce botella latti 1000 ml,C,7700.0
26475,2024-06-05,kumis vaso latti x 150ml,C,1990.0
26478,2024-06-05,leche chocolate latti bolsa x200ml,C,1300.0
26486,2024-06-05,leche entera tetra pak latti 200ml,C,1200.0
26505,2024-06-05,mezcla chocodivertida nuthos 45 gr,C,1750.0
26517,2024-06-05,mortadela cervecera viande 225g,C,4700.0
26520,2024-06-05,nachos crachos 200 g,C,3300.0
26521,2024-06-05,paleta de frutas treefruts 70 g 6 und,C,11500.0
26524,2024-06-05,papas fosforitos kythos 200 g,C,3400.0
26527,2024-06-05,papas fritas sabor natural kythos 115 g,C,3300.0
26534,2024-06-05,pasabocas surtidos docena kythos 12 unds,C,9990.0
26538,2024-06-05,platanitos maduros kythos 6 und 168 g,C,5490.0
26544,2024-06-05,ramen nissin sabor carne 85 g,C,2490.0
26552,2024-06-05,ron anejo cartavio black barrel 750 ml,C,29950.0
26563,2024-06-05,salchichon cerveroni x900g,C,19950.0
26568,2024-06-05,sexta papa natural kythos 25 g,C,5950.0
26583,2024-06-05,tortilla fajita crachos 12 und 360 g,C,5490.0
26584,2024-06-05,tortilla finas hierbas crachos 250g,C,4490.0
26595,2024-06-05,vino lambrusco don vitto surtido,C,19950.0
26596,2024-06-05,vino malbec los rios varietal,C,19950.0
26601,2024-06-05,vino tinto cabernet sauvignon reserva quinta la,C,21950.0
26603,2024-06-05,vino tinto carmenere reserva quinta las cabras,C,21950.0
26618,2024-06-05,yogurt griego mora latti 160 gr,C,3900.0
26621,2024-06-05,yogurt melocoton light vita latti 1000gr,C,8990.0
26628,2024-06-06,agua con gas limonada omi 600 ml,C,1250.0
26632,2024-06-06,agua saborizada limon omi 1700 ml,C,2400.0
26645,2024-06-06,alimento humedo para gatos whiskas 85 g,C,2700.0
26646,2024-06-06,alimento lacteo en polvo el rodeo nutririnde 2,C,9490.0
26650,2024-06-06,aros frutales fiocco 230 g,C,4490.0
26665,2024-06-06,bebida hidratante sabor mandarina drink a 600 m,C,1600.0
26672,2024-06-06,bebida lactea sabor mora latti 200 ml,C,990.0
26689,2024-06-06,cerveza bahia 330 ml,C,1900.0
26692,2024-06-06,cerveza club colombia 269 ml,C,2200.0
26697,2024-06-06,chile con carne crachos 300 g,C,6550.0
26710,2024-06-06,costilla de cerdo red cut 500 g,C,10500.0
26713,2024-06-06,crispeta caramelo cheetos 72 g,C,2700.0
26727,2024-06-06,galleta 2 tacos ducales noel 241 grs,C,5490.0
26734,2024-06-06,galleta happy cream vainilla 12 pq 408g,C,6490.0
26749,2024-06-06,galletas doble chocolate chalet 120 g,C,4600.0
26754,2024-06-06,galletas mini chips 8 pq 280g,C,8990.0
26756,2024-06-06,galletas para gatos magic friends 75g,C,2200.0
26764,2024-06-06,gaseosa coca cola pet 250ml,C,1990.0
26773,2024-06-06,gaseosa pony malta 2000ml,C,6600.0
26782,2024-06-06,granola coco y pasas fit graan 350 g,C,4990.0
26790,2024-06-06,helado de mora kulfi 1 l,C,13500.0
26797,2024-06-06,jamon asado al horno centurion 100g,C,8990.0
26801,2024-06-06,jamon de pollo premium brakel 250 g,C,6990.0
26805,2024-06-06,jugo de arandanos tree fruts 946 ml,C,9990.0
26811,2024-06-06,kumis entero dulce botella latti 1000 ml,C,7700.0
26813,2024-06-06,kumis vaso latti x 150ml,C,1990.0
26816,2024-06-06,leche chocolate latti bolsa x200ml,C,1300.0
26824,2024-06-06,leche entera tetra pak latti 200ml,C,1200.0
26843,2024-06-06,mezcla chocodivertida nuthos 45 gr,C,1750.0
26855,2024-06-06,mortadela cervecera viande 225g,C,4700.0
26858,2024-06-06,nachos crachos 200 g,C,3300.0
26859,2024-06-06,paleta de frutas treefruts 70 g 6 und,C,11500.0
26862,2024-06-06,papas fosforitos kythos 200 g,C,3400.0
26865,2024-06-06,papas fritas sabor natural kythos 115 g,C,3300.0
26872,2024-06-06,pasabocas surtidos docena kythos 12 unds,C,9990.0
26876,2024-06-06,platanitos maduros kythos 6 und 168 g,C,5490.0
26882,2024-06-06,ramen nissin sabor carne 85 g,C,2490.0
26890,2024-06-06,ron anejo cartavio black barrel 750 ml,C,29950.0
26902,2024-06-06,salchichon cerveroni x900g,C,19950.0
26907,2024-06-06,sexta papa natural kythos 25 g,C,5950.0
26922,2024-06-06,tortilla fajita crachos 12 und 360 g,C,5490.0
26923,2024-06-06,tortilla finas hierbas crachos 250g,C,4490.0
26934,2024-06-06,vino lambrusco don vitto surtido,C,19950.0
26935,2024-06-06,vino malbec los rios varietal,C,19950.0
26940,2024-06-06,vino tinto cabernet sauvignon reserva quinta la,C,21950.0
26942,2024-06-06,vino tinto carmenere reserva quinta las cabras,C,21950.0
26957,2024-06-06,yogurt griego mora latti 160 gr,C,3900.0
26960,2024-06-06,yogurt melocoton light vita latti 1000gr,C,8990.0
26967,2024-06-07,agua con gas limonada omi 600 ml,C,1250.0
26971,2024-06-07,agua saborizada limon omi 1700 ml,C,2400.0
26984,2024-06-07,alimento humedo para gatos whiskas 85 g,C,2700.0
26985,2024-06-07,alimento lacteo en polvo el rodeo nutririnde 2,C,9490.0
26989,2024-06-07,aros frutales fiocco 230 g,C,4490.0
27004,2024-06-07,bebida hidratante sabor mandarina drink a 600 m,C,1600.0
27010,2024-06-07,bebida lactea sabor mora latti 200 ml,C,990.0
27027,2024-06-07,cerveza bahia 330 ml,C,1900.0
27030,2024-06-07,cerveza club colombia 269 ml,C,2200.0
27035,2024-06-07,chile con carne crachos 300 g,C,6550.0
27048,2024-06-07,costilla de cerdo red cut 500 g,C,10500.0
27051,2024-06-07,crispeta caramelo cheetos 72 g,C,2700.0
27065,2024-06-07,galleta 2 tacos ducales noel 241 grs,C,5490.0
27072,2024-06-07,galleta happy cream vainilla 12 pq 408g,C,6490.0
27087,2024-06-07,galletas doble chocolate chalet 120 g,C,4600.0
27092,2024-06-07,galletas mini chips 8 pq 280g,C,8990.0
27094,2024-06-07,galletas para gatos magic friends 75g,C,2200.0
27102,2024-06-07,gaseosa coca cola pet 250ml,C,1990.0
27111,2024-06-07,gaseosa pony malta 2000ml,C,6600.0
27120,2024-06-07,granola coco y pasas fit graan 350 g,C,4990.0
27128,2024-06-07,helado de mora kulfi 1 l,C,13500.0
27136,2024-06-07,jamon asado al horno centurion 100g,C,8990.0
27141,2024-06-07,jamon de pollo premium brakel 250 g,C,6990.0
27145,2024-06-07,jugo de arandanos tree fruts 946 ml,C,9990.0
27151,2024-06-07,kumis entero dulce botella latti 1000 ml,C,7700.0
27153,2024-06-07,kumis vaso latti x 150ml,C,1990.0
27156,2024-06-07,leche chocolate latti bolsa x200ml,C,1300.0
27164,2024-06-07,leche entera tetra pak latti 200ml,C,1200.0
27183,2024-06-07,mezcla chocodivertida nuthos 45 gr,C,1750.0
27195,2024-06-07,mortadela cervecera viande 225g,C,4700.0
27198,2024-06-07,nachos crachos 200 g,C,3300.0
27199,2024-06-07,paleta de frutas treefruts 70 g 6 und,C,11500.0
27202,2024-06-07,papas fosforitos kythos 200 g,C,3400.0
27205,2024-06-07,papas fritas sabor natural kythos 115 g,C,3300.0
27212,2024-06-07,pasabocas surtidos docena kythos 12 unds,C,9990.0
27217,2024-06-07,platanitos maduros kythos 6 und 168 g,C,5490.0
27223,2024-06-07,ramen nissin sabor carne 85 g,C,2490.0
27231,2024-06-07,ron anejo cartavio black barrel 750 ml,C,29950.0
27243,2024-06-07,salchichon cerveroni x900g,C,19950.0
27248,2024-06-07,sexta papa natural kythos 25 g,C,5950.0
27262,2024-06-07,tortilla fajita crachos 12 und 360 g,C,5490.0
27263,2024-06-07,tortilla finas hierbas crachos 250g,C,4490.0
27274,2024-06-07,vino lambrusco don vitto surtido,C,19950.0
27275,2024-06-07,vino malbec los rios varietal,C,19950.0
27280,2024-06-07,vino tinto cabernet sauvignon reserva quinta la,C,21950.0
27282,2024-06-07,vino tinto carmenere reserva quinta las cabras,C,21950.0
27297,2024-06-07,yogurt griego mora latti 160 gr,C,3900.0
27300,2024-06-07,yogurt melocoton light vita latti 1000gr,C,8990.0
27307,2024-06-08,agua con gas limonada omi 600 ml,C,1250.0
27311,2024-06-08,agua saborizada limon omi 1700 ml,C,2400.0
27324,2024-06-08,alimento humedo para gatos whiskas 85 g,C,2700.0
27325,2024-06-08,alimento lacteo en polvo el rodeo nutririnde 2,C,9490.0
27329,2024-06-08,aros frutales fiocco 230 g,C,4490.0
27344,2024-06-08,bebida hidratante sabor mandarina drink a 600 m,C,1600.0
27350,2024-06-08,bebida lactea sabor mora latti 200 ml,C,990.0
27367,2024-06-08,cerveza bahia 330 ml,C,1900.0
27370,2024-06-08,cerveza club colombia 269 ml,C,2200.0
27375,2024-06-08,chile con carne crachos 300 g,C,6550.0
27388,2024-06-08,costilla de cerdo red cut 500 g,C,10500.0
27391,2024-06-08,crispeta caramelo cheetos 72 g,C,2700.0
27405,2024-06-08,galleta 2 tacos ducales noel 241 grs,C,5490.0
27412,2024-06-08,galleta happy cream vainilla 12 pq 408g,C,6490.0
27428,2024-06-08,galletas doble chocolate chalet 120 g,C,4600.0
27433,2024-06-08,galletas mini chips 8 pq 280g,C,8990.0
27435,2024-06-08,galletas para gatos magic friends 75g,C,2200.0
27443,2024-06-08,gaseosa coca cola pet 250ml,C,1990.0
27452,2024-06-08,gaseosa pony malta 2000ml,C,6600.0
27461,2024-06-08,granola coco y pasas fit graan 350 g,C,4990.0
27469,2024-06-08,helado de mora kulfi 1 l,C,13500.0
27477,2024-06-08,jamon asado al horno centurion 100g,C,8990.0
27482,2024-06-08,jamon de pollo premium brakel 250 g,C,6990.0
27486,2024-06-08,jugo de arandanos tree fruts 946 ml,C,9990.0
27492,2024-06-08,kumis entero dulce botella latti 1000 ml,C,7700.0
27494,2024-06-08,kumis vaso latti x 150ml,C,1990.0
27497,2024-06-08,leche chocolate latti bolsa x200ml,C,1300.0
27505,2024-06-08,leche entera tetra pak latti 200ml,C,1200.0
27524,2024-06-08,mezcla chocodivertida nuthos 45 gr,C,1750.0
27536,2024-06-08,mortadela cervecera viande 225g,C,4700.0
27539,2024-06-08,nachos crachos 200 g,C,3300.0
27540,2024-06-08,paleta de frutas treefruts 70 g 6 und,C,11500.0
27543,2024-06-08,papas fosforitos kythos 200 g,C,3400.0
27546,2024-06-08,papas fritas sabor natural kythos 115 g,C,3300.0
27553,2024-06-08,pasabocas surtidos docena kythos 12 unds,C,9990.0
27558,2024-06-08,platanitos maduros kythos 6 und 168 g,C,5490.0
27564,2024-06-08,ramen nissin sabor carne 85 g,C,2490.0
27572,2024-06-08,ron anejo cartavio black barrel 750 ml,C,29950.0
27584,2024-06-08,salchichon cerveroni x900g,C,19950.0
27589,2024-06-08,sexta papa natural kythos 25 g,C,5950.0
27603,2024-06-08,tortilla fajita crachos 12 und 360 g,C,5490.0
27604,2024-06-08,tortilla finas hierbas crachos 250g,C,4490.0
27615,2024-06-08,vino lambrusco don vitto surtido,C,19950.0
27616,2024-06-08,vino malbec los rios varietal,C,19950.0
27621,2024-06-08,vino tinto cabernet sauvignon reserva quinta la,C,21950.0
27623,2024-06-08,vino tinto carmenere reserva quinta las cabras,C,21950.0
27638,2024-06-08,yogurt griego mora latti 160 gr,C,3900.0
27641,2024-06-08,yogurt melocoton light vita latti 1000gr,C,8990.0
27648,2024-06-09,agua con gas limonada omi 600 ml,C,1250.0
27652,2024-06-09,agua saborizada limon omi 1700 ml,C,2400.0
27664,2024-06-09,alimento humedo para gatos whiskas 85 g,C,2700.0
27665,2024-06-09,alimento lacteo en polvo el rodeo nutririnde 2,C,9490.0
27669,2024-06-09,aros frutales fiocco 230 g,C,4490.0
27684,2024-06-09,bebida hidratante sabor mandarina drink a 600 m,C,1600.0
27690,2024-06-09,bebida lactea sabor mora latti 200 ml,C,990.0
27707,2024-06-09,cerveza bahia 330 ml,C,1900.0
27710,2024-06-09,cerveza club colombia 269 ml,C,2200.0
27715,2024-06-09,chile con carne crachos 300 g,C,6550.0
27727,2024-06-09,costilla de cerdo red cut 500 g,C,10500.0
27730,2024-06-09,crispeta caramelo cheetos 72 g,C,2700.0
27744,2024-06-09,galleta 2 tacos ducales noel 241 grs,C,5490.0
27751,2024-06-09,galleta happy cream vainilla 12 pq 408g,C,6490.0
27767,2024-06-09,galletas doble chocolate chalet 120 g,C,4600.0
27772,2024-06-09,galletas mini chips 8 pq 280g,C,8990.0
27774,2024-06-09,galletas para gatos magic friends 75g,C,2200.0
27782,2024-06-09,gaseosa coca cola pet 250ml,C,1990.0
27791,2024-06-09,gaseosa pony malta 2000ml,C,6600.0
27800,2024-06-09,granola coco y pasas fit graan 350 g,C,4990.0
27808,2024-06-09,helado de mora kulfi 1 l,C,13500.0
27816,2024-06-09,jamon asado al horno centurion 100g,C,8990.0
27821,2024-06-09,jamon de pollo premium brakel 250 g,C,6990.0
27825,2024-06-09,jugo de arandanos tree fruts 946 ml,C,9990.0
27831,2024-06-09,kumis entero dulce botella latti 1000 ml,C,7700.0
27833,2024-06-09,kumis vaso latti x 150ml,C,1990.0
27836,2024-06-09,leche chocolate latti bolsa x200ml,C,1300.0
27844,2024-06-09,leche entera tetra pak latti 200ml,C,1200.0
27863,2024-06-09,mezcla chocodivertida nuthos 45 gr,C,1750.0
27875,2024-06-09,mortadela cervecera viande 225g,C,4700.0
27878,2024-06-09,nachos crachos 200 g,C,3300.0
27879,2024-06-09,paleta de frutas treefruts 70 g 6 und,C,11500.0
27882,2024-06-09,papas fosforitos kythos 200 g,C,3400.0
27885,2024-06-09,papas fritas sabor natural kythos 115 g,C,3300.0
27892,2024-06-09,pasabocas surtidos docena kythos 12 unds,C,9990.0
27897,2024-06-09,platanitos maduros kythos 6 und 168 g,C,5490.0
27903,2024-06-09,ramen nissin sabor carne 85 g,C,2490.0
27911,2024-06-09,ron anejo cartavio black barrel 750 ml,C,29950.0
27923,2024-06-09,salchichon cerveroni x900g,C,19950.0
27928,2024-06-09,sexta papa natural kythos 25 g,C,5950.0
27942,2024-06-09,tortilla fajita crachos 12 und 360 g,C,5490.0
27943,2024-06-09,tortilla finas hierbas crachos 250g,C,4490.0
27954,2024-06-09,vino lambrusco don vitto surtido,C,19950.0
27955,2024-06-09,vino malbec los rios varietal,C,19950.0
27960,2024-06-09,vino tinto cabernet sauvignon reserva quinta la,C,21950.0
27962,2024-06-09,vino tinto carmenere reserva quinta las cabras,C,21950.0
27977,2024-06-09,yogurt griego mora latti 160 gr,C,3900.0
27980,2024-06-09,yogurt melocoton light vita latti 1000gr,C,8990.0
27987,2024-06-10,agua con gas limonada omi 600 ml,C,1250.0
27991,2024-06-10,agua saborizada limon omi 1700 ml,C,2400.0
28003,2024-06-10,alimento humedo para gatos whiskas 85 g,C,2700.0
28004,2024-06-10,alimento lacteo en polvo el rodeo nutririnde 2,C,9490.0
28008,2024-06-10,aros frutales fiocco 230 g,C,4490.0
28023,2024-06-10,bebida hidratante sabor mandarina drink a 600 m,C,1600.0
28029,2024-06-10,bebida lactea sabor mora latti 200 ml,C,990.0
28046,2024-06-10,cerveza bahia 330 ml,C,1900.0
28049,2024-06-10,cerveza club colombia 269 ml,C,2200.0
28054,2024-06-10,chile con carne crachos 300 g,C,6550.0
28064,2024-06-10,costilla de cerdo red cut 500 g,C,10500.0
28067,2024-06-10,crispeta caramelo cheetos 72 g,C,2700.0
28081,2024-06-10,galleta 2 tacos ducales noel 241 grs,C,5490.0
28087,2024-06-10,galleta happy cream vainilla 12 pq 408g,C,6490.0
28103,2024-06-10,galletas doble chocolate chalet 120 g,C,4600.0
28108,2024-06-10,galletas mini chips 8 pq 280g,C,8990.0
28110,2024-06-10,galletas para gatos magic friends 75g,C,2200.0
28118,2024-06-10,gaseosa coca cola pet 250ml,C,1990.0
28127,2024-06-10,gaseosa pony malta 2000ml,C,6600.0
28136,2024-06-10,granola coco y pasas fit graan 350 g,C,4990.0
28144,2024-06-10,helado de mora kulfi 1 l,C,13500.0
28152,2024-06-10,jamon asado al horno centurion 100g,C,8990.0
28157,2024-06-10,jamon de pollo premium brakel 250 g,C,6990.0
28161,2024-06-10,jugo de arandanos tree fruts 946 ml,C,9990.0
28167,2024-06-10,kumis entero dulce botella latti 1000 ml,C,7700.0
28169,2024-06-10,kumis vaso latti x 150ml,C,1990.0
28172,2024-06-10,leche chocolate latti bolsa x200ml,C,1300.0
28180,2024-06-10,leche entera tetra pak latti 200ml,C,1200.0
28199,2024-06-10,mezcla chocodivertida nuthos 45 gr,C,1750.0
28211,2024-06-10,mortadela cervecera viande 225g,C,4700.0
28214,2024-06-10,nachos crachos 200 g,C,3300.0
28215,2024-06-10,paleta de frutas treefruts 70 g 6 und,C,11500.0
28218,2024-06-10,papas fosforitos kythos 200 g,C,3400.0
28221,2024-06-10,papas fritas sabor natural kythos 115 g,C,3300.0
28228,2024-06-10,pasabocas surtidos docena kythos 12 unds,C,9990.0
28233,2024-06-10,platanitos maduros kythos 6 und 168 g,C,5490.0
28239,2024-06-10,ramen nissin sabor carne 85 g,C,2490.0
28247,2024-06-10,ron anejo cartavio black barrel 750 ml,C,29950.0
28259,2024-06-10,salchichon cerveroni x900g,C,19950.0
28264,2024-06-10,sexta papa natural kythos 25 g,C,5950.0
28279,2024-06-10,tortilla fajita crachos 12 und 360 g,C,5490.0
28280,2024-06-10,tortilla finas hierbas crachos 250g,C,4490.0
28291,2024-06-10,vino lambrusco don vitto surtido,C,19950.0
28292,2024-06-10,vino malbec los rios varietal,C,19950.0
28297,2024-06-10,vino tinto cabernet sauvignon reserva quinta la,C,21950.0
28299,2024-06-10,vino tinto carmenere reserva quinta las cabras,C,21950.0
28314,2024-06-10,yogurt griego mora latti 160 gr,C,3900.0
28317,2024-06-10,yogurt melocoton light vita latti 1000gr,C,8990.0
28324,2024-06-11,agua con gas limonada omi 600 ml,C,1250.0
28328,2024-06-11,agua saborizada limon omi 1700 ml,C,2400.0
28341,2024-06-11,alimento humedo para gatos whiskas 85 g,C,2700.0
28342,2024-06-11,alimento lacteo en polvo el rodeo nutririnde 2,C,9490.0
28346,2024-06-11,aros frutales fiocco 230 g,C,4490.0
28361,2024-06-11,bebida hidratante sabor mandarina drink a 600 m,C,1600.0
28369,2024-06-11,bebida lactea sabor mora latti 200 ml,C,990.0
28386,2024-06-11,cerveza bahia 330 ml,C,1900.0
28389,2024-06-11,cerveza club colombia 269 ml,C,2200.0
28394,2024-06-11,chile con carne crachos 300 g,C,6550.0
28407,2024-06-11,costilla de cerdo red cut 500 g,C,10500.0
28410,2024-06-11,crispeta caramelo cheetos 72 g,C,2700.0
28424,2024-06-11,galleta 2 tacos ducales noel 241 grs,C,5490.0
28431,2024-06-11,galleta happy cream vainilla 12 pq 408g,C,6490.0
28445,2024-06-11,galletas doble chocolate chalet 120 g,C,4600.0
28450,2024-06-11,galletas mini chips 8 pq 280g,C,8990.0
28452,2024-06-11,galletas para gatos magic friends 75g,C,2200.0
28460,2024-06-11,gaseosa coca cola pet 250ml,C,1990.0
28469,2024-06-11,gaseosa pony malta 2000ml,C,6600.0
28478,2024-06-11,granola coco y pasas fit graan 350 g,C,4990.0
28486,2024-06-11,helado de mora kulfi 1 l,C,13500.0
28494,2024-06-11,jamon asado al horno centurion 100g,C,8990.0
28499,2024-06-11,jamon de pollo premium brakel 250 g,C,6990.0
28503,2024-06-11,jugo de arandanos tree fruts 946 ml,C,9990.0
28509,2024-06-11,kumis entero dulce botella latti 1000 ml,C,7700.0
28511,2024-06-11,kumis vaso latti x 150ml,C,1990.0
28514,2024-06-11,leche chocolate latti bolsa x200ml,C,1300.0
28522,2024-06-11,leche entera tetra pak latti 200ml,C,1200.0
28541,2024-06-11,mezcla chocodivertida nuthos 45 gr,C,1750.0
28553,2024-06-11,mortadela cervecera viande 225g,C,4700.0
28556,2024-06-11,nachos crachos 200 g,C,3300.0
28557,2024-06-11,paleta de frutas treefruts 70 g 6 und,C,11500.0
28560,2024-06-11,papas fosforitos kythos 200 g,C,3400.0
28563,2024-06-11,papas fritas sabor natural kythos 115 g,C,3300.0
28570,2024-06-11,pasabocas surtidos docena kythos 12 unds,C,9990.0
28576,2024-06-11,platanitos maduros kythos 6 und 168 g,C,5490.0
28582,2024-06-11,ramen nissin sabor carne 85 g,C,2490.0
28590,2024-06-11,ron anejo cartavio black barrel 750 ml,C,29950.0
28602,2024-06-11,salchichon cerveroni x900g,C,19950.0
28607,2024-06-11,sexta papa natural kythos 25 g,C,5950.0
28622,2024-06-11,tortilla fajita crachos 12 und 360 g,C,5490.0
28623,2024-06-11,tortilla finas hierbas crachos 250g,C,4490.0
28634,2024-06-11,vino lambrusco don vitto surtido,C,19950.0
28635,2024-06-11,vino malbec los rios varietal,C,19950.0
28640,2024-06-11,vino tinto cabernet sauvignon reserva quinta la,C,21950.0
28642,2024-06-11,vino tinto carmenere reserva quinta las cabras,C,21950.0
28657,2024-06-11,yogurt griego mora latti 160 gr,C,3900.0
28660,2024-06-11,yogurt melocoton light vita latti 1000gr,C,8990.0
28667,2024-06-12,agua con gas limonada omi 600 ml,C,1250.0
28671,2024-06-12,agua saborizada limon omi 1700 ml,C,2400.0
28684,2024-06-12,alimento humedo para gatos whiskas 85 g,C,2700.0
28685,2024-06-12,alimento lacteo en polvo el rodeo nutririnde 2,C,9490.0
28689,2024-06-12,aros frutales fiocco 230 g,C,4490.0
28704,2024-06-12,bebida hidratante sabor mandarina drink a 600 m,C,1600.0
28712,2024-06-12,bebida lactea sabor mora latti 200 ml,C,990.0
28729,2024-06-12,cerveza bahia 330 ml,C,1900.0
28732,2024-06-12,cerveza club colombia 269 ml,C,2200.0
28737,2024-06-12,chile con carne crachos 300 g,C,6550.0
28750,2024-06-12,costilla de cerdo red cut 500 g,C,10500.0
28753,2024-06-12,crispeta caramelo cheetos 72 g,C,2700.0
28766,2024-06-12,galleta 2 tacos ducales noel 241 grs,C,5490.0
28773,2024-06-12,galleta happy cream vainilla 12 pq 408g,C,6490.0
28787,2024-06-12,galletas doble chocolate chalet 120 g,C,4600.0
28791,2024-06-12,galletas mini chips 8 pq 280g,C,8990.0
28793,2024-06-12,galletas para gatos magic friends 75g,C,2200.0
28801,2024-06-12,gaseosa coca cola pet 250ml,C,1990.0
28810,2024-06-12,gaseosa pony malta 2000ml,C,6600.0
28819,2024-06-12,granola coco y pasas fit graan 350 g,C,4990.0
28827,2024-06-12,helado de mora kulfi 1 l,C,13500.0
28835,2024-06-12,jamon asado al horno centurion 100g,C,8990.0
28840,2024-06-12,jamon de pollo premium brakel 250 g,C,6990.0
28844,2024-06-12,jugo de arandanos tree fruts 946 ml,C,9990.0
28850,2024-06-12,kumis entero dulce botella latti 1000 ml,C,7700.0
28852,2024-06-12,kumis vaso latti x 150ml,C,1990.0
28855,2024-06-12,leche chocolate latti bolsa x200ml,C,1300.0
28863,2024-06-12,leche entera tetra pak latti 200ml,C,1200.0
28882,2024-06-12,mezcla chocodivertida nuthos 45 gr,C,1750.0
28894,2024-06-12,mortadela cervecera viande 225g,C,4700.0
28897,2024-06-12,nachos crachos 200 g,C,3300.0
28898,2024-06-12,paleta de frutas treefruts 70 g 6 und,C,11500.0
28901,2024-06-12,papas fosforitos kythos 200 g,C,3400.0
28904,2024-06-12,papas fritas sabor natural kythos 115 g,C,3300.0
28911,2024-06-12,pasabocas surtidos docena kythos 12 unds,C,9990.0
28917,2024-06-12,platanitos maduros kythos 6 und 168 g,C,5490.0
28923,2024-06-12,ramen nissin sabor carne 85 g,C,2490.0
28931,2024-06-12,ron anejo cartavio black barrel 750 ml,C,29950.0
28943,2024-06-12,salchichon cerveroni x900g,C,19950.0
28948,2024-06-12,sexta papa natural kythos 25 g,C,5950.0
28963,2024-06-12,tortilla fajita crachos 12 und 360 g,C,5490.0
28964,2024-06-12,tortilla finas hierbas crachos 250g,C,4490.0
28975,2024-06-12,vino lambrusco don vitto surtido,C,19950.0
28976,2024-06-12,vino malbec los rios varietal,C,19950.0
28981,2024-06-12,vino tinto cabernet sauvignon reserva quinta la,C,21950.0
28983,2024-06-12,vino tinto carmenere reserva quinta las cabras,C,21950.0
28998,2024-06-12,yogurt griego mora latti 160 gr,C,3900.0
29001,2024-06-12,yogurt melocoton light vita latti 1000gr,C,8990.0
29008,2024-06-13,agua con gas limonada omi 600 ml,C,1250.0
29012,2024-06-13,agua saborizada limon omi 1700 ml,C,2400.0
29025,2024-06-13,alimento humedo para gatos whiskas 85 g,C,2700.0
29026,2024-06-13,alimento lacteo en polvo el rodeo nutririnde 2,C,9490.0
29030,2024-06-13,aros frutales fiocco 230 g,C,4490.0
29045,2024-06-13,bebida hidratante sabor mandarina drink a 600 m,C,1600.0
29053,2024-06-13,bebida lactea sabor mora latti 200 ml,C,990.0
29070,2024-06-13,cerveza bahia 330 ml,C,1900.0
29073,2024-06-13,cerveza club colombia 269 ml,C,2200.0
29078,2024-06-13,chile con carne crachos 300 g,C,6550.0
29091,2024-06-13,costilla de cerdo red cut 500 g,C,10500.0
29094,2024-06-13,crispeta caramelo cheetos 72 g,C,2700.0
29107,2024-06-13,galleta 2 tacos ducales noel 241 grs,C,5490.0
29114,2024-06-13,galleta happy cream vainilla 12 pq 408g,C,6490.0
29128,2024-06-13,galletas doble chocolate chalet 120 g,C,4600.0
29132,2024-06-13,galletas mini chips 8 pq 280g,C,8990.0
29134,2024-06-13,galletas para gatos magic friends 75g,C,2200.0
29142,2024-06-13,gaseosa coca cola pet 250ml,C,1990.0
29151,2024-06-13,gaseosa pony malta 2000ml,C,6600.0
29160,2024-06-13,granola coco y pasas fit graan 350 g,C,4990.0
29168,2024-06-13,helado de mora kulfi 1 l,C,13500.0
29176,2024-06-13,jamon asado al horno centurion 100g,C,8990.0
29181,2024-06-13,jamon de pollo premium brakel 250 g,C,6990.0
29185,2024-06-13,jugo de arandanos tree fruts 946 ml,C,9990.0
29191,2024-06-13,kumis entero dulce botella latti 1000 ml,C,7700.0
29193,2024-06-13,kumis vaso latti x 150ml,C,1990.0
29196,2024-06-13,leche chocolate latti bolsa x200ml,C,1300.0
29204,2024-06-13,leche entera tetra pak latti 200ml,C,1200.0
29223,2024-06-13,mezcla chocodivertida nuthos 45 gr,C,1750.0
29235,2024-06-13,mortadela cervecera viande 225g,C,4700.0
29238,2024-06-13,nachos crachos 200 g,C,3300.0
29239,2024-06-13,paleta de frutas treefruts 70 g 6 und,C,11500.0
29242,2024-06-13,papas fosforitos kythos 200 g,C,3400.0
29245,2024-06-13,papas fritas sabor natural kythos 115 g,C,3300.0
29252,2024-06-13,pasabocas surtidos docena kythos 12 unds,C,9990.0
29258,2024-06-13,platanitos maduros kythos 6 und 168 g,C,5490.0
29264,2024-06-13,ramen nissin sabor carne 85 g,C,2490.0
29272,2024-06-13,ron anejo cartavio black barrel 750 ml,C,29950.0
29284,2024-06-13,salchichon cerveroni x900g,C,19950.0
29289,2024-06-13,sexta papa natural kythos 25 g,C,5950.0
29303,2024-06-13,tortilla fajita crachos 12 und 360 g,C,5490.0
29304,2024-06-13,tortilla finas hierbas crachos 250g,C,4490.0
29315,2024-06-13,vino lambrusco don vitto surtido,C,19950.0
29316,2024-06-13,vino malbec los rios varietal,C,19950.0
29321,2024-06-13,vino tinto cabernet sauvignon reserva quinta la,C,21950.0
29323,2024-06-13,vino tinto carmenere reserva quinta las cabras,C,21950.0
29338,2024-06-13,yogurt griego mora latti 160 gr,C,3900.0
29341,2024-06-13,yogurt melocoton light vita latti 1000gr,C,8990.0
29348,2024-06-14,agua con gas limonada omi 600 ml,C,1250.0
29352,2024-06-14,agua saborizada limon omi 1700 ml,C,2400.0
29365,2024-06-14,alimento humedo para gatos whiskas 85 g,C,2700.0
29366,2024-06-14,alimento lacteo en polvo el rodeo nutririnde 2,C,9490.0
29370,2024-06-14,aros frutales fiocco 230 g,C,4490.0
29385,2024-06-14,bebida hidratante sabor mandarina drink a 600 m,C,1600.0
29393,2024-06-14,bebida lactea sabor mora latti 200 ml,C,990.0
29410,2024-06-14,cerveza bahia 330 ml,C,1900.0
29413,2024-06-14,cerveza club colombia 269 ml,C,2200.0
29418,2024-06-14,chile con carne crachos 300 g,C,6550.0
29431,2024-06-14,costilla de cerdo red cut 500 g,C,10500.0
29434,2024-06-14,crispeta caramelo cheetos 72 g,C,2700.0
29448,2024-06-14,galleta 2 tacos ducales noel 241 grs,C,5490.0
29455,2024-06-14,galleta happy cream vainilla 12 pq 408g,C,6490.0
29471,2024-06-14,galletas doble chocolate chalet 120 g,C,4600.0
29476,2024-06-14,galletas mini chips 8 pq 280g,C,8990.0
29478,2024-06-14,galletas para gatos magic friends 75g,C,2200.0
29486,2024-06-14,gaseosa coca cola pet 250ml,C,1990.0
29495,2024-06-14,gaseosa pony malta 2000ml,C,6600.0
29504,2024-06-14,granola coco y pasas fit graan 350 g,C,4990.0
29512,2024-06-14,helado de mora kulfi 1 l,C,13500.0
29520,2024-06-14,jamon asado al horno centurion 100g,C,8990.0
29525,2024-06-14,jamon de pollo premium brakel 250 g,C,6990.0
29529,2024-06-14,jugo de arandanos tree fruts 946 ml,C,9990.0
29535,2024-06-14,kumis entero dulce botella latti 1000 ml,C,7700.0
29537,2024-06-14,kumis vaso latti x 150ml,C,1990.0
29540,2024-06-14,leche chocolate latti bolsa x200ml,C,1300.0
29548,2024-06-14,leche entera tetra pak latti 200ml,C,1200.0
29567,2024-06-14,mezcla chocodivertida nuthos 45 gr,C,1750.0
29579,2024-06-14,mortadela cervecera viande 225g,C,4700.0
29582,2024-06-14,nachos crachos 200 g,C,3300.0
29583,2024-06-14,paleta de frutas treefruts 70 g 6 und,C,11500.0
29586,2024-06-14,papas fosforitos kythos 200 g,C,3400.0
29589,2024-06-14,papas fritas sabor natural kythos 115 g,C,3300.0
29596,2024-06-14,pasabocas surtidos docena kythos 12 unds,C,9990.0
29602,2024-06-14,platanitos maduros kythos 6 und 168 g,C,5490.0
29608,2024-06-14,ramen nissin sabor carne 85 g,C,2490.0
29616,2024-06-14,ron anejo cartavio black barrel 750 ml,C,29950.0
29628,2024-06-14,salchichon cerveroni x900g,C,19950.0
29633,2024-06-14,sexta papa natural kythos 25 g,C,5950.0
29647,2024-06-14,tortilla fajita crachos 12 und 360 g,C,5490.0
29648,2024-06-14,tortilla finas hierbas crachos 250g,C,4490.0
29659,2024-06-14,vino lambrusco don vitto surtido,C,19950.0
29660,2024-06-14,vino malbec los rios varietal,C,19950.0
29665,2024-06-14,vino tinto cabernet sauvignon reserva quinta la,C,21950.0
29667,2024-06-14,vino tinto carmenere reserva quinta las cabras,C,21950.0
29682,2024-06-14,yogurt griego mora latti 160 gr,C,3900.0
29685,2024-06-14,yogurt melocoton light vita latti 1000gr,C,8990.0
29692,2024-06-15,agua con gas limonada omi 600 ml,C,1250.0
29696,2024-06-15,agua saborizada limon omi 1700 ml,C,2400.0
29709,2024-06-15,alimento humedo para gatos whiskas 85 g,C,2700.0
29710,2024-06-15,alimento lacteo en polvo el rodeo nutririnde 2,C,9490.0
29714,2024-06-15,aros frutales fiocco 230 g,C,4490.0
29729,2024-06-15,bebida hidratante sabor mandarina drink a 600 m,C,1600.0
29737,2024-06-15,bebida lactea sabor mora latti 200 ml,C,990.0
29754,2024-06-15,cerveza bahia 330 ml,C,1900.0
29757,2024-06-15,cerveza club colombia 269 ml,C,2200.0
29762,2024-06-15,chile con carne crachos 300 g,C,6550.0
29775,2024-06-15,costilla de cerdo red cut 500 g,C,10500.0
29778,2024-06-15,crispeta caramelo cheetos 72 g,C,2700.0
29792,2024-06-15,galleta 2 tacos ducales noel 241 grs,C,5490.0
29799,2024-06-15,galleta happy cream vainilla 12 pq 408g,C,6490.0
29815,2024-06-15,galletas doble chocolate chalet 120 g,C,4600.0
29820,2024-06-15,galletas mini chips 8 pq 280g,C,8990.0
29822,2024-06-15,galletas para gatos magic friends 75g,C,2200.0
29830,2024-06-15,gaseosa coca cola pet 250ml,C,1990.0
29839,2024-06-15,gaseosa pony malta 2000ml,C,6600.0
29848,2024-06-15,granola coco y pasas fit graan 350 g,C,4990.0
29856,2024-06-15,helado de mora kulfi 1 l,C,13500.0
29863,2024-06-15,jamon asado al horno centurion 100g,C,8990.0
29868,2024-06-15,jamon de pollo premium brakel 250 g,C,6990.0
29872,2024-06-15,jugo de arandanos tree fruts 946 ml,C,9990.0
29878,2024-06-15,kumis entero dulce botella latti 1000 ml,C,7700.0
29880,2024-06-15,kumis vaso latti x 150ml,C,1990.0
29883,2024-06-15,leche chocolate latti bolsa x200ml,C,1300.0
29891,2024-06-15,leche entera tetra pak latti 200ml,C,1200.0
29910,2024-06-15,mezcla chocodivertida nuthos 45 gr,C,1750.0
29922,2024-06-15,mortadela cervecera viande 225g,C,4700.0
29925,2024-06-15,nachos crachos 200 g,C,3300.0
29926,2024-06-15,paleta de frutas treefruts 70 g 6 und,C,11500.0
29929,2024-06-15,papas fosforitos kythos 200 g,C,3400.0
29932,2024-06-15,papas fritas sabor natural kythos 115 g,C,3300.0
29939,2024-06-15,pasabocas surtidos docena kythos 12 unds,C,9990.0
29945,2024-06-15,platanitos maduros kythos 6 und 168 g,C,5490.0
29951,2024-06-15,ramen nissin sabor carne 85 g,C,2490.0
29959,2024-06-15,ron anejo cartavio black barrel 750 ml,C,29950.0
29971,2024-06-15,salchichon cerveroni x900g,C,19950.0
29976,2024-06-15,sexta papa natural kythos 25 g,C,5950.0
29990,2024-06-15,tortilla fajita crachos 12 und 360 g,C,5490.0
29991,2024-06-15,tortilla finas hierbas crachos 250g,C,4490.0
30002,2024-06-15,vino lambrusco don vitto surtido,C,19950.0
30003,2024-06-15,vino malbec los rios varietal,C,19950.0
30008,2024-06-15,vino tinto cabernet sauvignon reserva quinta la,C,21950.0
30010,2024-06-15,vino tinto carmenere reserva quinta las cabras,C,21950.0
30025,2024-06-15,yogurt griego mora latti 160 gr,C,3900.0
30028,2024-06-15,yogurt melocoton light vita latti 1000gr,C,8990.0
30035,2024-06-16,agua con gas limonada omi 600 ml,C,1250.0
30039,2024-06-16,agua saborizada limon omi 1700 ml,C,2400.0
30052,2024-06-16,alimento humedo para gatos whiskas 85 g,C,2700.0
30053,2024-06-16,alimento lacteo en polvo el rodeo nutririnde 2,C,9490.0
30057,2024-06-16,aros frutales fiocco 230 g,C,4490.0
30072,2024-06-16,bebida hidratante sabor mandarina drink a 600 m,C,1600.0
30080,2024-06-16,bebida lactea sabor mora latti 200 ml,C,990.0
30097,2024-06-16,cerveza bahia 330 ml,C,1900.0
30100,2024-06-16,cerveza club colombia 269 ml,C,2200.0
30105,2024-06-16,chile con carne crachos 300 g,C,6550.0
30118,2024-06-16,costilla de cerdo red cut 500 g,C,10500.0
30121,2024-06-16,crispeta caramelo cheetos 72 g,C,2700.0
30135,2024-06-16,galleta 2 tacos ducales noel 241 grs,C,5490.0
30142,2024-06-16,galleta happy cream vainilla 12 pq 408g,C,6490.0
30158,2024-06-16,galletas doble chocolate chalet 120 g,C,4600.0
30163,2024-06-16,galletas mini chips 8 pq 280g,C,8990.0
30165,2024-06-16,galletas para gatos magic friends 75g,C,2200.0
30173,2024-06-16,gaseosa coca cola pet 250ml,C,1990.0
30182,2024-06-16,gaseosa pony malta 2000ml,C,6600.0
30191,2024-06-16,granola coco y pasas fit graan 350 g,C,4990.0
30199,2024-06-16,helado de mora kulfi 1 l,C,13500.0
30207,2024-06-16,jamon asado al horno centurion 100g,C,8990.0
30212,2024-06-16,jamon de pollo premium brakel 250 g,C,6990.0
30216,2024-06-16,jugo de arandanos tree fruts 946 ml,C,9990.0
30222,2024-06-16,kumis entero dulce botella latti 1000 ml,C,7700.0
30224,2024-06-16,kumis vaso latti x 150ml,C,1990.0
30227,2024-06-16,leche chocolate latti bolsa x200ml,C,1300.0
30235,2024-06-16,leche entera tetra pak latti 200ml,C,1200.0
30254,2024-06-16,mezcla chocodivertida nuthos 45 gr,C,1750.0
30266,2024-06-16,mortadela cervecera viande 225g,C,4700.0
30269,2024-06-16,nachos crachos 200 g,C,3300.0
30270,2024-06-16,paleta de frutas treefruts 70 g 6 und,C,11500.0
30273,2024-06-16,papas fosforitos kythos 200 g,C,3400.0
30276,2024-06-16,papas fritas sabor natural kythos 115 g,C,3300.0
30283,2024-06-16,pasabocas surtidos docena kythos 12 unds,C,9990.0
30289,2024-06-16,platanitos maduros kythos 6 und 168 g,C,5490.0
30295,2024-06-16,ramen nissin sabor carne 85 g,C,2490.0
30303,2024-06-16,ron anejo cartavio black barrel 750 ml,C,29950.0
30315,2024-06-16,salchichon cerveroni x900g,C,19950.0
30320,2024-06-16,sexta papa natural kythos 25 g,C,5950.0
30334,2024-06-16,tortilla fajita crachos 12 und 360 g,C,5490.0
30335,2024-06-16,tortilla finas hierbas crachos 250g,C,4490.0
30346,2024-06-16,vino lambrusco don vitto surtido,C,19950.0
30347,2024-06-16,vino malbec los rios varietal,C,19950.0
30352,2024-06-16,vino tinto cabernet sauvignon reserva quinta la,C,21950.0
30354,2024-06-16,vino tinto carmenere reserva quinta las cabras,C,21950.0
30369,2024-06-16,yogurt griego mora latti 160 gr,C,3900.0
30372,2024-06-16,yogurt melocoton light vita latti 1000gr,C,8990.0
30379,2024-06-17,agua con gas limonada omi 600 ml,C,1250.0
30383,2024-06-17,agua saborizada limon omi 1700 ml,C,2400.0
30396,2024-06-17,alimento humedo para gatos whiskas 85 g,C,2700.0
30397,2024-06-17,alimento lacteo en polvo el rodeo nutririnde 2,C,9490.0
30401,2024-06-17,aros frutales fiocco 230 g,C,4490.0
30416,2024-06-17,bebida hidratante sabor mandarina drink a 600 m,C,1600.0
30424,2024-06-17,bebida lactea sabor mora latti 200 ml,C,990.0
30441,2024-06-17,cerveza bahia 330 ml,C,1900.0
30444,2024-06-17,cerveza club colombia 269 ml,C,2200.0
30449,2024-06-17,chile con carne crachos 300 g,C,6550.0
30463,2024-06-17,costilla de cerdo red cut 500 g,C,10500.0
30466,2024-06-17,crispeta caramelo cheetos 72 g,C,2700.0
30480,2024-06-17,galleta 2 tacos ducales noel 241 grs,C,5490.0
30487,2024-06-17,galleta happy cream vainilla 12 pq 408g,C,6490.0
30503,2024-06-17,galletas doble chocolate chalet 120 g,C,4600.0
30508,2024-06-17,galletas mini chips 8 pq 280g,C,8990.0
30510,2024-06-17,galletas para gatos magic friends 75g,C,2200.0
30518,2024-06-17,gaseosa coca cola pet 250ml,C,1990.0
30527,2024-06-17,gaseosa pony malta 2000ml,C,6600.0
30536,2024-06-17,granola coco y pasas fit graan 350 g,C,4990.0
30544,2024-06-17,helado de mora kulfi 1 l,C,13500.0
30552,2024-06-17,jamon asado al horno centurion 100g,C,8990.0
30557,2024-06-17,jamon de pollo premium brakel 250 g,C,6990.0
30561,2024-06-17,jugo de arandanos tree fruts 946 ml,C,9990.0
30567,2024-06-17,kumis entero dulce botella latti 1000 ml,C,7700.0
30569,2024-06-17,kumis vaso latti x 150ml,C,1990.0
30572,2024-06-17,leche chocolate latti bolsa x200ml,C,1300.0
30580,2024-06-17,leche entera tetra pak latti 200ml,C,1200.0
30599,2024-06-17,mezcla chocodivertida nuthos 45 gr,C,1750.0
30611,2024-06-17,mortadela cervecera viande 225g,C,4700.0
30614,2024-06-17,nachos crachos 200 g,C,3300.0
30615,2024-06-17,paleta de frutas treefruts 70 g 6 und,C,11500.0
30618,2024-06-17,papas fosforitos kythos 200 g,C,3400.0
30621,2024-06-17,papas fritas sabor natural kythos 115 g,C,3300.0
30628,2024-06-17,pasabocas surtidos docena kythos 12 unds,C,9990.0
30634,2024-06-17,platanitos maduros kythos 6 und 168 g,C,5490.0
30640,2024-06-17,ramen nissin sabor carne 85 g,C,2490.0
30648,2024-06-17,ron anejo cartavio black barrel 750 ml,C,29950.0
30660,2024-06-17,salchichon cerveroni x900g,C,19950.0
30665,2024-06-17,sexta papa natural kythos 25 g,C,5950.0
30679,2024-06-17,tortilla fajita crachos 12 und 360 g,C,5490.0
30680,2024-06-17,tortilla finas hierbas crachos 250g,C,4490.0
30691,2024-06-17,vino lambrusco don vitto surtido,C,19950.0
30692,2024-06-17,vino malbec los rios varietal,C,19950.0
30697,2024-06-17,vino tinto cabernet sauvignon reserva quinta la,C,21950.0
30699,2024-06-17,vino tinto carmenere reserva quinta las cabras,C,21950.0
30714,2024-06-17,yogurt griego mora latti 160 gr,C,3900.0
30717,2024-06-17,yogurt melocoton light vita latti 1000gr,C,8990.0
30724,2024-06-18,agua con gas limonada omi 600 ml,C,1250.0
30728,2024-06-18,agua saborizada limon omi 1700 ml,C,2400.0
30741,2024-06-18,alimento humedo para gatos whiskas 85 g,C,2700.0
30742,2024-06-18,alimento lacteo en polvo el rodeo nutririnde 2,C,9490.0
30746,2024-06-18,aros frutales fiocco 230 g,C,4490.0
30761,2024-06-18,bebida hidratante sabor mandarina drink a 600 m,C,1600.0
30769,2024-06-18,bebida lactea sabor mora latti 200 ml,C,990.0
30786,2024-06-18,cerveza bahia 330 ml,C,1900.0
30789,2024-06-18,cerveza club colombia 269 ml,C,2200.0
30794,2024-06-18,chile con carne crachos 300 g,C,6550.0
30808,2024-06-18,costilla de cerdo red cut 500 g,C,10500.0
30811,2024-06-18,crispeta caramelo cheetos 72 g,C,2700.0
30825,2024-06-18,galleta 2 tacos ducales noel 241 grs,C,5490.0
30832,2024-06-18,galleta happy cream vainilla 12 pq 408g,C,6490.0
30848,2024-06-18,galletas doble chocolate chalet 120 g,C,4600.0
30853,2024-06-18,galletas mini chips 8 pq 280g,C,8990.0
30855,2024-06-18,galletas para gatos magic friends 75g,C,2200.0
30863,2024-06-18,gaseosa coca cola pet 250ml,C,1990.0
30872,2024-06-18,gaseosa pony malta 2000ml,C,6600.0
30881,2024-06-18,granola coco y pasas fit graan 350 g,C,4990.0
30889,2024-06-18,helado de mora kulfi 1 l,C,13500.0
30896,2024-06-18,jamon asado al horno centurion 100g,C,8990.0
30901,2024-06-18,jamon de pollo premium brakel 250 g,C,6990.0
30905,2024-06-18,jugo de arandanos tree fruts 946 ml,C,9990.0
30911,2024-06-18,kumis entero dulce botella latti 1000 ml,C,7700.0
30913,2024-06-18,kumis vaso latti x 150ml,C,1990.0
30916,2024-06-18,leche chocolate latti bolsa x200ml,C,1300.0
30924,2024-06-18,leche entera tetra pak latti 200ml,C,1200.0
30943,2024-06-18,mezcla chocodivertida nuthos 45 gr,C,1750.0
30955,2024-06-18,mortadela cervecera viande 225g,C,4700.0
30958,2024-06-18,nachos crachos 200 g,C,3300.0
30959,2024-06-18,paleta de frutas treefruts 70 g 6 und,C,11500.0
30962,2024-06-18,papas fosforitos kythos 200 g,C,3400.0
30965,2024-06-18,papas fritas sabor natural kythos 115 g,C,3300.0
30972,2024-06-18,pasabocas surtidos docena kythos 12 unds,C,9990.0
30978,2024-06-18,platanitos maduros kythos 6 und 168 g,C,5490.0
30984,2024-06-18,ramen nissin sabor carne 85 g,C,2490.0
30992,2024-06-18,ron anejo cartavio black barrel 750 ml,C,29950.0
31004,2024-06-18,salchichon cerveroni x900g,C,19950.0
31009,2024-06-18,sexta papa natural kythos 25 g,C,5950.0
31024,2024-06-18,tortilla fajita crachos 12 und 360 g,C,5490.0
31025,2024-06-18,tortilla finas hierbas crachos 250g,C,4490.0
31036,2024-06-18,vino lambrusco don vitto surtido,C,19950.0
31037,2024-06-18,vino malbec los rios varietal,C,19950.0
31042,2024-06-18,vino tinto cabernet sauvignon reserva quinta la,C,21950.0
31044,2024-06-18,vino tinto carmenere reserva quinta las cabras,C,21950.0
31060,2024-06-18,yogurt griego mora latti 160 gr,C,3900.0
31063,2024-06-18,yogurt melocoton light vita latti 1000gr,C,8990.0
31072,2024-06-19,agua con gas limonada omi 600 ml,C,1250.0
31076,2024-06-19,agua saborizada limon omi 1700 ml,C,2400.0
31089,2024-06-19,alimento humedo para gatos whiskas 85 g,C,2700.0
31090,2024-06-19,alimento lacteo en polvo el rodeo nutririnde 2,C,9490.0
31094,2024-06-19,aros frutales fiocco 230 g,C,4490.0
31110,2024-06-19,bebida hidratante sabor mandarina drink a 600 m,C,1600.0
31118,2024-06-19,bebida lactea sabor mora latti 200 ml,C,990.0
31138,2024-06-19,cerveza bahia 330 ml,C,1900.0
31141,2024-06-19,cerveza club colombia 269 ml,C,2200.0
31146,2024-06-19,chile con carne crachos 300 g,C,6550.0
31160,2024-06-19,costilla de cerdo red cut 500 g,C,10500.0
31163,2024-06-19,crispeta caramelo cheetos 72 g,C,2700.0
31177,2024-06-19,galleta 2 tacos ducales noel 241 grs,C,5490.0
31184,2024-06-19,galleta happy cream vainilla 12 pq 408g,C,6490.0
31200,2024-06-19,galletas doble chocolate chalet 120 g,C,4600.0
31205,2024-06-19,galletas mini chips 8 pq 280g,C,8990.0
31207,2024-06-19,galletas para gatos magic friends 75g,C,2200.0
31215,2024-06-19,gaseosa coca cola pet 250ml,C,1990.0
31223,2024-06-19,gaseosa pony malta 2000ml,C,6600.0
31232,2024-06-19,granola coco y pasas fit graan 350 g,C,4990.0
31240,2024-06-19,helado de mora kulfi 1 l,C,13500.0
31248,2024-06-19,jamon asado al horno centurion 100g,C,8990.0
31253,2024-06-19,jamon de pollo premium brakel 250 g,C,6990.0
31257,2024-06-19,jugo de arandanos tree fruts 946 ml,C,9990.0
31263,2024-06-19,kumis entero dulce botella latti 1000 ml,C,7700.0
31265,2024-06-19,kumis vaso latti x 150ml,C,1990.0
31268,2024-06-19,leche chocolate latti bolsa x200ml,C,1300.0
31276,2024-06-19,leche entera tetra pak latti 200ml,C,1200.0
31298,2024-06-19,mezcla chocodivertida nuthos 45 gr,C,1750.0
31310,2024-06-19,mortadela cervecera viande 225g,C,4700.0
31313,2024-06-19,nachos crachos 200 g,C,3300.0
31314,2024-06-19,paleta de frutas treefruts 70 g 6 und,C,11500.0
31317,2024-06-19,papas fosforitos kythos 200 g,C,3400.0
31320,2024-06-19,papas fritas sabor natural kythos 115 g,C,3300.0
31327,2024-06-19,pasabocas surtidos docena kythos 12 unds,C,9990.0
31333,2024-06-19,platanitos maduros kythos 6 und 168 g,C,5490.0
31339,2024-06-19,ramen nissin sabor carne 85 g,C,2490.0
31348,2024-06-19,ron anejo cartavio black barrel 750 ml,C,29950.0
31360,2024-06-19,salchichon cerveroni x900g,C,19950.0
31367,2024-06-19,sexta papa natural kythos 25 g,C,5950.0
31382,2024-06-19,tortilla fajita crachos 12 und 360 g,C,5490.0
31383,2024-06-19,tortilla finas hierbas crachos 250g,C,4490.0
31394,2024-06-19,vino lambrusco don vitto surtido,C,19950.0
31395,2024-06-19,vino malbec los rios varietal,C,19950.0
31400,2024-06-19,vino tinto cabernet sauvignon reserva quinta la,C,21950.0
31402,2024-06-19,vino tinto carmenere reserva quinta las cabras,C,21950.0
31418,2024-06-19,yogurt griego mora latti 160 gr,C,3900.0
31421,2024-06-19,yogurt melocoton light vita latti 1000gr,C,8990.0
31430,2024-06-20,agua con gas limonada omi 600 ml,C,1250.0
31434,2024-06-20,agua saborizada limon omi 1700 ml,C,2400.0
31447,2024-06-20,alimento humedo para gatos whiskas 85 g,C,2700.0
31448,2024-06-20,alimento lacteo en polvo el rodeo nutririnde 2,C,9490.0
31452,2024-06-20,aros frutales fiocco 230 g,C,4490.0
31469,2024-06-20,bebida hidratante sabor mandarina drink a 600 m,C,1600.0
31477,2024-06-20,bebida lactea sabor mora latti 200 ml,C,990.0
31497,2024-06-20,cerveza bahia 330 ml,C,1900.0
31500,2024-06-20,cerveza club colombia 269 ml,C,2200.0
31504,2024-06-20,chile con carne crachos 300 g,C,6550.0
31518,2024-06-20,costilla de cerdo red cut 500 g,C,10500.0
31521,2024-06-20,crispeta caramelo cheetos 72 g,C,2700.0
31535,2024-06-20,galleta 2 tacos ducales noel 241 grs,C,5490.0
31542,2024-06-20,galleta happy cream vainilla 12 pq 408g,C,6490.0
31558,2024-06-20,galletas doble chocolate chalet 120 g,C,4600.0
31563,2024-06-20,galletas mini chips 8 pq 280g,C,8990.0
31565,2024-06-20,galletas para gatos magic friends 75g,C,2200.0
31573,2024-06-20,gaseosa coca cola pet 250ml,C,1990.0
31581,2024-06-20,gaseosa pony malta 2000ml,C,6600.0
31590,2024-06-20,granola coco y pasas fit graan 350 g,C,4990.0
31598,2024-06-20,helado de mora kulfi 1 l,C,13500.0
31606,2024-06-20,jamon asado al horno centurion 100g,C,8990.0
31611,2024-06-20,jamon de pollo premium brakel 250 g,C,6990.0
31615,2024-06-20,jugo de arandanos tree fruts 946 ml,C,9990.0
31621,2024-06-20,kumis entero dulce botella latti 1000 ml,C,7700.0
31623,2024-06-20,kumis vaso latti x 150ml,C,1990.0
31626,2024-06-20,leche chocolate latti bolsa x200ml,C,1300.0
31634,2024-06-20,leche entera tetra pak latti 200ml,C,1200.0
31656,2024-06-20,mezcla chocodivertida nuthos 45 gr,C,1750.0
31668,2024-06-20,mortadela cervecera viande 225g,C,4700.0
31671,2024-06-20,nachos crachos 200 g,C,3300.0
31672,2024-06-20,paleta de frutas treefruts 70 g 6 und,C,11500.0
31675,2024-06-20,papas fosforitos kythos 200 g,C,3400.0
31678,2024-06-20,papas fritas sabor natural kythos 115 g,C,3300.0
31685,2024-06-20,pasabocas surtidos docena kythos 12 unds,C,9990.0
31691,2024-06-20,platanitos maduros kythos 6 und 168 g,C,5490.0
31697,2024-06-20,ramen nissin sabor carne 85 g,C,2490.0
31706,2024-06-20,ron anejo cartavio black barrel 750 ml,C,29950.0
31718,2024-06-20,salchichon cerveroni x900g,C,19950.0
31725,2024-06-20,sexta papa natural kythos 25 g,C,5950.0
31740,2024-06-20,tortilla fajita crachos 12 und 360 g,C,5490.0
31741,2024-06-20,tortilla finas hierbas crachos 250g,C,4490.0
31752,2024-06-20,vino lambrusco don vitto surtido,C,19950.0
31753,2024-06-20,vino malbec los rios varietal,C,19950.0
31758,2024-06-20,vino tinto cabernet sauvignon reserva quinta la,C,21950.0
31760,2024-06-20,vino tinto carmenere reserva quinta las cabras,C,21950.0
31776,2024-06-20,yogurt griego mora latti 160 gr,C,3900.0
31779,2024-06-20,yogurt melocoton light vita latti 1000gr,C,8990.0
31788,2024-06-21,agua con gas limonada omi 600 ml,C,1250.0
31792,2024-06-21,agua saborizada limon omi 1700 ml,C,2400.0
31805,2024-06-21,alimento humedo para gatos whiskas 85 g,C,2700.0
31806,2024-06-21,alimento lacteo en polvo el rodeo nutririnde 2,C,9490.0
31810,2024-06-21,aros frutales fiocco 230 g,C,4490.0
31827,2024-06-21,bebida hidratante sabor mandarina drink a 600 m,C,1600.0
31835,2024-06-21,bebida lactea sabor mora latti 200 ml,C,990.0
31855,2024-06-21,cerveza bahia 330 ml,C,1900.0
31858,2024-06-21,cerveza club colombia 269 ml,C,2200.0
31862,2024-06-21,chile con carne crachos 300 g,C,6550.0
31876,2024-06-21,costilla de cerdo red cut 500 g,C,10500.0
31879,2024-06-21,crispeta caramelo cheetos 72 g,C,2700.0
31893,2024-06-21,galleta 2 tacos ducales noel 241 grs,C,5490.0
31900,2024-06-21,galleta happy cream vainilla 12 pq 408g,C,6490.0
31917,2024-06-21,galletas doble chocolate chalet 120 g,C,4600.0
31922,2024-06-21,galletas mini chips 8 pq 280g,C,8990.0
31924,2024-06-21,galletas para gatos magic friends 75g,C,2200.0
31932,2024-06-21,gaseosa coca cola pet 250ml,C,1990.0
31941,2024-06-21,gaseosa pony malta 2000ml,C,6600.0
31950,2024-06-21,granola coco y pasas fit graan 350 g,C,4990.0
31958,2024-06-21,helado de mora kulfi 1 l,C,13500.0
31966,2024-06-21,jamon asado al horno centurion 100g,C,8990.0
31971,2024-06-21,jamon de pollo premium brakel 250 g,C,6990.0
31975,2024-06-21,jugo de arandanos tree fruts 946 ml,C,9990.0
31981,2024-06-21,kumis entero dulce botella latti 1000 ml,C,7700.0
31983,2024-06-21,kumis vaso latti x 150ml,C,1990.0
31986,2024-06-21,leche chocolate latti bolsa x200ml,C,1300.0
31994,2024-06-21,leche entera tetra pak latti 200ml,C,1200.0
32016,2024-06-21,mezcla chocodivertida nuthos 45 gr,C,1750.0
32028,2024-06-21,mortadela cervecera viande 225g,C,4700.0
32031,2024-06-21,nachos crachos 200 g,C,3300.0
32032,2024-06-21,paleta de frutas treefruts 70 g 6 und,C,11500.0
32035,2024-06-21,papas fosforitos kythos 200 g,C,3400.0
32038,2024-06-21,papas fritas sabor natural kythos 115 g,C,3300.0
32045,2024-06-21,pasabocas surtidos docena kythos 12 unds,C,9990.0
32051,2024-06-21,platanitos maduros kythos 6 und 168 g,C,5490.0
32057,2024-06-21,ramen nissin sabor carne 85 g,C,2490.0
32066,2024-06-21,ron anejo cartavio black barrel 750 ml,C,29950.0
32078,2024-06-21,salchichon cerveroni x900g,C,19950.0
32085,2024-06-21,sexta papa natural kythos 25 g,C,5950.0
32100,2024-06-21,tortilla fajita crachos 12 und 360 g,C,5490.0
32101,2024-06-21,tortilla finas hierbas crachos 250g,C,4490.0
32111,2024-06-21,vino lambrusco don vitto surtido,C,19950.0
32112,2024-06-21,vino malbec los rios varietal,C,19950.0
32117,2024-06-21,vino tinto cabernet sauvignon reserva quinta la,C,21950.0
32119,2024-06-21,vino tinto carmenere reserva quinta las cabras,C,21950.0
32135,2024-06-21,yogurt griego mora latti 160 gr,C,3900.0
32138,2024-06-21,yogurt melocoton light vita latti 1000gr,C,8990.0
32147,2024-06-22,agua con gas limonada omi 600 ml,C,1250.0
32151,2024-06-22,agua saborizada limon omi 1700 ml,C,2400.0
32164,2024-06-22,alimento humedo para gatos whiskas 85 g,C,2700.0
32165,2024-06-22,alimento lacteo en polvo el rodeo nutririnde 2,C,9490.0
32169,2024-06-22,aros frutales fiocco 230 g,C,4490.0
32186,2024-06-22,bebida hidratante sabor mandarina drink a 600 m,C,1600.0
32194,2024-06-22,bebida lactea sabor mora latti 200 ml,C,990.0
32214,2024-06-22,cerveza bahia 330 ml,C,1900.0
32217,2024-06-22,cerveza club colombia 269 ml,C,2200.0
32222,2024-06-22,chile con carne crachos 300 g,C,6550.0
32236,2024-06-22,costilla de cerdo red cut 500 g,C,10500.0
32239,2024-06-22,crispeta caramelo cheetos 72 g,C,2700.0
32253,2024-06-22,galleta 2 tacos ducales noel 241 grs,C,5490.0
32260,2024-06-22,galleta happy cream vainilla 12 pq 408g,C,6490.0
32277,2024-06-22,galletas doble chocolate chalet 120 g,C,4600.0
32282,2024-06-22,galletas mini chips 8 pq 280g,C,8990.0
32284,2024-06-22,galletas para gatos magic friends 75g,C,2200.0
32292,2024-06-22,gaseosa coca cola pet 250ml,C,1990.0
32301,2024-06-22,gaseosa pony malta 2000ml,C,6600.0
32310,2024-06-22,granola coco y pasas fit graan 350 g,C,4990.0
32318,2024-06-22,helado de mora kulfi 1 l,C,13500.0
32326,2024-06-22,jamon asado al horno centurion 100g,C,8990.0
32331,2024-06-22,jamon de pollo premium brakel 250 g,C,6990.0
32335,2024-06-22,jugo de arandanos tree fruts 946 ml,C,9990.0
32341,2024-06-22,kumis entero dulce botella latti 1000 ml,C,7700.0
32343,2024-06-22,kumis vaso latti x 150ml,C,1990.0
32346,2024-06-22,leche chocolate latti bolsa x200ml,C,1300.0
32354,2024-06-22,leche entera tetra pak latti 200ml,C,1200.0
32376,2024-06-22,mezcla chocodivertida nuthos 45 gr,C,1750.0
32388,2024-06-22,mortadela cervecera viande 225g,C,4700.0
32391,2024-06-22,nachos crachos 200 g,C,3300.0
32392,2024-06-22,paleta de frutas treefruts 70 g 6 und,C,11500.0
32395,2024-06-22,papas fosforitos kythos 200 g,C,3400.0
32398,2024-06-22,papas fritas sabor natural kythos 115 g,C,3300.0
32405,2024-06-22,pasabocas surtidos docena kythos 12 unds,C,9990.0
32411,2024-06-22,platanitos maduros kythos 6 und 168 g,C,5490.0
32417,2024-06-22,ramen nissin sabor carne 85 g,C,2490.0
32426,2024-06-22,ron anejo cartavio black barrel 750 ml,C,29950.0
32438,2024-06-22,salchichon cerveroni x900g,C,19950.0
32445,2024-06-22,sexta papa natural kythos 25 g,C,5950.0
32460,2024-06-22,tortilla fajita crachos 12 und 360 g,C,5490.0
32461,2024-06-22,tortilla finas hierbas crachos 250g,C,4490.0
32471,2024-06-22,vino lambrusco don vitto surtido,C,19950.0
32472,2024-06-22,vino malbec los rios varietal,C,19950.0
32477,2024-06-22,vino tinto cabernet sauvignon reserva quinta la,C,21950.0
32479,2024-06-22,vino tinto carmenere reserva quinta las cabras,C,21950.0
32495,2024-06-22,yogurt griego mora latti 160 gr,C,3900.0
32498,2024-06-22,yogurt melocoton light vita latti 1000gr,C,8990.0
32507,2024-06-23,agua con gas limonada omi 600 ml,C,1250.0
32511,2024-06-23,agua saborizada limon omi 1700 ml,C,2400.0
32524,2024-06-23,alimento humedo para gatos whiskas 85 g,C,2700.0
32525,2024-06-23,alimento lacteo en polvo el rodeo nutririnde 2,C,9490.0
32529,2024-06-23,aros frutales fiocco 230 g,C,4490.0
32546,2024-06-23,bebida hidratante sabor mandarina drink a 600 m,C,1600.0
32554,2024-06-23,bebida lactea sabor mora latti 200 ml,C,990.0
32574,2024-06-23,cerveza bahia 330 ml,C,1900.0
32577,2024-06-23,cerveza club colombia 269 ml,C,2200.0
32582,2024-06-23,chile con carne crachos 300 g,C,6550.0
32596,2024-06-23,costilla de cerdo red cut 500 g,C,10500.0
32599,2024-06-23,crispeta caramelo cheetos 72 g,C,2700.0
32613,2024-06-23,galleta 2 tacos ducales noel 241 grs,C,5490.0
32620,2024-06-23,galleta happy cream vainilla 12 pq 408g,C,6490.0
32637,2024-06-23,galletas doble chocolate chalet 120 g,C,4600.0
32642,2024-06-23,galletas mini chips 8 pq 280g,C,8990.0
32643,2024-06-23,galletas para gatos magic friends 75g,C,2200.0
32651,2024-06-23,gaseosa coca cola pet 250ml,C,1990.0
32660,2024-06-23,gaseosa pony malta 2000ml,C,6600.0
32669,2024-06-23,granola coco y pasas fit graan 350 g,C,4990.0
32677,2024-06-23,helado de mora kulfi 1 l,C,13500.0
32685,2024-06-23,jamon asado al horno centurion 100g,C,8990.0
32690,2024-06-23,jamon de pollo premium brakel 250 g,C,6990.0
32694,2024-06-23,jugo de arandanos tree fruts 946 ml,C,9990.0
32700,2024-06-23,kumis entero dulce botella latti 1000 ml,C,7700.0
32702,2024-06-23,kumis vaso latti x 150ml,C,1990.0
32705,2024-06-23,leche chocolate latti bolsa x200ml,C,1300.0
32713,2024-06-23,leche entera tetra pak latti 200ml,C,1200.0
32735,2024-06-23,mezcla chocodivertida nuthos 45 gr,C,1750.0
32747,2024-06-23,mortadela cervecera viande 225g,C,4700.0
32750,2024-06-23,nachos crachos 200 g,C,3300.0
32751,2024-06-23,paleta de frutas treefruts 70 g 6 und,C,11500.0
32754,2024-06-23,papas fosforitos kythos 200 g,C,3400.0
32757,2024-06-23,papas fritas sabor natural kythos 115 g,C,3300.0
32764,2024-06-23,pasabocas surtidos docena kythos 12 unds,C,9990.0
32770,2024-06-23,platanitos maduros kythos 6 und 168 g,C,5490.0
32776,2024-06-23,ramen nissin sabor carne 85 g,C,2490.0
32785,2024-06-23,ron anejo cartavio black barrel 750 ml,C,29950.0
32797,2024-06-23,salchichon cerveroni x900g,C,19950.0
32804,2024-06-23,sexta papa natural kythos 25 g,C,5950.0
32819,2024-06-23,tortilla fajita crachos 12 und 360 g,C,5490.0
32820,2024-06-23,tortilla finas hierbas crachos 250g,C,4490.0
32830,2024-06-23,vino lambrusco don vitto surtido,C,19950.0
32831,2024-06-23,vino malbec los rios varietal,C,19950.0
32836,2024-06-23,vino tinto cabernet sauvignon reserva quinta la,C,21950.0
32838,2024-06-23,vino tinto carmenere reserva quinta las cabras,C,21950.0
32854,2024-06-23,yogurt griego mora latti 160 gr,C,3900.0
32857,2024-06-23,yogurt melocoton light vita latti 1000gr,C,8990.0
32866,2024-06-24,agua con gas limonada omi 600 ml,C,1250.0
32870,2024-06-24,agua saborizada limon omi 1700 ml,C,2400.0
32883,2024-06-24,alimento humedo para gatos whiskas 85 g,C,2700.0
32884,2024-06-24,alimento lacteo en polvo el rodeo nutririnde 2,C,9490.0
32888,2024-06-24,aros frutales fiocco 230 g,C,4490.0
32905,2024-06-24,bebida hidratante sabor mandarina drink a 600 m,C,1600.0
32913,2024-06-24,bebida lactea sabor mora latti 200 ml,C,990.0
32933,2024-06-24,cerveza bahia 330 ml,C,1900.0
32936,2024-06-24,cerveza club colombia 269 ml,C,2200.0
32941,2024-06-24,chile con carne crachos 300 g,C,6550.0
32955,2024-06-24,costilla de cerdo red cut 500 g,C,10500.0
32958,2024-06-24,crispeta caramelo cheetos 72 g,C,2700.0
32972,2024-06-24,galleta 2 tacos ducales noel 241 grs,C,5490.0
32979,2024-06-24,galleta happy cream vainilla 12 pq 408g,C,6490.0
32989,2024-06-24,galleta sabor oliva y oregano greta 120 g,C,4990.0
32997,2024-06-24,galletas doble chocolate chalet 120 g,C,4600.0
33002,2024-06-24,galletas mini chips 8 pq 280g,C,8990.0
33003,2024-06-24,galletas para gatos magic friends 75g,C,2200.0
33011,2024-06-24,gaseosa coca cola pet 250ml,C,1990.0
33020,2024-06-24,gaseosa pony malta 2000ml,C,6600.0
33029,2024-06-24,granola coco y pasas fit graan 350 g,C,4990.0
33037,2024-06-24,helado de mora kulfi 1 l,C,13500.0
33045,2024-06-24,jamon asado al horno centurion 100g,C,8990.0
33050,2024-06-24,jamon de pollo premium brakel 250 g,C,6990.0
33054,2024-06-24,jugo de arandanos tree fruts 946 ml,C,9990.0
33060,2024-06-24,kumis entero dulce botella latti 1000 ml,C,7700.0
33062,2024-06-24,kumis vaso latti x 150ml,C,1990.0
33065,2024-06-24,leche chocolate latti bolsa x200ml,C,1300.0
33073,2024-06-24,leche entera tetra pak latti 200ml,C,1200.0
33095,2024-06-24,mezcla chocodivertida nuthos 45 gr,C,1750.0
33107,2024-06-24,mortadela cervecera viande 225g,C,4700.0
33110,2024-06-24,nachos crachos 200 g,C,3300.0
33111,2024-06-24,paleta de frutas treefruts 70 g 6 und,C,11500.0
33114,2024-06-24,papas fosforitos kythos 200 g,C,3400.0
33117,2024-06-24,papas fritas sabor natural kythos 115 g,C,3300.0
33124,2024-06-24,pasabocas surtidos docena kythos 12 unds,C,9990.0
33130,2024-06-24,platanitos maduros kythos 6 und 168 g,C,5490.0
33135,2024-06-24,ramen nissin sabor carne 85 g,C,2490.0
33144,2024-06-24,ron anejo cartavio black barrel 750 ml,C,29950.0
33156,2024-06-24,salchichon cerveroni x900g,C,19950.0
33163,2024-06-24,sexta papa natural kythos 25 g,C,5950.0
33178,2024-06-24,tortilla fajita crachos 12 und 360 g,C,5490.0
33179,2024-06-24,tortilla finas hierbas crachos 250g,C,4490.0
33189,2024-06-24,vino lambrusco don vitto surtido,C,19950.0
33190,2024-06-24,vino malbec los rios varietal,C,19950.0
33195,2024-06-24,vino tinto cabernet sauvignon reserva quinta la,C,21950.0
33197,2024-06-24,vino tinto carmenere reserva quinta las cabras,C,21950.0
33213,2024-06-24,yogurt griego mora latti 160 gr,C,3900.0
33216,2024-06-24,yogurt melocoton light vita latti 1000gr,C,8990.0
33225,2024-06-25,agua con gas limonada omi 600 ml,C,1250.0
33229,2024-06-25,agua saborizada limon omi 1700 ml,C,2400.0
33242,2024-06-25,alimento humedo para gatos whiskas 85 g,C,2700.0
33243,2024-06-25,alimento lacteo en polvo el rodeo nutririnde 2,C,9490.0
33247,2024-06-25,aros frutales fiocco 230 g,C,4490.0
33264,2024-06-25,bebida hidratante sabor mandarina drink a 600 m,C,1600.0
33272,2024-06-25,bebida lactea sabor mora latti 200 ml,C,990.0
33292,2024-06-25,cerveza bahia 330 ml,C,1900.0
33295,2024-06-25,cerveza club colombia 269 ml,C,2200.0
33300,2024-06-25,chile con carne crachos 300 g,C,6550.0
33314,2024-06-25,costilla de cerdo red cut 500 g,C,10500.0
33317,2024-06-25,crispeta caramelo cheetos 72 g,C,2700.0
33331,2024-06-25,galleta 2 tacos ducales noel 241 grs,C,5490.0
33338,2024-06-25,galleta happy cream vainilla 12 pq 408g,C,6490.0
33348,2024-06-25,galleta sabor oliva y oregano greta 120 g,C,4990.0
33356,2024-06-25,galletas doble chocolate chalet 120 g,C,4600.0
33361,2024-06-25,galletas mini chips 8 pq 280g,C,8990.0
33362,2024-06-25,galletas para gatos magic friends 75g,C,2200.0
33370,2024-06-25,gaseosa coca cola pet 250ml,C,1990.0
33379,2024-06-25,gaseosa pony malta 2000ml,C,6600.0
33388,2024-06-25,granola coco y pasas fit graan 350 g,C,4990.0
33396,2024-06-25,helado de mora kulfi 1 l,C,13500.0
33404,2024-06-25,jamon asado al horno centurion 100g,C,8990.0
33409,2024-06-25,jamon de pollo premium brakel 250 g,C,6990.0
33413,2024-06-25,jugo de arandanos tree fruts 946 ml,C,9990.0
33419,2024-06-25,kumis entero dulce botella latti 1000 ml,C,7700.0
33421,2024-06-25,kumis vaso latti x 150ml,C,1990.0
33424,2024-06-25,leche chocolate latti bolsa x200ml,C,1300.0
33432,2024-06-25,leche entera tetra pak latti 200ml,C,1200.0
33454,2024-06-25,mezcla chocodivertida nuthos 45 gr,C,1750.0
33466,2024-06-25,mortadela cervecera viande 225g,C,4700.0
33469,2024-06-25,nachos crachos 200 g,C,3300.0
33470,2024-06-25,paleta de frutas treefruts 70 g 6 und,C,11500.0
33473,2024-06-25,papas fosforitos kythos 200 g,C,3400.0
33476,2024-06-25,papas fritas sabor natural kythos 115 g,C,3300.0
33483,2024-06-25,pasabocas surtidos docena kythos 12 unds,C,9990.0
33489,2024-06-25,platanitos maduros kythos 6 und 168 g,C,5490.0
33494,2024-06-25,ramen nissin sabor carne 85 g,C,2490.0
33503,2024-06-25,ron anejo cartavio black barrel 750 ml,C,29950.0
33515,2024-06-25,salchichon cerveroni x900g,C,19950.0
33522,2024-06-25,sexta papa natural kythos 25 g,C,5950.0
33537,2024-06-25,tortilla fajita crachos 12 und 360 g,C,5490.0
33538,2024-06-25,tortilla finas hierbas crachos 250g,C,4490.0
33548,2024-06-25,vino lambrusco don vitto surtido,C,19950.0
33549,2024-06-25,vino malbec los rios varietal,C,19950.0
33554,2024-06-25,vino tinto cabernet sauvignon reserva quinta la,C,21950.0
33556,2024-06-25,vino tinto carmenere reserva quinta las cabras,C,21950.0
33572,2024-06-25,yogurt griego mora latti 160 gr,C,3900.0
33575,2024-06-25,yogurt melocoton light vita latti 1000gr,C,8990.0
33584,2024-06-26,agua con gas limonada omi 600 ml,C,1250.0
33588,2024-06-26,agua saborizada limon omi 1700 ml,C,2400.0
33600,2024-06-26,alimento humedo para gatos whiskas 85 g,C,2700.0
33601,2024-06-26,alimento lacteo en polvo el rodeo nutririnde 2,C,9490.0
33605,2024-06-26,aros frutales fiocco 230 g,C,4490.0
33620,2024-06-26,bebida hidratante sabor mandarina drink a 600 m,C,1600.0
33628,2024-06-26,bebida lactea sabor mora latti 200 ml,C,990.0
33646,2024-06-26,cerveza bahia 330 ml,C,1900.0
33649,2024-06-26,cerveza club colombia 269 ml,C,2200.0
33653,2024-06-26,chile con carne crachos 300 g,C,6550.0
33667,2024-06-26,costilla de cerdo red cut 500 g,C,10500.0
33670,2024-06-26,crispeta caramelo cheetos 72 g,C,2700.0
33684,2024-06-26,galleta 2 tacos ducales noel 241 grs,C,5490.0
33692,2024-06-26,galleta happy cream vainilla 12 pq 408g,C,6490.0
33703,2024-06-26,galleta sabor oliva y oregano greta 120 g,C,4990.0
33711,2024-06-26,galletas doble chocolate chalet 120 g,C,4600.0
33716,2024-06-26,galletas mini chips 8 pq 280g,C,8990.0
33717,2024-06-26,galletas para gatos magic friends 75g,C,2200.0
33725,2024-06-26,gaseosa coca cola pet 250ml,C,1990.0
33734,2024-06-26,gaseosa pony malta 2000ml,C,6600.0
33743,2024-06-26,granola coco y pasas fit graan 350 g,C,4990.0
33751,2024-06-26,helado de mora kulfi 1 l,C,13500.0
33759,2024-06-26,jamon asado al horno centurion 100g,C,8990.0
33764,2024-06-26,jamon de pollo premium brakel 250 g,C,6990.0
33768,2024-06-26,jugo de arandanos tree fruts 946 ml,C,9990.0
33773,2024-06-26,kumis entero dulce botella latti 1000 ml,C,7700.0
33775,2024-06-26,kumis vaso latti x 150ml,C,1990.0
33778,2024-06-26,leche chocolate latti bolsa x200ml,C,1300.0
33786,2024-06-26,leche entera tetra pak latti 200ml,C,1200.0
33806,2024-06-26,mezcla chocodivertida nuthos 45 gr,C,1750.0
33818,2024-06-26,mortadela cervecera viande 225g,C,4700.0
33821,2024-06-26,nachos crachos 200 g,C,3300.0
33823,2024-06-26,paleta de frutas treefruts 70 g 6 und,C,11500.0
33826,2024-06-26,papas fosforitos kythos 200 g,C,3400.0
33829,2024-06-26,papas fritas sabor natural kythos 115 g,C,3300.0
33836,2024-06-26,pasabocas surtidos docena kythos 12 unds,C,9990.0
33842,2024-06-26,platanitos maduros kythos 6 und 168 g,C,5490.0
33848,2024-06-26,ramen nissin sabor carne 85 g,C,2490.0
33857,2024-06-26,ron anejo cartavio black barrel 750 ml,C,29950.0
33869,2024-06-26,salchichon cerveroni x900g,C,19950.0
33890,2024-06-26,tortilla fajita crachos 12 und 360 g,C,5490.0
33891,2024-06-26,tortilla finas hierbas crachos 250g,C,4490.0
33902,2024-06-26,vino lambrusco don vitto surtido,C,19950.0
33903,2024-06-26,vino malbec los rios varietal,C,19950.0
33908,2024-06-26,vino tinto cabernet sauvignon reserva quinta la,C,21950.0
33910,2024-06-26,vino tinto carmenere reserva quinta las cabras,C,21950.0
33926,2024-06-26,yogurt griego mora latti 160 gr,C,3900.0
33929,2024-06-26,yogurt melocoton light vita latti 1000gr,C,8990.0
33938,2024-06-27,agua con gas limonada omi 600 ml,C,1250.0
33942,2024-06-27,agua saborizada limon omi 1700 ml,C,2400.0
33954,2024-06-27,alimento humedo para gatos whiskas 85 g,C,2700.0
33955,2024-06-27,alimento lacteo en polvo el rodeo nutririnde 2,C,9490.0
33973,2024-06-27,bebida hidratante sabor mandarina drink a 600 m,C,1600.0
33981,2024-06-27,bebida lactea sabor mora latti 200 ml,C,990.0
33998,2024-06-27,cerveza bahia 330 ml,C,1900.0
34001,2024-06-27,cerveza club colombia 269 ml,C,2200.0
34005,2024-06-27,chile con carne crachos 300 g,C,6550.0
34019,2024-06-27,costilla de cerdo red cut 500 g,C,10500.0
34022,2024-06-27,crispeta caramelo cheetos 72 g,C,2700.0
34036,2024-06-27,galleta 2 tacos ducales noel 241 grs,C,5490.0
34044,2024-06-27,galleta happy cream vainilla 12 pq 408g,C,6490.0
34055,2024-06-27,galleta sabor oliva y oregano greta 120 g,C,4990.0
34063,2024-06-27,galletas doble chocolate chalet 120 g,C,4600.0
34068,2024-06-27,galletas mini chips 8 pq 280g,C,8990.0
34069,2024-06-27,galletas para gatos magic friends 75g,C,2200.0
34077,2024-06-27,gaseosa coca cola pet 250ml,C,1990.0
34086,2024-06-27,gaseosa pony malta 2000ml,C,6600.0
34095,2024-06-27,granola coco y pasas fit graan 350 g,C,4990.0
34103,2024-06-27,helado de mora kulfi 1 l,C,13500.0
34111,2024-06-27,jamon asado al horno centurion 100g,C,8990.0
34116,2024-06-27,jamon de pollo premium brakel 250 g,C,6990.0
34120,2024-06-27,jugo de arandanos tree fruts 946 ml,C,9990.0
34125,2024-06-27,kumis entero dulce botella latti 1000 ml,C,7700.0
34127,2024-06-27,kumis vaso latti x 150ml,C,1990.0
34130,2024-06-27,leche chocolate latti bolsa x200ml,C,1300.0
34138,2024-06-27,leche entera tetra pak latti 200ml,C,1200.0
34158,2024-06-27,mezcla chocodivertida nuthos 45 gr,C,1750.0
34170,2024-06-27,mortadela cervecera viande 225g,C,4700.0
34173,2024-06-27,nachos crachos 200 g,C,3300.0
34175,2024-06-27,paleta de frutas treefruts 70 g 6 und,C,11500.0
34178,2024-06-27,papas fosforitos kythos 200 g,C,3400.0
34181,2024-06-27,papas fritas sabor natural kythos 115 g,C,3300.0
34188,2024-06-27,pasabocas surtidos docena kythos 12 unds,C,9990.0
34194,2024-06-27,platanitos maduros kythos 6 und 168 g,C,5490.0
34200,2024-06-27,ramen nissin sabor carne 85 g,C,2490.0
34209,2024-06-27,ron anejo cartavio black barrel 750 ml,C,29950.0
34221,2024-06-27,salchichon cerveroni x900g,C,19950.0
34242,2024-06-27,tortilla fajita crachos 12 und 360 g,C,5490.0
34243,2024-06-27,tortilla finas hierbas crachos 250g,C,4490.0
34254,2024-06-27,vino lambrusco don vitto surtido,C,19950.0
34255,2024-06-27,vino malbec los rios varietal,C,19950.0
34260,2024-06-27,vino tinto cabernet sauvignon reserva quinta la,C,21950.0
34262,2024-06-27,vino tinto carmenere reserva quinta las cabras,C,21950.0
34277,2024-06-27,yogurt griego mora latti 160 gr,C,3900.0
34280,2024-06-27,yogurt melocoton light vita latti 1000gr,C,8990.0
34289,2024-06-28,agua con gas limonada omi 600 ml,C,1250.0
34293,2024-06-28,agua saborizada limon omi 1700 ml,C,2400.0
34306,2024-06-28,alimento humedo para gatos whiskas 85 g,C,2700.0
34307,2024-06-28,alimento lacteo en polvo el rodeo nutririnde 2,C,9490.0
34326,2024-06-28,bebida hidratante sabor mandarina drink a 600 m,C,1600.0
34334,2024-06-28,bebida lactea sabor mora latti 200 ml,C,990.0
34352,2024-06-28,cerveza bahia 330 ml,C,1900.0
34355,2024-06-28,cerveza club colombia 269 ml,C,2200.0
34359,2024-06-28,chile con carne crachos 300 g,C,6550.0
34373,2024-06-28,costilla de cerdo red cut 500 g,C,10500.0
34376,2024-06-28,crispeta caramelo cheetos 72 g,C,2700.0
34390,2024-06-28,galleta 2 tacos ducales noel 241 grs,C,5490.0
34397,2024-06-28,galleta happy cream vainilla 12 pq 408g,C,6490.0
34408,2024-06-28,galleta sabor oliva y oregano greta 120 g,C,4990.0
34416,2024-06-28,galletas doble chocolate chalet 120 g,C,4600.0
34421,2024-06-28,galletas mini chips 8 pq 280g,C,8990.0
34422,2024-06-28,galletas para gatos magic friends 75g,C,2200.0
34430,2024-06-28,gaseosa coca cola pet 250ml,C,1990.0
34439,2024-06-28,gaseosa pony malta 2000ml,C,6600.0
34448,2024-06-28,granola coco y pasas fit graan 350 g,C,4990.0
34456,2024-06-28,helado de mora kulfi 1 l,C,13500.0
34464,2024-06-28,jamon asado al horno centurion 100g,C,8990.0
34469,2024-06-28,jamon de pollo premium brakel 250 g,C,6990.0
34473,2024-06-28,jugo de arandanos tree fruts 946 ml,C,9990.0
34479,2024-06-28,kumis entero dulce botella latti 1000 ml,C,7700.0
34481,2024-06-28,kumis vaso latti x 150ml,C,1990.0
34484,2024-06-28,leche chocolate latti bolsa x200ml,C,1300.0
34492,2024-06-28,leche entera tetra pak latti 200ml,C,1200.0
34512,2024-06-28,mezcla chocodivertida nuthos 45 gr,C,1750.0
34524,2024-06-28,mortadela cervecera viande 225g,C,4700.0
34527,2024-06-28,nachos crachos 200 g,C,3300.0
34529,2024-06-28,paleta de frutas treefruts 70 g 6 und,C,11500.0
34532,2024-06-28,papas fosforitos kythos 200 g,C,3400.0
34535,2024-06-28,papas fritas sabor natural kythos 115 g,C,3300.0
34542,2024-06-28,pasabocas surtidos docena kythos 12 unds,C,9990.0
34548,2024-06-28,platanitos maduros kythos 6 und 168 g,C,5490.0
34554,2024-06-28,ramen nissin sabor carne 85 g,C,2490.0
34563,2024-06-28,ron anejo cartavio black barrel 750 ml,C,29950.0
34574,2024-06-28,salchichon cerveroni x900g,C,19950.0
34595,2024-06-28,tortilla fajita crachos 12 und 360 g,C,5490.0
34596,2024-06-28,tortilla finas hierbas crachos 250g,C,4490.0
34607,2024-06-28,vino lambrusco don vitto surtido,C,19950.0
34608,2024-06-28,vino malbec los rios varietal,C,19950.0
34613,2024-06-28,vino tinto cabernet sauvignon reserva quinta la,C,21950.0
34615,2024-06-28,vino tinto carmenere reserva quinta las cabras,C,21950.0
34630,2024-06-28,yogurt griego mora latti 160 gr,C,3900.0
34641,2024-06-29,agua con gas limonada omi 600 ml,C,1250.0
34645,2024-06-29,agua saborizada limon omi 1700 ml,C,2400.0
34658,2024-06-29,alimento humedo para gatos whiskas 85 g,C,2700.0
34659,2024-06-29,alimento lacteo en polvo el rodeo nutririnde 2,C,9490.0
34678,2024-06-29,bebida hidratante sabor mandarina drink a 600 m,C,1600.0
34686,2024-06-29,bebida lactea sabor mora latti 200 ml,C,990.0
34703,2024-06-29,cerveza bahia 330 ml,C,1900.0
34706,2024-06-29,cerveza club colombia 269 ml,C,2200.0
34710,2024-06-29,chile con carne crachos 300 g,C,6550.0
34724,2024-06-29,costilla de cerdo red cut 500 g,C,10500.0
34727,2024-06-29,crispeta caramelo cheetos 72 g,C,2700.0
34741,2024-06-29,galleta 2 tacos ducales noel 241 grs,C,5490.0
34748,2024-06-29,galleta happy cream vainilla 12 pq 408g,C,6490.0
34759,2024-06-29,galleta sabor oliva y oregano greta 120 g,C,4990.0
34767,2024-06-29,galletas doble chocolate chalet 120 g,C,4600.0
34772,2024-06-29,galletas mini chips 8 pq 280g,C,8990.0
34773,2024-06-29,galletas para gatos magic friends 75g,C,2200.0
34781,2024-06-29,gaseosa coca cola pet 250ml,C,1990.0
34790,2024-06-29,gaseosa pony malta 2000ml,C,6600.0
34799,2024-06-29,granola coco y pasas fit graan 350 g,C,4990.0
34807,2024-06-29,helado de mora kulfi 1 l,C,13500.0
34815,2024-06-29,jamon asado al horno centurion 100g,C,8990.0
34820,2024-06-29,jamon de pollo premium brakel 250 g,C,6990.0
34824,2024-06-29,jugo de arandanos tree fruts 946 ml,C,9990.0
34830,2024-06-29,kumis entero dulce botella latti 1000 ml,C,7700.0
34832,2024-06-29,kumis vaso latti x 150ml,C,1990.0
34835,2024-06-29,leche chocolate latti bolsa x200ml,C,1300.0
34843,2024-06-29,leche entera tetra pak latti 200ml,C,1200.0
34864,2024-06-29,mezcla chocodivertida nuthos 45 gr,C,1750.0
34876,2024-06-29,mortadela cervecera viande 225g,C,4700.0
34879,2024-06-29,nachos crachos 200 g,C,3300.0
34881,2024-06-29,paleta de frutas treefruts 70 g 6 und,C,11500.0
34884,2024-06-29,papas fosforitos kythos 200 g,C,3400.0
34887,2024-06-29,papas fritas sabor natural kythos 115 g,C,3300.0
34894,2024-06-29,pasabocas surtidos docena kythos 12 unds,C,9990.0
34900,2024-06-29,platanitos maduros kythos 6 und 168 g,C,5490.0
34906,2024-06-29,ramen nissin sabor carne 85 g,C,2490.0
34915,2024-06-29,ron anejo cartavio black barrel 750 ml,C,29950.0
34926,2024-06-29,salchichon cerveroni x900g,C,19950.0
34947,2024-06-29,tortilla fajita crachos 12 und 360 g,C,5490.0
34948,2024-06-29,tortilla finas hierbas crachos 250g,C,4490.0
34959,2024-06-29,vino lambrusco don vitto surtido,C,19950.0
34960,2024-06-29,vino malbec los rios varietal,C,19950.0
34965,2024-06-29,vino tinto cabernet sauvignon reserva quinta la,C,21950.0
34967,2024-06-29,vino tinto carmenere reserva quinta las cabras,C,21950.0
34982,2024-06-29,yogurt griego mora latti 160 gr,C,3900.0
34993,2024-07-03,agua con gas limonada omi 600 ml,C,1250.0
34998,2024-07-03,agua saborizada limon omi 1700 ml,C,2400.0
35011,2024-07-03,alimento humedo para gatos whiskas 85 g,C,2700.0
35012,2024-07-03,alimento lacteo en polvo el rodeo nutririnde 2,C,9490.0
35016,2024-07-03,aros frutales fiocco 230 g,C,4490.0
35031,2024-07-03,bebida hidratante sabor mandarina drink a 600 m,C,1600.0
35038,2024-07-03,bebida lactea sabor mora latti 200 ml,C,990.0
35056,2024-07-03,cerveza bahia 330 ml,C,1900.0
35059,2024-07-03,cerveza club colombia 269 ml,C,2200.0
35063,2024-07-03,chile con carne crachos 300 g,C,6550.0
35077,2024-07-03,costilla de cerdo red cut 500 g,C,10500.0
35080,2024-07-03,crispeta caramelo cheetos 72 g,C,2700.0
35094,2024-07-03,galleta 2 tacos ducales noel 241 grs,C,5490.0
35101,2024-07-03,galleta happy cream vainilla 12 pq 408g,C,6490.0
35112,2024-07-03,galleta sabor oliva y oregano greta 120 g,C,4990.0
35120,2024-07-03,galletas doble chocolate chalet 120 g,C,4600.0
35125,2024-07-03,galletas mini chips 8 pq 280g,C,8990.0
35126,2024-07-03,galletas para gatos magic friends 75g,C,2200.0
35134,2024-07-03,gaseosa coca cola pet 250ml,C,1990.0
35143,2024-07-03,gaseosa pony malta 2000ml,C,6600.0
35152,2024-07-03,granola coco y pasas fit graan 350 g,C,4990.0
35160,2024-07-03,helado de mora kulfi 1 l,C,13500.0
35168,2024-07-03,jamon asado al horno centurion 100g,C,8990.0
35173,2024-07-03,jamon de pollo premium brakel 250 g,C,6990.0
35177,2024-07-03,jugo de arandanos tree fruts 946 ml,C,9990.0
35183,2024-07-03,kumis entero dulce botella latti 1000 ml,C,7700.0
35185,2024-07-03,kumis vaso latti x 150ml,C,1990.0
35188,2024-07-03,leche chocolate latti bolsa x200ml,C,1300.0
35196,2024-07-03,leche entera tetra pak latti 200ml,C,1200.0
35217,2024-07-03,mezcla chocodivertida nuthos 45 gr,C,1750.0
35229,2024-07-03,mortadela cervecera viande 225g,C,4700.0
35232,2024-07-03,nachos crachos 200 g,C,3300.0
35234,2024-07-03,paleta de frutas treefruts 70 g 6 und,C,11500.0
35237,2024-07-03,papas fosforitos kythos 200 g,C,3400.0
35240,2024-07-03,papas fritas sabor natural kythos 115 g,C,3300.0
35247,2024-07-03,pasabocas surtidos docena kythos 12 unds,C,9990.0
35253,2024-07-03,platanitos maduros kythos 6 und 168 g,C,5490.0
35259,2024-07-03,ramen nissin sabor carne 85 g,C,2490.0
35268,2024-07-03,ron anejo cartavio black barrel 750 ml,C,29950.0
35279,2024-07-03,salchichon cerveroni x900g,C,19950.0
35300,2024-07-03,tortilla fajita crachos 12 und 360 g,C,5490.0
35301,2024-07-03,tortilla finas hierbas crachos 250g,C,4490.0
35312,2024-07-03,vino lambrusco don vitto surtido,C,19950.0
35313,2024-07-03,vino malbec los rios varietal,C,19950.0
35318,2024-07-03,vino tinto cabernet sauvignon reserva quinta la,C,21950.0
35320,2024-07-03,vino tinto carmenere reserva quinta las cabras,C,21950.0
35335,2024-07-03,yogurt griego mora latti 160 gr,C,3900.0
35338,2024-07-03,yogurt melocoton light vita latti 1000gr,C,8990.0
35347,2024-07-04,agua con gas limonada omi 600 ml,C,1250.0
35352,2024-07-04,agua saborizada limon omi 1700 ml,C,2400.0
35365,2024-07-04,alimento humedo para gatos whiskas 85 g,C,2700.0
35366,2024-07-04,alimento lacteo en polvo el rodeo nutririnde 2,C,9490.0
35370,2024-07-04,aros frutales fiocco 230 g,C,4490.0
35386,2024-07-04,bebida hidratante sabor mandarina drink a 600 m,C,1600.0
35393,2024-07-04,bebida lactea sabor mora latti 200 ml,C,990.0
35411,2024-07-04,cerveza bahia 330 ml,C,1900.0
35414,2024-07-04,cerveza club colombia 269 ml,C,2200.0
35418,2024-07-04,chile con carne crachos 300 g,C,6550.0
35432,2024-07-04,costilla de cerdo red cut 500 g,C,10500.0
35435,2024-07-04,crispeta caramelo cheetos 72 g,C,2700.0
35449,2024-07-04,galleta 2 tacos ducales noel 241 grs,C,5490.0
35456,2024-07-04,galleta happy cream vainilla 12 pq 408g,C,6490.0
35467,2024-07-04,galleta sabor oliva y oregano greta 120 g,C,4990.0
35475,2024-07-04,galletas doble chocolate chalet 120 g,C,4600.0
35480,2024-07-04,galletas mini chips 8 pq 280g,C,8990.0
35481,2024-07-04,galletas para gatos magic friends 75g,C,2200.0
35489,2024-07-04,gaseosa coca cola pet 250ml,C,1990.0
35498,2024-07-04,gaseosa pony malta 2000ml,C,6600.0
35507,2024-07-04,granola coco y pasas fit graan 350 g,C,4990.0
35515,2024-07-04,helado de mora kulfi 1 l,C,13500.0
35523,2024-07-04,jamon asado al horno centurion 100g,C,8990.0
35528,2024-07-04,jamon de pollo premium brakel 250 g,C,6990.0
35532,2024-07-04,jugo de arandanos tree fruts 946 ml,C,9990.0
35538,2024-07-04,kumis entero dulce botella latti 1000 ml,C,7700.0
35540,2024-07-04,kumis vaso latti x 150ml,C,1990.0
35543,2024-07-04,leche chocolate latti bolsa x200ml,C,1300.0
35551,2024-07-04,leche entera tetra pak latti 200ml,C,1200.0
35572,2024-07-04,mezcla chocodivertida nuthos 45 gr,C,1750.0
35584,2024-07-04,mortadela cervecera viande 225g,C,4700.0
35587,2024-07-04,nachos crachos 200 g,C,3300.0
35589,2024-07-04,paleta de frutas treefruts 70 g 6 und,C,11500.0
35592,2024-07-04,papas fosforitos kythos 200 g,C,3400.0
35595,2024-07-04,papas fritas sabor natural kythos 115 g,C,3300.0
35602,2024-07-04,pasabocas surtidos docena kythos 12 unds,C,9990.0
35608,2024-07-04,platanitos maduros kythos 6 und 168 g,C,5490.0
35614,2024-07-04,ramen nissin sabor carne 85 g,C,2490.0
35623,2024-07-04,ron anejo cartavio black barrel 750 ml,C,29950.0
35634,2024-07-04,salchichon cerveroni x900g,C,19950.0
35655,2024-07-04,tortilla fajita crachos 12 und 360 g,C,5490.0
35656,2024-07-04,tortilla finas hierbas crachos 250g,C,4490.0
35667,2024-07-04,vino lambrusco don vitto surtido,C,19950.0
35668,2024-07-04,vino malbec los rios varietal,C,19950.0
35673,2024-07-04,vino tinto cabernet sauvignon reserva quinta la,C,21950.0
35675,2024-07-04,vino tinto carmenere reserva quinta las cabras,C,21950.0
35690,2024-07-04,yogurt griego mora latti 160 gr,C,3900.0
35693,2024-07-04,yogurt melocoton light vita latti 1000gr,C,8990.0
35702,2024-07-05,agua con gas limonada omi 600 ml,C,1250.0
35707,2024-07-05,agua saborizada limon omi 1700 ml,C,2400.0
35720,2024-07-05,alimento humedo para gatos whiskas 85 g,C,2700.0
35721,2024-07-05,alimento lacteo en polvo el rodeo nutririnde 2,C,9490.0
35725,2024-07-05,aros frutales fiocco 230 g,C,4490.0
35741,2024-07-05,bebida hidratante sabor mandarina drink a 600 m,C,1600.0
35748,2024-07-05,bebida lactea sabor mora latti 200 ml,C,990.0
35766,2024-07-05,cerveza bahia 330 ml,C,1900.0
35769,2024-07-05,cerveza club colombia 269 ml,C,2200.0
35773,2024-07-05,chile con carne crachos 300 g,C,6550.0
35787,2024-07-05,costilla de cerdo red cut 500 g,C,10500.0
35790,2024-07-05,crispeta caramelo cheetos 72 g,C,2700.0
35804,2024-07-05,galleta 2 tacos ducales noel 241 grs,C,5490.0
35811,2024-07-05,galleta happy cream vainilla 12 pq 408g,C,6490.0
35822,2024-07-05,galleta sabor oliva y oregano greta 120 g,C,4990.0
35830,2024-07-05,galletas doble chocolate chalet 120 g,C,4600.0
35835,2024-07-05,galletas mini chips 8 pq 280g,C,8990.0
35836,2024-07-05,galletas para gatos magic friends 75g,C,2200.0
35844,2024-07-05,gaseosa coca cola pet 250ml,C,1990.0
35853,2024-07-05,gaseosa pony malta 2000ml,C,6600.0
35862,2024-07-05,granola coco y pasas fit graan 350 g,C,4990.0
35870,2024-07-05,helado de mora kulfi 1 l,C,13500.0
35878,2024-07-05,jamon asado al horno centurion 100g,C,8990.0
35883,2024-07-05,jamon de pollo premium brakel 250 g,C,6990.0
35887,2024-07-05,jugo de arandanos tree fruts 946 ml,C,9990.0
35893,2024-07-05,kumis entero dulce botella latti 1000 ml,C,7700.0
35895,2024-07-05,kumis vaso latti x 150ml,C,1990.0
35898,2024-07-05,leche chocolate latti bolsa x200ml,C,1300.0
35906,2024-07-05,leche entera tetra pak latti 200ml,C,1200.0
35927,2024-07-05,mezcla chocodivertida nuthos 45 gr,C,1750.0
35939,2024-07-05,mortadela cervecera viande 225g,C,4700.0
35942,2024-07-05,nachos crachos 200 g,C,3300.0
35944,2024-07-05,paleta de frutas treefruts 70 g 6 und,C,11500.0
35947,2024-07-05,papas fosforitos kythos 200 g,C,3400.0
35950,2024-07-05,papas fritas sabor natural kythos 115 g,C,3300.0
35957,2024-07-05,pasabocas surtidos docena kythos 12 unds,C,9990.0
35963,2024-07-05,platanitos maduros kythos 6 und 168 g,C,5490.0
35969,2024-07-05,ramen nissin sabor carne 85 g,C,2490.0
35978,2024-07-05,ron anejo cartavio black barrel 750 ml,C,29950.0
35989,2024-07-05,salchichon cerveroni x900g,C,19950.0
36010,2024-07-05,tortilla fajita crachos 12 und 360 g,C,5490.0
36011,2024-07-05,tortilla finas hierbas crachos 250g,C,4490.0
36022,2024-07-05,vino lambrusco don vitto surtido,C,19950.0
36023,2024-07-05,vino malbec los rios varietal,C,19950.0
36028,2024-07-05,vino tinto cabernet sauvignon reserva quinta la,C,21950.0
36030,2024-07-05,vino tinto carmenere reserva quinta las cabras,C,21950.0
36045,2024-07-05,yogurt griego mora latti 160 gr,C,3900.0
36048,2024-07-05,yogurt melocoton light vita latti 1000gr,C,8990.0
36057,2024-07-06,agua con gas limonada omi 600 ml,C,1250.0
36062,2024-07-06,agua saborizada limon omi 1700 ml,C,2400.0
36075,2024-07-06,alimento humedo para gatos whiskas 85 g,C,2700.0
36076,2024-07-06,alimento lacteo en polvo el rodeo nutririnde 2,C,9490.0
36080,2024-07-06,aros frutales fiocco 230 g,C,4490.0
36095,2024-07-06,bebida hidratante sabor mandarina drink a 600 m,C,1600.0
36102,2024-07-06,bebida lactea sabor mora latti 200 ml,C,990.0
36120,2024-07-06,cerveza bahia 330 ml,C,1900.0
36123,2024-07-06,cerveza club colombia 269 ml,C,2200.0
36127,2024-07-06,chile con carne crachos 300 g,C,6550.0
36143,2024-07-06,crispeta caramelo cheetos 72 g,C,2700.0
36157,2024-07-06,galleta 2 tacos ducales noel 241 grs,C,5490.0
36164,2024-07-06,galleta happy cream vainilla 12 pq 408g,C,6490.0
36175,2024-07-06,galleta sabor oliva y oregano greta 120 g,C,4990.0
36183,2024-07-06,galletas doble chocolate chalet 120 g,C,4600.0
36188,2024-07-06,galletas mini chips 8 pq 280g,C,8990.0
36189,2024-07-06,galletas para gatos magic friends 75g,C,2200.0
36197,2024-07-06,gaseosa coca cola pet 250ml,C,1990.0
36206,2024-07-06,gaseosa pony malta 2000ml,C,6600.0
36215,2024-07-06,granola coco y pasas fit graan 350 g,C,4990.0
36223,2024-07-06,helado de mora kulfi 1 l,C,13500.0
36231,2024-07-06,jamon asado al horno centurion 100g,C,8990.0
36235,2024-07-06,jamon de pollo premium brakel 250 g,C,6990.0
36239,2024-07-06,jugo de arandanos tree fruts 946 ml,C,9990.0
36245,2024-07-06,kumis entero dulce botella latti 1000 ml,C,7700.0
36247,2024-07-06,kumis vaso latti x 150ml,C,1990.0
36250,2024-07-06,leche chocolate latti bolsa x200ml,C,1300.0
36258,2024-07-06,leche entera tetra pak latti 200ml,C,1200.0
36279,2024-07-06,mezcla chocodivertida nuthos 45 gr,C,1750.0
36291,2024-07-06,mortadela cervecera viande 225g,C,4700.0
36294,2024-07-06,nachos crachos 200 g,C,3300.0
36296,2024-07-06,paleta de frutas treefruts 70 g 6 und,C,11500.0
36299,2024-07-06,papas fosforitos kythos 200 g,C,3400.0
36301,2024-07-06,papas fritas sabor natural kythos 115 g,C,3300.0
36308,2024-07-06,pasabocas surtidos docena kythos 12 unds,C,9990.0
36314,2024-07-06,platanitos maduros kythos 6 und 168 g,C,5490.0
36320,2024-07-06,ramen nissin sabor carne 85 g,C,2490.0
36329,2024-07-06,ron anejo cartavio black barrel 750 ml,C,29950.0
36340,2024-07-06,salchichon cerveroni x900g,C,19950.0
36361,2024-07-06,tortilla fajita crachos 12 und 360 g,C,5490.0
36362,2024-07-06,tortilla finas hierbas crachos 250g,C,4490.0
36373,2024-07-06,vino lambrusco don vitto surtido,C,19950.0
36374,2024-07-06,vino malbec los rios varietal,C,19950.0
36379,2024-07-06,vino tinto cabernet sauvignon reserva quinta la,C,21950.0
36381,2024-07-06,vino tinto carmenere reserva quinta las cabras,C,21950.0
36396,2024-07-06,yogurt griego mora latti 160 gr,C,3900.0
36399,2024-07-06,yogurt melocoton light vita latti 1000gr,C,8990.0
36408,2024-07-07,agua con gas limonada omi 600 ml,C,1250.0
36414,2024-07-07,agua saborizada limon omi 1700 ml,C,2400.0
36427,2024-07-07,alimento humedo para gatos whiskas 85 g,C,2700.0
36428,2024-07-07,alimento lacteo en polvo el rodeo nutririnde 2,C,9490.0
36433,2024-07-07,aros frutales fiocco 230 g,C,4490.0
36448,2024-07-07,bebida hidratante sabor mandarina drink a 600 m,C,1600.0
36456,2024-07-07,bebida lactea sabor mora latti 200 ml,C,990.0
36474,2024-07-07,cerveza bahia 330 ml,C,1900.0
36477,2024-07-07,cerveza club colombia 269 ml,C,2200.0
36481,2024-07-07,chile con carne crachos 300 g,C,6550.0
36495,2024-07-07,costilla de cerdo red cut 500 g,C,10500.0
36498,2024-07-07,crispeta caramelo cheetos 72 g,C,2700.0
36512,2024-07-07,galleta 2 tacos ducales noel 241 grs,C,5490.0
36519,2024-07-07,galleta happy cream vainilla 12 pq 408g,C,6490.0
36530,2024-07-07,galleta sabor oliva y oregano greta 120 g,C,4990.0
36538,2024-07-07,galletas doble chocolate chalet 120 g,C,4600.0
36543,2024-07-07,galletas mini chips 8 pq 280g,C,8990.0
36544,2024-07-07,galletas para gatos magic friends 75g,C,2200.0
36552,2024-07-07,gaseosa coca cola pet 250ml,C,1990.0
36561,2024-07-07,gaseosa pony malta 2000ml,C,6600.0
36570,2024-07-07,granola coco y pasas fit graan 350 g,C,4990.0
36578,2024-07-07,helado de mora kulfi 1 l,C,13500.0
36586,2024-07-07,jamon asado al horno centurion 100g,C,8990.0
36591,2024-07-07,jamon de pollo premium brakel 250 g,C,6990.0
36595,2024-07-07,jugo de arandanos tree fruts 946 ml,C,9990.0
36601,2024-07-07,kumis entero dulce botella latti 1000 ml,C,7700.0
36603,2024-07-07,kumis vaso latti x 150ml,C,1990.0
36606,2024-07-07,leche chocolate latti bolsa x200ml,C,1300.0
36614,2024-07-07,leche entera tetra pak latti 200ml,C,1200.0
36635,2024-07-07,mezcla chocodivertida nuthos 45 gr,C,1750.0
36647,2024-07-07,mortadela cervecera viande 225g,C,4700.0
36649,2024-07-07,nachos crachos 200 g,C,3300.0
36651,2024-07-07,paleta de frutas treefruts 70 g 6 und,C,11500.0
36654,2024-07-07,papas fosforitos kythos 200 g,C,3400.0
36656,2024-07-07,papas fritas sabor natural kythos 115 g,C,3300.0
36663,2024-07-07,pasabocas surtidos docena kythos 12 unds,C,9990.0
36669,2024-07-07,platanitos maduros kythos 6 und 168 g,C,5490.0
36675,2024-07-07,ramen nissin sabor carne 85 g,C,2490.0
36684,2024-07-07,ron anejo cartavio black barrel 750 ml,C,29950.0
36695,2024-07-07,salchichon cerveroni x900g,C,19950.0
36702,2024-07-07,sexta papa natural kythos 25 g,C,5950.0
36717,2024-07-07,tortilla fajita crachos 12 und 360 g,C,5490.0
36728,2024-07-07,vino lambrusco don vitto surtido,C,19950.0
36729,2024-07-07,vino malbec los rios varietal,C,19950.0
36734,2024-07-07,vino tinto cabernet sauvignon reserva quinta la,C,21950.0
36736,2024-07-07,vino tinto carmenere reserva quinta las cabras,C,21950.0
36751,2024-07-07,yogurt griego mora latti 160 gr,C,3900.0
36754,2024-07-07,yogurt melocoton light vita latti 1000gr,C,8990.0
36763,2024-07-08,agua con gas limonada omi 600 ml,C,1250.0
36769,2024-07-08,agua saborizada limon omi 1700 ml,C,2400.0
36782,2024-07-08,alimento humedo para gatos whiskas 85 g,C,2700.0
36783,2024-07-08,alimento lacteo en polvo el rodeo nutririnde 2,C,9490.0
36788,2024-07-08,aros frutales fiocco 230 g,C,4490.0
36803,2024-07-08,bebida hidratante sabor mandarina drink a 600 m,C,1600.0
36811,2024-07-08,bebida lactea sabor mora latti 200 ml,C,990.0
36829,2024-07-08,cerveza bahia 330 ml,C,1900.0
36832,2024-07-08,cerveza club colombia 269 ml,C,2200.0
36836,2024-07-08,chile con carne crachos 300 g,C,6550.0
36850,2024-07-08,costilla de cerdo red cut 500 g,C,10500.0
36853,2024-07-08,crispeta caramelo cheetos 72 g,C,2700.0
36867,2024-07-08,galleta 2 tacos ducales noel 241 grs,C,5490.0
36874,2024-07-08,galleta happy cream vainilla 12 pq 408g,C,6490.0
36885,2024-07-08,galleta sabor oliva y oregano greta 120 g,C,4990.0
36893,2024-07-08,galletas doble chocolate chalet 120 g,C,4600.0
36898,2024-07-08,galletas mini chips 8 pq 280g,C,8990.0
36899,2024-07-08,galletas para gatos magic friends 75g,C,2200.0
36907,2024-07-08,gaseosa coca cola pet 250ml,C,1990.0
36915,2024-07-08,gaseosa pony malta 2000ml,C,6600.0
36924,2024-07-08,granola coco y pasas fit graan 350 g,C,4990.0
36932,2024-07-08,helado de mora kulfi 1 l,C,13500.0
36940,2024-07-08,jamon asado al horno centurion 100g,C,8990.0
36945,2024-07-08,jamon de pollo premium brakel 250 g,C,6990.0
36949,2024-07-08,jugo de arandanos tree fruts 946 ml,C,9990.0
36955,2024-07-08,kumis entero dulce botella latti 1000 ml,C,7700.0
36957,2024-07-08,kumis vaso latti x 150ml,C,1990.0
36960,2024-07-08,leche chocolate latti bolsa x200ml,C,1300.0
36968,2024-07-08,leche entera tetra pak latti 200ml,C,1200.0
36989,2024-07-08,mezcla chocodivertida nuthos 45 gr,C,1750.0
37001,2024-07-08,mortadela cervecera viande 225g,C,4700.0
37004,2024-07-08,nachos crachos 200 g,C,3300.0
37006,2024-07-08,paleta de frutas treefruts 70 g 6 und,C,11500.0
37009,2024-07-08,papas fosforitos kythos 200 g,C,3400.0
37011,2024-07-08,papas fritas sabor natural kythos 115 g,C,3300.0
37018,2024-07-08,pasabocas surtidos docena kythos 12 unds,C,9990.0
37024,2024-07-08,platanitos maduros kythos 6 und 168 g,C,5490.0
37030,2024-07-08,ramen nissin sabor carne 85 g,C,2490.0
37039,2024-07-08,ron anejo cartavio black barrel 750 ml,C,29950.0
37050,2024-07-08,salchichon cerveroni x900g,C,19950.0
37057,2024-07-08,sexta papa natural kythos 25 g,C,5950.0
37073,2024-07-08,tortilla fajita crachos 12 und 360 g,C,5490.0
37084,2024-07-08,vino lambrusco don vitto surtido,C,19950.0
37085,2024-07-08,vino malbec los rios varietal,C,19950.0
37090,2024-07-08,vino tinto cabernet sauvignon reserva quinta la,C,21950.0
37092,2024-07-08,vino tinto carmenere reserva quinta las cabras,C,21950.0
37107,2024-07-08,yogurt griego mora latti 160 gr,C,3900.0
37110,2024-07-08,yogurt melocoton light vita latti 1000gr,C,8990.0
37119,2024-07-09,agua con gas limonada omi 600 ml,C,1250.0
37125,2024-07-09,agua saborizada limon omi 1700 ml,C,2400.0
37138,2024-07-09,alimento humedo para gatos whiskas 85 g,C,2700.0
37139,2024-07-09,alimento lacteo en polvo el rodeo nutririnde 2,C,9490.0
37144,2024-07-09,aros frutales fiocco 230 g,C,4490.0
37159,2024-07-09,bebida hidratante sabor mandarina drink a 600 m,C,1600.0
37167,2024-07-09,bebida lactea sabor mora latti 200 ml,C,990.0
37185,2024-07-09,cerveza bahia 330 ml,C,1900.0
37188,2024-07-09,cerveza club colombia 269 ml,C,2200.0
37192,2024-07-09,chile con carne crachos 300 g,C,6550.0
37206,2024-07-09,costilla de cerdo red cut 500 g,C,10500.0
37209,2024-07-09,crispeta caramelo cheetos 72 g,C,2700.0
37223,2024-07-09,galleta 2 tacos ducales noel 241 grs,C,5490.0
37230,2024-07-09,galleta happy cream vainilla 12 pq 408g,C,6490.0
37241,2024-07-09,galleta sabor oliva y oregano greta 120 g,C,4990.0
37249,2024-07-09,galletas doble chocolate chalet 120 g,C,4600.0
37254,2024-07-09,galletas mini chips 8 pq 280g,C,8990.0
37255,2024-07-09,galletas para gatos magic friends 75g,C,2200.0
37263,2024-07-09,gaseosa coca cola pet 250ml,C,1990.0
37271,2024-07-09,gaseosa pony malta 2000ml,C,6600.0
37279,2024-07-09,granola coco y pasas fit graan 350 g,C,4990.0
37287,2024-07-09,helado de mora kulfi 1 l,C,13500.0
37295,2024-07-09,jamon asado al horno centurion 100g,C,8990.0
37300,2024-07-09,jamon de pollo premium brakel 250 g,C,6990.0
37304,2024-07-09,jugo de arandanos tree fruts 946 ml,C,9990.0
37310,2024-07-09,kumis entero dulce botella latti 1000 ml,C,7700.0
37312,2024-07-09,kumis vaso latti x 150ml,C,1990.0
37315,2024-07-09,leche chocolate latti bolsa x200ml,C,1300.0
37323,2024-07-09,leche entera tetra pak latti 200ml,C,1200.0
37344,2024-07-09,mezcla chocodivertida nuthos 45 gr,C,1750.0
37356,2024-07-09,mortadela cervecera viande 225g,C,4700.0
37358,2024-07-09,nachos crachos 200 g,C,3300.0
37360,2024-07-09,paleta de frutas treefruts 70 g 6 und,C,11500.0
37363,2024-07-09,papas fosforitos kythos 200 g,C,3400.0
37365,2024-07-09,papas fritas sabor natural kythos 115 g,C,3300.0
37372,2024-07-09,pasabocas surtidos docena kythos 12 unds,C,9990.0
37378,2024-07-09,platanitos maduros kythos 6 und 168 g,C,5490.0
37384,2024-07-09,ramen nissin sabor carne 85 g,C,2490.0
37393,2024-07-09,ron anejo cartavio black barrel 750 ml,C,29950.0
37404,2024-07-09,salchichon cerveroni x900g,C,19950.0
37411,2024-07-09,sexta papa natural kythos 25 g,C,5950.0
37427,2024-07-09,tortilla fajita crachos 12 und 360 g,C,5490.0
37438,2024-07-09,vino lambrusco don vitto surtido,C,19950.0
37439,2024-07-09,vino malbec los rios varietal,C,19950.0
37444,2024-07-09,vino tinto cabernet sauvignon reserva quinta la,C,21950.0
37446,2024-07-09,vino tinto carmenere reserva quinta las cabras,C,21950.0
37461,2024-07-09,yogurt griego mora latti 160 gr,C,3900.0
37464,2024-07-09,yogurt melocoton light vita latti 1000gr,C,8990.0
178,2024-04-19,store_3acafd_1.0_cristal agua sin gas,B,1600.0
222,2024-04-19,store_3acafd_244.4_red bull bebida energizante sandia 250ml,B,6600.0
308,2024-04-19,store_3acafd_699.2_don julio tequila reposado reservado 100 agave,B,274800.0
747,2024-04-19,store_8814bd_933.3_colanta leche liquida semidescremada,B,5600.0
875,2024-04-19,store_8a69b0_697.8_gordons ginebra premium pink frambuesa,B,97000.0
1148,2024-04-19,store_a66708_351.7_natumalta bebida de malta,B,2110.0
1284,2024-04-19,store_a66708_749.1_blanco del valle aguardiente fiesta sin azucar,B,39700.0
1373,2024-04-19,store_e6e286_199.7_ponds limpiador facial juice collection gel,B,38950.0
1540,2024-04-19,store_216ad1_350.0_vive 100 energizante ultra,B,2450.0
1685,2024-04-19,store_993204_370.3_smirnoff x1 vodka botella,B,23700.0
1793,2024-04-19,store_6ebc6b_362.5_vive 100 energizante ultra,B,2900.0
1968,2024-04-19,store_3284a3_11.9_activade bebida en polvo hidratante tropical fruit,B,1790.0
2055,2024-04-19,store_3284a3_50.0_darnel vaso 6 oz naturals bebidas calientes,B,7200.0
2228,2024-04-19,store_1c408d_400.0_postobon acqua agua saborizada sabor manzana,B,1200.0
2360,2024-04-19,store_0133c2_1.0_vape vapeador desechable pina mentolada 1500 puff vaal,B,50000.0
2367,2024-04-19,store_0133c2_1.0_vape vapeador raspberry lemonade 3000 puff juice head bars,B,75000.0
2798,2024-04-19,store_33070a_1.0_cristal agua sin gas,B,2100.0
3013,2024-04-19,store_fde6f8_2.0_pony malta bebida de malta,B,6100.0
3082,2024-04-19,store_fde6f8_496.0_mr tea bebida de te sabor durazno,B,2480.0
3141,2024-04-19,store_a6ddbe_1.5_pony malta bebida de malta,B,5600.0
3371,2024-04-19,store_a6ddbe_747.1_blanco del valle aguardiente fiesta sin azucar,B,38850.0
3439,2024-04-19,store_27ea4e_1.5_mr tea bebida de te con sabor a durazno,B,5000.0
3684,2024-04-19,store_ae7481_14.0_alkaseltzer 100 mg 14 tabletas,B,20100.0
3802,2024-04-19,store_ae7481_403.6_choco krispis cereal de arroz sabor a chocolate,B,22600.0
4108,2024-04-22,store_3acafd_1.0_cristal agua sin gas,B,1600.0
4128,2024-04-22,store_3acafd_10.0_lucky strike cigarrillo fest,B,5500.0
4176,2024-04-22,store_3acafd_244.4_red bull bebida energizante sandia 250ml,B,6600.0
4264,2024-04-22,store_3acafd_699.2_don julio tequila reposado reservado 100 agave,B,274800.0
4575,2024-04-22,store_8814bd_20.0_marlboro gold x 20 cigarrillos,B,10500.0
4720,2024-04-22,store_8814bd_933.3_colanta leche liquida semidescremada,B,5600.0
4833,2024-04-22,store_8a69b0_697.8_gordons ginebra premium pink frambuesa,B,97000.0
4996,2024-04-22,store_a66708_1.0_hatsu bebida con te blanco sabor a flor de cerezo,B,19900.0
5175,2024-04-22,store_a66708_351.7_natumalta bebida de malta,B,2110.0
5302,2024-04-22,store_a66708_749.1_blanco del valle aguardiente fiesta sin azucar,B,39700.0
5508,2024-04-22,store_216ad1_350.0_vive 100 energizante ultra,B,2450.0
5866,2024-04-22,store_68fff2_20.0_heets amber selection,B,11000.0
5982,2024-04-22,store_3284a3_11.9_activade bebida en polvo hidratante tropical fruit,B,1790.0
6065,2024-04-22,store_3284a3_50.0_darnel vaso 6 oz naturals bebidas calientes,B,7200.0
6254,2024-04-22,store_1c408d_400.0_postobon acqua agua saborizada sabor manzana,B,1200.0
6392,2024-04-22,store_0133c2_1.0_vape vapeador desechable pina mentolada 1500 puff vaal,B,50000.0
6755,2024-04-22,store_33070a_1.0_colombiana refresco gaseoso econolitro,B,3100.0
6757,2024-04-22,store_33070a_1.0_cristal agua sin gas,B,2100.0
6774,2024-04-22,store_33070a_10.0_marlboro rojo x 10 cigarrillos,B,5250.0
6959,2024-04-22,store_fde6f8_1721.8_blanco del valle aguardiente sin azucar,B,87810.0
6974,2024-04-22,store_fde6f8_2.0_pony malta bebida de malta,B,6100.0
7006,2024-04-22,store_fde6f8_496.0_mr tea bebida de te sabor durazno,B,2480.0
7048,2024-04-22,store_a6ddbe_1.0_andina cerveza light,B,14900.0
7064,2024-04-22,store_a6ddbe_1.5_pony malta bebida de malta,B,5600.0
7291,2024-04-22,store_a6ddbe_747.1_blanco del valle aguardiente fiesta sin azucar,B,38850.0
7359,2024-04-22,store_27ea4e_1.5_mr tea bebida de te con sabor a durazno,B,5000.0
7612,2024-04-22,store_ae7481_14.0_alkaseltzer 100 mg 14 tabletas,B,20500.0
7651,2024-04-22,store_ae7481_20.0_marlboro vista summer x 20 cigarrillos,B,11100.0
7753,2024-04-22,store_ae7481_698.8_gran centenario tequila reposado,B,118800.0
8026,2024-04-23,store_3acafd_1.0_cristal agua sin gas,B,1600.0
8048,2024-04-23,store_3acafd_10.0_lucky strike cigarrillo fest,B,5500.0
8095,2024-04-23,store_3acafd_244.4_red bull bebida energizante sandia 250ml,B,6600.0
8200,2024-04-23,store_3acafd_699.2_don julio tequila reposado reservado 100 agave,B,274800.0
8337,2024-04-23,store_fbe6e6_369.0_del valle aguardiente balnco sin azucar,B,21400.0
8512,2024-04-23,store_8814bd_20.0_marlboro gold x 20 cigarrillos,B,10500.0
8632,2024-04-23,store_8814bd_699.2_absolut vodka original,B,92300.0
8827,2024-04-23,store_a66708_1.0_hatsu bebida con te blanco sabor a flor de cerezo,B,19900.0
9032,2024-04-23,store_a66708_351.7_natumalta bebida de malta,B,2110.0
9156,2024-04-23,store_a66708_749.1_blanco del valle aguardiente fiesta sin azucar,B,39700.0
9237,2024-04-23,store_e6e286_199.7_ponds limpiador facial juice collection gel,B,38950.0
9378,2024-04-23,store_216ad1_350.0_vive 100 energizante ultra,B,2450.0
9509,2024-04-23,store_993204_370.3_smirnoff x1 vodka botella,B,23700.0
9747,2024-04-23,store_3284a3_11.9_activade bebida en polvo hidratante tropical fruit,B,1790.0
9839,2024-04-23,store_3284a3_50.0_darnel vaso 6 oz naturals bebidas calientes,B,7200.0
9968,2024-04-23,store_1c408d_200.0_yogurt deslactosado alpina melocoton vaso 200 g,B,3400.0
10030,2024-04-23,store_1c408d_400.0_postobon acqua agua saborizada sabor manzana,B,1200.0
10163,2024-04-23,store_0133c2_1.0_vape vapeador desechable pina mentolada 1500 puff vaal,B,50000.0
10172,2024-04-23,store_0133c2_1.0_vape vapeador raspberry lemonade 3000 puff juice head bars,B,75000.0
10537,2024-04-23,store_33070a_1.0_colombiana refresco gaseoso econolitro,B,3100.0
10539,2024-04-23,store_33070a_1.0_cristal agua sin gas,B,2100.0
10556,2024-04-23,store_33070a_10.0_marlboro rojo x 10 cigarrillos,B,5250.0
10750,2024-04-23,store_fde6f8_1721.8_blanco del valle aguardiente sin azucar,B,87810.0
10769,2024-04-23,store_fde6f8_2.0_pony malta bebida de malta,B,6100.0
10825,2024-04-23,store_fde6f8_496.0_mr tea bebida de te sabor durazno,B,2480.0
10869,2024-04-23,store_a6ddbe_1.0_andina cerveza light,B,14900.0
10885,2024-04-23,store_a6ddbe_1.5_pony malta bebida de malta,B,5600.0
11119,2024-04-23,store_a6ddbe_747.1_blanco del valle aguardiente fiesta sin azucar,B,38850.0
11180,2024-04-23,store_27ea4e_1.5_mr tea bebida de te con sabor a durazno,B,5000.0
11419,2024-04-23,store_ae7481_14.0_alkaseltzer 100 mg 14 tabletas,B,20500.0
11459,2024-04-23,store_ae7481_20.0_marlboro vista summer x 20 cigarrillos,B,11100.0
11526,2024-04-23,store_ae7481_403.6_choco krispis cereal de arroz sabor a chocolate,B,22600.0
11574,2024-04-23,store_ae7481_698.8_gran centenario tequila reposado,B,118800.0
11771,2024-04-24,store_3acafd_1.0_cristal agua sin gas,B,1600.0
11791,2024-04-24,store_3acafd_10.0_lucky strike cigarrillo fest,B,5500.0
11901,2024-04-24,store_3acafd_699.2_don julio tequila reposado reservado 100 agave,B,274800.0
12172,2024-04-24,store_8814bd_20.0_marlboro gold x 20 cigarrillos,B,10500.0
12291,2024-04-24,store_8814bd_933.3_colanta leche liquida semidescremada,B,5600.0
12350,2024-04-24,store_8a69b0_697.8_gordons ginebra premium pink frambuesa,B,97000.0
12583,2024-04-24,store_a66708_351.7_natumalta bebida de malta,B,2110.0
12926,2024-04-24,store_993204_370.3_smirnoff x1 vodka botella,B,23700.0
13104,2024-04-24,store_68fff2_20.0_heets amber selection,B,11000.0
13200,2024-04-24,store_3284a3_11.9_activade bebida en polvo hidratante tropical fruit,B,1790.0
13401,2024-04-24,store_1c408d_400.0_postobon acqua agua saborizada sabor manzana,B,1200.0
13752,2024-04-24,store_33070a_1.0_cristal agua sin gas,B,2100.0
13768,2024-04-24,store_33070a_10.0_marlboro rojo x 10 cigarrillos,B,5250.0
13810,2024-04-24,store_33070a_250.0_smirnoff ice coctel sabor a manzana verde,B,7000.0
13917,2024-04-24,store_fde6f8_2.0_pony malta bebida de malta,B,6100.0
14007,2024-04-24,store_a6ddbe_1.5_pony malta bebida de malta,B,5600.0
14457,2024-04-24,store_ae7481_20.0_marlboro vista summer x 20 cigarrillos,B,11100.0
14501,2024-04-24,store_ae7481_403.6_choco krispis cereal de arroz sabor a chocolate,B,22600.0
14539,2024-04-24,store_ae7481_698.8_gran centenario tequila reposado,B,118800.0
14789,2024-04-25,store_3acafd_1.0_cristal agua sin gas,B,1600.0
14809,2024-04-25,store_3acafd_10.0_lucky strike cigarrillo fest,B,5500.0
14845,2024-04-25,store_3acafd_244.4_red bull bebida energizante sandia 250ml,B,6600.0
14934,2024-04-25,store_3acafd_699.2_don julio tequila reposado reservado 100 agave,B,274800.0
15222,2024-04-25,store_8814bd_20.0_marlboro gold x 20 cigarrillos,B,10500.0
15574,2024-04-25,store_a66708_1.0_hatsu bebida con te blanco sabor a flor de cerezo,B,19900.0
15740,2024-04-25,store_a66708_351.7_natumalta bebida de malta,B,2110.0
15866,2024-04-25,store_a66708_748.8_columbia crest champagne brut,B,62900.0
15869,2024-04-25,store_a66708_749.1_blanco del valle aguardiente fiesta sin azucar,B,39700.0
15940,2024-04-25,store_e6e286_199.7_ponds limpiador facial juice collection gel,B,38950.0
16080,2024-04-25,store_216ad1_350.0_vive 100 energizante ultra,B,2450.0
16088,2024-04-25,store_216ad1_4.0_nebido undecanoato de testosterona 1000 mg,B,281650.0
16179,2024-04-25,store_993204_370.3_smirnoff x1 vodka botella,B,23700.0
16291,2024-04-25,store_6ebc6b_362.5_vive 100 energizante ultra,B,2900.0
16389,2024-04-25,store_68fff2_20.0_heets amber selection,B,11000.0
16493,2024-04-25,store_3284a3_11.9_activade bebida en polvo hidratante tropical fruit,B,1790.0
16581,2024-04-25,store_3284a3_50.0_darnel vaso 6 oz naturals bebidas calientes,B,7200.0
16756,2024-04-25,store_1c408d_400.0_postobon acqua agua saborizada sabor manzana,B,1200.0
16893,2024-04-25,store_0133c2_1.0_vape vapeador desechable pina mentolada 1500 puff vaal,B,50000.0
16898,2024-04-25,store_0133c2_1.0_vape vapeador raspberry lemonade 3000 puff juice head bars,B,75000.0
17275,2024-04-25,store_33070a_1.0_colombiana refresco gaseoso econolitro,B,3100.0
17277,2024-04-25,store_33070a_1.0_cristal agua sin gas,B,2100.0
17294,2024-04-25,store_33070a_10.0_marlboro rojo x 10 cigarrillos,B,5250.0
17457,2024-04-25,store_fde6f8_1721.8_blanco del valle aguardiente sin azucar,B,87810.0
17471,2024-04-25,store_fde6f8_2.0_pony malta bebida de malta,B,6100.0
17515,2024-04-25,store_fde6f8_496.0_mr tea bebida de te sabor durazno,B,2480.0
17562,2024-04-25,store_a6ddbe_1.0_andina cerveza light,B,14900.0
17583,2024-04-25,store_a6ddbe_1.5_pony malta bebida de malta,B,5600.0
17796,2024-04-25,store_a6ddbe_747.1_blanco del valle aguardiente fiesta sin azucar,B,38850.0
17858,2024-04-25,store_27ea4e_1.5_mr tea bebida de te con sabor a durazno,B,5000.0
18123,2024-04-25,store_ae7481_20.0_marlboro vista summer x 20 cigarrillos,B,11100.0
18186,2024-04-25,store_ae7481_403.6_choco krispis cereal de arroz sabor a chocolate,B,22600.0
18228,2024-04-25,store_ae7481_698.8_gran centenario tequila reposado,B,118800.0
18474,2024-04-26,store_3acafd_1.0_cristal agua sin gas,B,1600.0
18498,2024-04-26,store_3acafd_10.0_lucky strike cigarrillo fest,B,5500.0
18602,2024-04-26,store_3acafd_699.2_don julio tequila reposado reservado 100 agave,B,274800.0
18859,2024-04-26,store_8814bd_20.0_marlboro gold x 20 cigarrillos,B,10500.0
19027,2024-04-26,store_8814bd_933.3_colanta leche liquida semidescremada,B,5600.0
19189,2024-04-26,store_8a69b0_697.8_gordons ginebra premium pink frambuesa,B,97000.0
19287,2024-04-26,store_a66708_1.0_hatsu bebida con te blanco sabor a flor de cerezo,B,19900.0
19475,2024-04-26,store_a66708_351.7_natumalta bebida de malta,B,2110.0
19599,2024-04-26,store_a66708_748.8_columbia crest champagne brut,B,62900.0
19698,2024-04-26,store_e6e286_199.7_ponds limpiador facial juice collection gel,B,38950.0
19891,2024-04-26,store_216ad1_350.0_vive 100 energizante ultra,B,2450.0
20378,2024-04-26,store_3284a3_11.9_activade bebida en polvo hidratante tropical fruit,B,1790.0
20605,2024-04-26,store_1c408d_200.0_yogurt deslactosado alpina melocoton vaso 200 g,B,3400.0
20681,2024-04-26,store_1c408d_400.0_postobon acqua agua saborizada sabor manzana,B,1200.0
21050,2024-04-26,store_a1e267_699.2_olmeca tequila reposado,B,87400.0
21208,2024-04-26,store_33070a_1.0_colombiana refresco gaseoso econolitro,B,3100.0
21209,2024-04-26,store_33070a_1.0_cristal agua sin gas,B,2100.0
21271,2024-04-26,store_33070a_250.0_smirnoff ice coctel sabor a manzana verde,B,7000.0
21418,2024-04-26,store_fde6f8_2.0_pony malta bebida de malta,B,6100.0
21468,2024-04-26,store_fde6f8_496.0_mr tea bebida de te sabor durazno,B,2480.0
21513,2024-04-26,store_a6ddbe_1.0_andina cerveza light,B,14900.0
21533,2024-04-26,store_a6ddbe_1.5_pony malta bebida de malta,B,5600.0
21871,2024-04-26,store_27ea4e_1.5_mr tea bebida de te con sabor a durazno,B,5000.0
22142,2024-04-26,store_ae7481_14.0_alkaseltzer 100 mg 14 tabletas,B,20500.0
22179,2024-04-26,store_ae7481_20.0_marlboro vista summer x 20 cigarrillos,B,11100.0
22255,2024-04-26,store_ae7481_403.6_choco krispis cereal de arroz sabor a chocolate,B,22600.0
22305,2024-04-26,store_ae7481_698.8_gran centenario tequila reposado,B,118800.0
22542,2024-04-27,store_3acafd_1.0_cristal agua sin gas,B,1600.0
22556,2024-04-27,store_3acafd_10.0_lucky strike cigarrillo fest,B,5500.0
22592,2024-04-27,store_3acafd_244.4_red bull bebida energizante sandia 250ml,B,6600.0
22666,2024-04-27,store_3acafd_699.2_don julio tequila reposado reservado 100 agave,B,274800.0
22892,2024-04-27,store_8814bd_20.0_marlboro gold x 20 cigarrillos,B,10500.0
23035,2024-04-27,store_8814bd_933.3_colanta leche liquida semidescremada,B,5600.0
23143,2024-04-27,store_8a69b0_697.8_gordons ginebra premium pink frambuesa,B,97000.0
23627,2024-04-27,store_a66708_748.8_columbia crest champagne brut,B,62900.0
23631,2024-04-27,store_a66708_749.1_blanco del valle aguardiente fiesta sin azucar,B,39700.0
23873,2024-04-27,store_216ad1_350.0_vive 100 energizante ultra,B,2450.0
23877,2024-04-27,store_216ad1_4.0_nebido undecanoato de testosterona 1000 mg,B,281650.0
23968,2024-04-27,store_993204_370.3_smirnoff x1 vodka botella,B,23700.0
24141,2024-04-27,store_68fff2_20.0_heets amber selection,B,11000.0
24232,2024-04-27,store_3284a3_11.9_activade bebida en polvo hidratante tropical fruit,B,1790.0
24317,2024-04-27,store_3284a3_50.0_darnel vaso 6 oz naturals bebidas calientes,B,7200.0
24442,2024-04-27,store_1c408d_200.0_yogurt deslactosado alpina melocoton vaso 200 g,B,3400.0
24508,2024-04-27,store_1c408d_400.0_postobon acqua agua saborizada sabor manzana,B,1200.0
24872,2024-04-27,store_a1e267_699.2_olmeca tequila reposado,B,87400.0
25023,2024-04-27,store_33070a_1.0_colombiana refresco gaseoso econolitro,B,3100.0
25024,2024-04-27,store_33070a_1.0_cristal agua sin gas,B,2100.0
25036,2024-04-27,store_33070a_10.0_marlboro rojo x 10 cigarrillos,B,5250.0
25201,2024-04-27,store_fde6f8_1721.8_blanco del valle aguardiente sin azucar,B,87810.0
25335,2024-04-27,store_a6ddbe_1.0_andina cerveza light,B,14900.0
25356,2024-04-27,store_a6ddbe_1.5_pony malta bebida de malta,B,5600.0
25590,2024-04-27,store_a6ddbe_747.1_blanco del valle aguardiente fiesta sin azucar,B,38850.0
25941,2024-04-27,store_ae7481_20.0_marlboro vista summer x 20 cigarrillos,B,11100.0
26004,2024-04-27,store_ae7481_403.6_choco krispis cereal de arroz sabor a chocolate,B,22600.0
26044,2024-04-27,store_ae7481_698.8_gran centenario tequila reposado,B,95040.0
26268,2024-04-28,store_3acafd_1.0_cristal agua sin gas,B,1600.0
26280,2024-04-28,store_3acafd_10.0_lucky strike cigarrillo fest,B,5500.0
26322,2024-04-28,store_3acafd_244.4_red bull bebida energizante sandia 250ml,B,6600.0
26395,2024-04-28,store_3acafd_699.2_don julio tequila reposado reservado 100 agave,B,274800.0
26664,2024-04-28,store_8814bd_20.0_marlboro gold x 20 cigarrillos,B,10500.0
26808,2024-04-28,store_8814bd_933.3_colanta leche liquida semidescremada,B,5600.0
26961,2024-04-28,store_a66708_1.0_hatsu bebida con te blanco sabor a flor de cerezo,B,19900.0
27132,2024-04-28,store_a66708_351.7_natumalta bebida de malta,B,2110.0
27274,2024-04-28,store_a66708_749.1_blanco del valle aguardiente fiesta sin azucar,B,39700.0
27364,2024-04-28,store_e6e286_199.7_ponds limpiador facial juice collection gel,B,38950.0
27528,2024-04-28,store_216ad1_350.0_vive 100 energizante ultra,B,2450.0
27690,2024-04-28,store_993204_370.3_smirnoff x1 vodka botella,B,23700.0
27789,2024-04-28,store_6ebc6b_362.5_vive 100 energizante ultra,B,2900.0
27892,2024-04-28,store_3284a3_11.9_activade bebida en polvo hidratante tropical fruit,B,1790.0
28108,2024-04-28,store_1c408d_200.0_yogurt deslactosado alpina melocoton vaso 200 g,B,3400.0
28171,2024-04-28,store_1c408d_400.0_postobon acqua agua saborizada sabor manzana,B,1200.0
28322,2024-04-28,store_0133c2_1.0_vape vapeador desechable pina mentolada 1500 puff vaal,B,50000.0
28330,2024-04-28,store_0133c2_1.0_vape vapeador raspberry lemonade 3000 puff juice head bars,B,75000.0
28473,2024-04-28,store_a1e267_1000.0_grand old parr 12 anos whisky escoces blended scotch premium,B,183000.0
28616,2024-04-28,store_a1e267_699.2_olmeca tequila reposado,B,87400.0
28701,2024-04-28,store_33070a_1.0_cristal agua sin gas,B,2100.0
28716,2024-04-28,store_33070a_10.0_marlboro rojo x 10 cigarrillos,B,5250.0
28898,2024-04-28,store_fde6f8_1721.8_blanco del valle aguardiente sin azucar,B,87810.0
28915,2024-04-28,store_fde6f8_2.0_pony malta bebida de malta,B,6100.0
28969,2024-04-28,store_fde6f8_496.0_mr tea bebida de te sabor durazno,B,2480.0
29060,2024-04-28,store_a6ddbe_1.5_pony malta bebida de malta,B,5600.0
29331,2024-04-28,store_a6ddbe_747.1_blanco del valle aguardiente fiesta sin azucar,B,38850.0
29407,2024-04-28,store_27ea4e_1.5_mr tea bebida de te con sabor a durazno,B,5000.0
29738,2024-04-28,store_ae7481_20.0_marlboro vista summer x 20 cigarrillos,B,11100.0
29798,2024-04-28,store_ae7481_403.6_choco krispis cereal de arroz sabor a chocolate,B,22600.0
29848,2024-04-28,store_ae7481_698.8_gran centenario tequila reposado,B,95040.0
30098,2024-04-29,store_3acafd_1.0_cristal agua sin gas,B,1600.0
30117,2024-04-29,store_3acafd_10.0_lucky strike cigarrillo fest,B,5500.0
30159,2024-04-29,store_3acafd_244.4_red bull bebida energizante sandia 250ml,B,6600.0
30243,2024-04-29,store_3acafd_699.2_don julio tequila reposado reservado 100 agave,B,274800.0
30733,2024-04-29,store_8814bd_933.3_colanta leche liquida semidescremada,B,5600.0
30876,2024-04-29,store_8a69b0_697.8_gordons ginebra premium pink frambuesa,B,97000.0
31055,2024-04-29,store_a66708_1.0_hatsu bebida con te blanco sabor a flor de cerezo,B,19900.0
31240,2024-04-29,store_a66708_351.7_natumalta bebida de malta,B,2110.0
31379,2024-04-29,store_a66708_748.8_columbia crest champagne brut,B,62900.0
31470,2024-04-29,store_e6e286_199.7_ponds limpiador facial juice collection gel,B,38950.0
31645,2024-04-29,store_216ad1_350.0_vive 100 energizante ultra,B,2450.0
31652,2024-04-29,store_216ad1_4.0_nebido undecanoato de testosterona 1000 mg,B,281650.0
31776,2024-04-29,store_993204_370.3_smirnoff x1 vodka botella,B,23700.0
31894,2024-04-29,store_6ebc6b_362.5_vive 100 energizante ultra,B,2900.0
31995,2024-04-29,store_68fff2_20.0_heets amber selection,B,11000.0
32171,2024-04-29,store_3284a3_50.0_darnel vaso 6 oz naturals bebidas calientes,B,7200.0
32386,2024-04-29,store_1c408d_400.0_postobon acqua agua saborizada sabor manzana,B,1200.0
32530,2024-04-29,store_0133c2_1.0_vape vapeador desechable pina mentolada 1500 puff vaal,B,50000.0
32541,2024-04-29,store_0133c2_1.0_vape vapeador raspberry lemonade 3000 puff juice head bars,B,75000.0
32775,2024-04-29,store_a1e267_699.2_olmeca tequila reposado,B,87400.0
32906,2024-04-29,store_33070a_1.0_colombiana refresco gaseoso econolitro,B,3100.0
32907,2024-04-29,store_33070a_1.0_cristal agua sin gas,B,2100.0
32975,2024-04-29,store_33070a_250.0_smirnoff ice coctel sabor a manzana verde,B,7000.0
33150,2024-04-29,store_fde6f8_2.0_pony malta bebida de malta,B,6100.0
33218,2024-04-29,store_fde6f8_496.0_mr tea bebida de te sabor durazno,B,2480.0
33308,2024-04-29,store_a6ddbe_1.5_pony malta bebida de malta,B,5600.0
33660,2024-04-29,store_27ea4e_1.5_mr tea bebida de te con sabor a durazno,B,5000.0
33952,2024-04-29,store_ae7481_14.0_alkaseltzer 100 mg 14 tabletas,B,20500.0
34056,2024-04-29,store_ae7481_403.6_choco krispis cereal de arroz sabor a chocolate,B,22600.0
34096,2024-04-29,store_ae7481_698.8_gran centenario tequila reposado,B,118800.0
34404,2024-05-01,store_3acafd_244.4_red bull bebida energizante sandia 250ml,B,6600.0
34488,2024-05-01,store_3acafd_699.2_don julio tequila reposado reservado 100 agave,B,274800.0
34760,2024-05-01,store_8814bd_20.0_marlboro gold x 20 cigarrillos,B,10500.0
34904,2024-05-01,store_8814bd_933.3_colanta leche liquida semidescremada,B,5600.0
35032,2024-05-01,store_8a69b0_697.8_gordons ginebra premium pink frambuesa,B,97000.0
35284,2024-05-01,store_a66708_351.7_natumalta bebida de malta,B,2110.0
35398,2024-05-01,store_a66708_748.8_columbia crest champagne brut,B,62900.0
35402,2024-05-01,store_a66708_749.1_blanco del valle aguardiente fiesta sin azucar,B,39700.0
35593,2024-05-01,store_216ad1_350.0_vive 100 energizante ultra,B,2450.0
35601,2024-05-01,store_216ad1_4.0_nebido undecanoato de testosterona 1000 mg,B,281650.0
35762,2024-05-01,store_993204_370.3_smirnoff x1 vodka botella,B,23700.0
35874,2024-05-01,store_6ebc6b_362.5_vive 100 energizante ultra,B,2900.0
35969,2024-05-01,store_3284a3_11.9_activade bebida en polvo hidratante tropical fruit,B,1790.0
36063,2024-05-01,store_3284a3_50.0_darnel vaso 6 oz naturals bebidas calientes,B,7200.0
36185,2024-05-01,store_1c408d_200.0_yogurt deslactosado alpina melocoton vaso 200 g,B,3400.0
36260,2024-05-01,store_1c408d_400.0_postobon acqua agua saborizada sabor manzana,B,1200.0
36361,2024-05-01,store_0133c2_1.0_vape vapeador desechable pina mentolada 1500 puff vaal,B,50000.0
36368,2024-05-01,store_0133c2_1.0_vape vapeador raspberry lemonade 3000 puff juice head bars,B,75000.0
36440,2024-05-01,store_a1e267_1162.5_h2oh agua saborizada limonata,B,4650.0
36581,2024-05-01,store_a1e267_699.2_olmeca tequila reposado,B,87400.0
36683,2024-05-01,store_33070a_1.0_colombiana refresco gaseoso econolitro,B,3100.0
36700,2024-05-01,store_33070a_10.0_marlboro rojo x 10 cigarrillos,B,5250.0
36870,2024-05-01,store_fde6f8_1721.8_blanco del valle aguardiente sin azucar,B,87810.0
36889,2024-05-01,store_fde6f8_2.0_pony malta bebida de malta,B,6100.0
37000,2024-05-01,store_a6ddbe_1.0_andina cerveza light,B,14900.0
37014,2024-05-01,store_a6ddbe_1.5_pony malta bebida de malta,B,5600.0
37236,2024-05-01,store_a6ddbe_747.1_blanco del valle aguardiente fiesta sin azucar,B,38850.0
37554,2024-05-01,store_ae7481_14.0_alkaseltzer 100 mg 14 tabletas,B,20500.0
37586,2024-05-01,store_ae7481_20.0_marlboro vista summer x 20 cigarrillos,B,11100.0
37658,2024-05-01,store_ae7481_403.6_choco krispis cereal de arroz sabor a chocolate,B,22600.0
37698,2024-05-01,store_ae7481_698.8_gran centenario tequila reposado,B,95040.0
37941,2024-05-02,store_3acafd_1.0_cristal agua sin gas,B,1600.0
37951,2024-05-02,store_3acafd_10.0_lucky strike cigarrillo fest,B,5500.0
38069,2024-05-02,store_3acafd_699.2_don julio tequila reposado reservado 100 agave,B,274800.0
38313,2024-05-02,store_8814bd_20.0_marlboro gold x 20 cigarrillos,B,10500.0
38399,2024-05-02,store_8814bd_699.2_absolut vodka original,B,92300.0
38433,2024-05-02,store_8814bd_933.3_colanta leche liquida semidescremada,B,5600.0
38573,2024-05-02,store_8a69b0_697.8_gordons ginebra premium pink frambuesa,B,97000.0
38822,2024-05-02,store_a66708_351.7_natumalta bebida de malta,B,2110.0
38931,2024-05-02,store_a66708_749.1_blanco del valle aguardiente fiesta sin azucar,B,39700.0
39014,2024-05-02,store_e6e286_199.7_ponds limpiador facial juice collection gel,B,38950.0
39156,2024-05-02,store_216ad1_350.0_vive 100 energizante ultra,B,2450.0
39163,2024-05-02,store_216ad1_4.0_nebido undecanoato de testosterona 1000 mg,B,281650.0
39262,2024-05-02,store_993204_370.3_smirnoff x1 vodka botella,B,23700.0
39373,2024-05-02,store_6ebc6b_362.5_vive 100 energizante ultra,B,2900.0
39458,2024-05-02,store_68fff2_20.0_heets amber selection,B,11000.0
39556,2024-05-02,store_3284a3_11.9_activade bebida en polvo hidratante tropical fruit,B,1790.0
39661,2024-05-02,store_3284a3_50.0_darnel vaso 6 oz naturals bebidas calientes,B,7200.0
39792,2024-05-02,store_1c408d_200.0_yogurt deslactosado alpina melocoton vaso 200 g,B,3400.0
39987,2024-05-02,store_0133c2_1.0_vape vapeador desechable pina mentolada 1500 puff vaal,B,50000.0
39994,2024-05-02,store_0133c2_1.0_vape vapeador raspberry lemonade 3000 puff juice head bars,B,75000.0
40225,2024-05-02,store_a1e267_699.2_olmeca tequila reposado,B,87400.0
40396,2024-05-02,store_33070a_1.0_colombiana refresco gaseoso econolitro,B,3100.0
40406,2024-05-02,store_33070a_10.0_marlboro rojo x 10 cigarrillos,B,5250.0
40445,2024-05-02,store_33070a_250.0_smirnoff ice coctel sabor a manzana verde,B,7000.0
40542,2024-05-02,store_fde6f8_1721.8_blanco del valle aguardiente sin azucar,B,87810.0
40562,2024-05-02,store_fde6f8_2.0_pony malta bebida de malta,B,6100.0
40670,2024-05-02,store_a6ddbe_1.0_andina cerveza light,B,14900.0
40684,2024-05-02,store_a6ddbe_1.5_pony malta bebida de malta,B,5600.0
40917,2024-05-02,store_a6ddbe_747.1_blanco del valle aguardiente fiesta sin azucar,B,38850.0
41283,2024-05-02,store_ae7481_20.0_marlboro vista summer x 20 cigarrillos,B,11100.0
41348,2024-05-02,store_ae7481_403.6_choco krispis cereal de arroz sabor a chocolate,B,22600.0
41387,2024-05-02,store_ae7481_698.8_gran centenario tequila reposado,B,118800.0
41661,2024-05-15,store_3acafd_1.0_cristal agua sin gas,B,1600.0
41670,2024-05-15,store_3acafd_10.0_lucky strike cigarrillo fest,B,5500.0
41705,2024-05-15,store_3acafd_244.4_red bull bebida energizante sandia 250ml,B,6600.0
41918,2024-05-15,store_fbe6e6_369.0_del valle aguardiente balnco sin azucar,B,21400.0
42064,2024-05-15,store_8814bd_20.0_marlboro gold x 20 cigarrillos,B,10500.0
42199,2024-05-15,store_8814bd_933.3_colanta leche liquida semidescremada,B,5600.0
42308,2024-05-15,store_8a69b0_697.8_gordons ginebra premium pink frambuesa,B,97000.0
42430,2024-05-15,store_a66708_1.0_hatsu bebida con te blanco sabor a flor de cerezo,B,19900.0
42604,2024-05-15,store_a66708_351.7_natumalta bebida de malta,B,2110.0
42725,2024-05-15,store_a66708_749.1_blanco del valle aguardiente fiesta sin azucar,B,39700.0
42812,2024-05-15,store_e6e286_199.7_ponds limpiador facial juice collection gel,B,38950.0
42890,2024-05-15,store_e6e286_500.0_bebida hidratante powerade mountain blast 500ml,B,3500.0
42942,2024-05-15,store_216ad1_350.0_vive 100 energizante ultra,B,2450.0
42949,2024-05-15,store_216ad1_4.0_nebido undecanoato de testosterona 1000 mg,B,308400.0
43089,2024-05-15,store_993204_370.3_smirnoff x1 vodka botella,B,23700.0
43218,2024-05-15,store_6ebc6b_362.5_vive 100 energizante ultra,B,2900.0
43327,2024-05-15,store_3284a3_11.9_activade bebida en polvo hidratante tropical fruit,B,1790.0
43416,2024-05-15,store_3284a3_50.0_darnel vaso 6 oz naturals bebidas calientes,B,7200.0
43588,2024-05-15,store_1c408d_400.0_postobon acqua agua saborizada sabor manzana,B,1200.0
43721,2024-05-15,store_0133c2_1.0_vape vapeador desechable pina mentolada 1500 puff vaal,B,50000.0
43729,2024-05-15,store_0133c2_1.0_vape vapeador raspberry lemonade 3000 puff juice head bars,B,75000.0
43809,2024-05-15,store_a1e267_1162.5_h2oh agua saborizada limonata,B,4650.0
44080,2024-05-15,store_33070a_1.0_colombiana refresco gaseoso econolitro,B,3100.0
44082,2024-05-15,store_33070a_1.0_cristal agua sin gas,B,2100.0
44098,2024-05-15,store_33070a_10.0_marlboro rojo x 10 cigarrillos,B,5250.0
44146,2024-05-15,store_33070a_250.0_smirnoff ice coctel sabor a manzana verde,B,7000.0
44268,2024-05-15,store_fde6f8_1721.8_blanco del valle aguardiente sin azucar,B,87810.0
44347,2024-05-15,store_fde6f8_496.0_mr tea bebida de te sabor durazno,B,2480.0
44411,2024-05-15,store_a6ddbe_1.5_pony malta bebida de malta,B,5600.0
44654,2024-05-15,store_a6ddbe_747.1_blanco del valle aguardiente fiesta sin azucar,B,38850.0
44719,2024-05-15,store_27ea4e_1.5_mr tea bebida de te con sabor a durazno,B,5000.0
44941,2024-05-15,store_ae7481_1.0_vapeador desechable vuse go max berry blend 3 paquetex1und,B,36090.0
44991,2024-05-15,store_ae7481_14.0_alkaseltzer 100 mg 14 tabletas,B,20500.0
45029,2024-05-15,store_ae7481_20.0_marlboro vista summer x 20 cigarrillos,B,11100.0
45104,2024-05-15,store_ae7481_403.6_choco krispis cereal de arroz sabor a chocolate,B,22600.0
45193,2024-05-15,store_37eccc_1.0_vapeador desechable vuse go max watermelon ice 3 paquetex1u,B,40000.0
45389,2024-05-16,store_3acafd_1.0_cristal agua sin gas,B,1600.0
45403,2024-05-16,store_3acafd_10.0_lucky strike cigarrillo fest,B,5500.0
45431,2024-05-16,store_3acafd_244.4_red bull bebida energizante sandia 250ml,B,6600.0
45505,2024-05-16,store_3acafd_699.2_don julio tequila reposado reservado 100 agave,B,274800.0
45635,2024-05-16,store_fbe6e6_369.0_del valle aguardiente balnco sin azucar,B,21400.0
45859,2024-05-16,store_8814bd_699.2_absolut vodka original,B,92300.0
46288,2024-05-16,store_a66708_1.0_hatsu bebida con te blanco sabor a flor de cerezo,B,19900.0
46502,2024-05-16,store_a66708_749.1_blanco del valle aguardiente fiesta sin azucar,B,39700.0
46559,2024-05-16,store_e6e286_199.7_ponds limpiador facial juice collection gel,B,38950.0
46624,2024-05-16,store_e6e286_500.0_bebida hidratante powerade mountain blast 500ml,B,3500.0
46692,2024-05-16,store_216ad1_350.0_vive 100 energizante ultra,B,2450.0
46846,2024-05-16,store_6ebc6b_362.5_vive 100 energizante ultra,B,2900.0
46941,2024-05-16,store_68fff2_20.0_heets amber selection,B,11000.0
47031,2024-05-16,store_3284a3_11.9_activade bebida en polvo hidratante tropical fruit,B,1790.0
47116,2024-05-16,store_3284a3_50.0_darnel vaso 6 oz naturals bebidas calientes,B,7200.0
47289,2024-05-16,store_1c408d_400.0_postobon acqua agua saborizada sabor manzana,B,1200.0
47424,2024-05-16,store_0133c2_1.0_vape vapeador desechable pina mentolada 1500 puff vaal,B,50000.0
47430,2024-05-16,store_0133c2_1.0_vape vapeador raspberry lemonade 3000 puff juice head bars,B,75000.0
47747,2024-05-16,store_33070a_1.0_colombiana refresco gaseoso econolitro,B,3100.0
47749,2024-05-16,store_33070a_1.0_cristal agua sin gas,B,2100.0
47765,2024-05-16,store_33070a_10.0_marlboro rojo x 10 cigarrillos,B,5250.0
47911,2024-05-16,store_fde6f8_1721.8_blanco del valle aguardiente sin azucar,B,87810.0
47982,2024-05-16,store_fde6f8_496.0_mr tea bebida de te sabor durazno,B,2480.0
48051,2024-05-16,store_a6ddbe_1.5_pony malta bebida de malta,B,5600.0
48283,2024-05-16,store_a6ddbe_747.1_blanco del valle aguardiente fiesta sin azucar,B,38850.0
48351,2024-05-16,store_27ea4e_1.5_mr tea bebida de te con sabor a durazno,B,5000.0
48586,2024-05-16,store_ae7481_1.0_vapeador desechable vuse go max berry blend 3 paquetex1und,B,40100.0
48631,2024-05-16,store_ae7481_14.0_alkaseltzer 100 mg 14 tabletas,B,20500.0
48657,2024-05-16,store_ae7481_20.0_marlboro vista summer x 20 cigarrillos,B,11100.0
48661,2024-05-16,store_ae7481_228.6_fanta gaseosa rojo,B,3200.0
48726,2024-05-16,store_ae7481_403.6_choco krispis cereal de arroz sabor a chocolate,B,22600.0
48739,2024-05-16,store_ae7481_483.3_mr tea bebida de te sabor natural a limon,B,2900.0
48765,2024-05-16,store_ae7481_698.8_gran centenario tequila reposado,B,95040.0
48831,2024-05-16,store_37eccc_1.0_vapeador desechable vuse go max watermelon ice 3 paquetex1u,B,40000.0
48995,2024-05-17,store_3acafd_1.0_cristal agua sin gas,B,1600.0
49037,2024-05-17,store_3acafd_244.4_red bull bebida energizante sandia 250ml,B,6600.0
49114,2024-05-17,store_3acafd_699.2_don julio tequila reposado reservado 100 agave,B,274800.0
49246,2024-05-17,store_fbe6e6_369.0_del valle aguardiente balnco sin azucar,B,21400.0
49474,2024-05-17,store_8814bd_699.2_absolut vodka original,B,92300.0
49610,2024-05-17,store_8a69b0_697.8_gordons ginebra premium pink frambuesa,B,97000.0
49746,2024-05-17,store_a66708_1.0_hatsu bebida con te blanco sabor a flor de cerezo,B,19900.0
49889,2024-05-17,store_a66708_351.7_natumalta bebida de malta,B,2110.0
50019,2024-05-17,store_a66708_749.1_blanco del valle aguardiente fiesta sin azucar,B,39700.0
50104,2024-05-17,store_e6e286_199.7_ponds limpiador facial juice collection gel,B,38950.0
50177,2024-05-17,store_e6e286_500.0_bebida hidratante powerade mountain blast 500ml,B,3500.0
50224,2024-05-17,store_216ad1_350.0_vive 100 energizante ultra,B,2450.0
50336,2024-05-17,store_993204_370.3_smirnoff x1 vodka botella,B,23700.0
50442,2024-05-17,store_6ebc6b_362.5_vive 100 energizante ultra,B,2900.0
50508,2024-05-17,store_68fff2_20.0_heets amber selection,B,11000.0
50590,2024-05-17,store_3284a3_11.9_activade bebida en polvo hidratante tropical fruit,B,1790.0
50850,2024-05-17,store_1c408d_400.0_postobon acqua agua saborizada sabor manzana,B,1200.0
50966,2024-05-17,store_0133c2_1.0_vape vapeador raspberry lemonade 3000 puff juice head bars,B,75000.0
51026,2024-05-17,store_a1e267_1162.5_h2oh agua saborizada limonata,B,4650.0
51163,2024-05-17,store_a1e267_699.2_olmeca tequila reposado,B,87400.0
51259,2024-05-17,store_33070a_1.0_colombiana refresco gaseoso econolitro,B,3100.0
51261,2024-05-17,store_33070a_1.0_cristal agua sin gas,B,2100.0
51455,2024-05-17,store_fde6f8_1721.8_blanco del valle aguardiente sin azucar,B,87810.0
51477,2024-05-17,store_fde6f8_2.0_pony malta bebida de malta,B,6100.0
51537,2024-05-17,store_fde6f8_496.0_mr tea bebida de te sabor durazno,B,2480.0
51616,2024-05-17,store_a6ddbe_1.5_pony malta bebida de malta,B,5600.0
51866,2024-05-17,store_a6ddbe_747.1_blanco del valle aguardiente fiesta sin azucar,B,38850.0
51950,2024-05-17,store_27ea4e_1.5_mr tea bebida de te con sabor a durazno,B,5000.0
52235,2024-05-17,store_ae7481_14.0_alkaseltzer 100 mg 14 tabletas,B,20500.0
52263,2024-05-17,store_ae7481_20.0_marlboro vista summer x 20 cigarrillos,B,11100.0
52275,2024-05-17,store_ae7481_228.6_fanta gaseosa rojo,B,3200.0
52339,2024-05-17,store_ae7481_403.6_choco krispis cereal de arroz sabor a chocolate,B,22600.0
52352,2024-05-17,store_ae7481_483.3_mr tea bebida de te sabor natural a limon,B,2900.0
52381,2024-05-17,store_ae7481_698.8_gran centenario tequila reposado,B,95040.0
52450,2024-05-17,store_37eccc_1.0_vapeador desechable vuse go max watermelon ice 3 paquetex1u,B,40000.0
52633,2024-05-18,store_3acafd_1.0_cristal agua sin gas,B,1600.0
52675,2024-05-18,store_3acafd_244.4_red bull bebida energizante sandia 250ml,B,6600.0
52755,2024-05-18,store_3acafd_699.2_don julio tequila reposado reservado 100 agave,B,274800.0
52888,2024-05-18,store_fbe6e6_369.0_del valle aguardiente balnco sin azucar,B,21400.0
53266,2024-05-18,store_8a69b0_697.8_gordons ginebra premium pink frambuesa,B,97000.0
53386,2024-05-18,store_a66708_1.0_hatsu bebida con te blanco sabor a flor de cerezo,B,19900.0
53554,2024-05-18,store_a66708_351.7_natumalta bebida de malta,B,2110.0
53684,2024-05-18,store_a66708_749.1_blanco del valle aguardiente fiesta sin azucar,B,39700.0
53772,2024-05-18,store_e6e286_199.7_ponds limpiador facial juice collection gel,B,38950.0
53857,2024-05-18,store_e6e286_500.0_bebida hidratante powerade mountain blast 500ml,B,3500.0
53899,2024-05-18,store_216ad1_350.0_vive 100 energizante ultra,B,2450.0
53905,2024-05-18,store_216ad1_4.0_nebido undecanoato de testosterona 1000 mg,B,308400.0
54171,2024-05-18,store_6ebc6b_362.5_vive 100 energizante ultra,B,2900.0
54256,2024-05-18,store_68fff2_20.0_heets amber selection,B,11000.0
54324,2024-05-18,store_3284a3_11.9_activade bebida en polvo hidratante tropical fruit,B,1790.0
54408,2024-05-18,store_3284a3_50.0_darnel vaso 6 oz naturals bebidas calientes,B,7200.0
54612,2024-05-18,store_1c408d_400.0_postobon acqua agua saborizada sabor manzana,B,1200.0
54746,2024-05-18,store_0133c2_1.0_vape vapeador raspberry lemonade 3000 puff juice head bars,B,75000.0
54813,2024-05-18,store_a1e267_1162.5_h2oh agua saborizada limonata,B,4650.0
54975,2024-05-18,store_a1e267_699.2_olmeca tequila reposado,B,87400.0
55098,2024-05-18,store_33070a_1.0_colombiana refresco gaseoso econolitro,B,3100.0
55099,2024-05-18,store_33070a_1.0_cristal agua sin gas,B,2100.0
55119,2024-05-18,store_33070a_10.0_marlboro rojo x 10 cigarrillos,B,5250.0
55158,2024-05-18,store_33070a_250.0_smirnoff ice coctel sabor a manzana verde,B,7000.0
55280,2024-05-18,store_fde6f8_1721.8_blanco del valle aguardiente sin azucar,B,87810.0
55301,2024-05-18,store_fde6f8_2.0_pony malta bebida de malta,B,6100.0
55360,2024-05-18,store_fde6f8_496.0_mr tea bebida de te sabor durazno,B,2480.0
55415,2024-05-18,store_a6ddbe_1.0_andina cerveza light,B,11900.0
55440,2024-05-18,store_a6ddbe_1.5_pony malta bebida de malta,B,5600.0
55691,2024-05-18,store_a6ddbe_747.1_blanco del valle aguardiente fiesta sin azucar,B,38850.0
55755,2024-05-18,store_27ea4e_1.5_mr tea bebida de te con sabor a durazno,B,5000.0
56056,2024-05-18,store_ae7481_20.0_marlboro vista summer x 20 cigarrillos,B,11100.0
56067,2024-05-18,store_ae7481_228.6_fanta gaseosa rojo,B,3200.0
56132,2024-05-18,store_ae7481_403.6_choco krispis cereal de arroz sabor a chocolate,B,22600.0
56147,2024-05-18,store_ae7481_483.3_mr tea bebida de te sabor natural a limon,B,2900.0
56176,2024-05-18,store_ae7481_698.8_gran centenario tequila reposado,B,95040.0
56242,2024-05-18,store_37eccc_1.0_vapeador desechable vuse go max watermelon ice 3 paquetex1u,B,40000.0
56421,2024-05-19,store_3acafd_1.0_cristal agua sin gas,B,1600.0
56434,2024-05-19,store_3acafd_10.0_lucky strike cigarrillo fest,B,5500.0
56469,2024-05-19,store_3acafd_244.4_red bull bebida energizante sandia 250ml,B,6600.0
56555,2024-05-19,store_3acafd_699.2_don julio tequila reposado reservado 100 agave,B,274800.0
56696,2024-05-19,store_fbe6e6_369.0_del valle aguardiente balnco sin azucar,B,21400.0
56835,2024-05-19,store_8814bd_20.0_marlboro gold x 20 cigarrillos,B,10500.0
56939,2024-05-19,store_8814bd_699.2_absolut vodka original,B,92300.0
57133,2024-05-19,store_8a69b0_697.8_gordons ginebra premium pink frambuesa,B,97000.0
57238,2024-05-19,store_a66708_1.0_hatsu bebida con te blanco sabor a flor de cerezo,B,19900.0
57413,2024-05-19,store_a66708_351.7_natumalta bebida de malta,B,2110.0
57541,2024-05-19,store_a66708_749.1_blanco del valle aguardiente fiesta sin azucar,B,39700.0
57624,2024-05-19,store_e6e286_199.7_ponds limpiador facial juice collection gel,B,38950.0
57702,2024-05-19,store_e6e286_500.0_bebida hidratante powerade mountain blast 500ml,B,3500.0
57758,2024-05-19,store_216ad1_350.0_vive 100 energizante ultra,B,2450.0
57764,2024-05-19,store_216ad1_4.0_nebido undecanoato de testosterona 1000 mg,B,308400.0
57891,2024-05-19,store_993204_370.3_smirnoff x1 vodka botella,B,23700.0
58010,2024-05-19,store_6ebc6b_362.5_vive 100 energizante ultra,B,2900.0
58096,2024-05-19,store_3284a3_11.9_activade bebida en polvo hidratante tropical fruit,B,1790.0
58179,2024-05-19,store_3284a3_50.0_darnel vaso 6 oz naturals bebidas calientes,B,7200.0
58315,2024-05-19,store_1c408d_200.0_yogurt deslactosado alpina melocoton vaso 200 g,B,3400.0
58384,2024-05-19,store_1c408d_400.0_postobon acqua agua saborizada sabor manzana,B,1200.0
58521,2024-05-19,store_0133c2_1.0_vape vapeador raspberry lemonade 3000 puff juice head bars,B,75000.0
58586,2024-05-19,store_a1e267_1162.5_h2oh agua saborizada limonata,B,4650.0
58747,2024-05-19,store_a1e267_699.2_olmeca tequila reposado,B,87400.0
58853,2024-05-19,store_33070a_1.0_colombiana refresco gaseoso econolitro,B,3100.0
58854,2024-05-19,store_33070a_1.0_cristal agua sin gas,B,2100.0
58873,2024-05-19,store_33070a_10.0_marlboro rojo x 10 cigarrillos,B,5250.0
58922,2024-05-19,store_33070a_250.0_smirnoff ice coctel sabor a manzana verde,B,7000.0
59054,2024-05-19,store_fde6f8_1721.8_blanco del valle aguardiente sin azucar,B,87810.0
59073,2024-05-19,store_fde6f8_2.0_pony malta bebida de malta,B,6100.0
59134,2024-05-19,store_fde6f8_496.0_mr tea bebida de te sabor durazno,B,2480.0
59199,2024-05-19,store_a6ddbe_1.0_andina cerveza light,B,11900.0
59220,2024-05-19,store_a6ddbe_1.5_pony malta bebida de malta,B,5600.0
59475,2024-05-19,store_a6ddbe_747.1_blanco del valle aguardiente fiesta sin azucar,B,38850.0
59553,2024-05-19,store_27ea4e_1.5_mr tea bebida de te con sabor a durazno,B,5000.0
59811,2024-05-19,store_ae7481_14.0_alkaseltzer 100 mg 14 tabletas,B,20500.0
59841,2024-05-19,store_ae7481_20.0_marlboro vista summer x 20 cigarrillos,B,11100.0
59857,2024-05-19,store_ae7481_228.6_fanta gaseosa rojo,B,3200.0
59924,2024-05-19,store_ae7481_403.6_choco krispis cereal de arroz sabor a chocolate,B,22600.0
59937,2024-05-19,store_ae7481_483.3_mr tea bebida de te sabor natural a limon,B,2900.0
59966,2024-05-19,store_ae7481_698.8_gran centenario tequila reposado,B,118800.0
60030,2024-05-19,store_37eccc_1.0_vapeador desechable vuse go max watermelon ice 3 paquetex1u,B,40000.0
60219,2024-05-21,store_3acafd_1.0_cristal agua sin gas,B,1600.0
60256,2024-05-21,store_3acafd_244.4_red bull bebida energizante sandia 250ml,B,6600.0
60346,2024-05-21,store_3acafd_699.2_don julio tequila reposado reservado 100 agave,B,274800.0
60468,2024-05-21,store_fbe6e6_369.0_del valle aguardiente balnco sin azucar,B,21400.0
60622,2024-05-21,store_8814bd_20.0_marlboro gold x 20 cigarrillos,B,10500.0
60721,2024-05-21,store_8814bd_699.2_absolut vodka original,B,92300.0
60881,2024-05-21,store_8a69b0_697.8_gordons ginebra premium pink frambuesa,B,97000.0
60977,2024-05-21,store_a66708_1.0_hatsu bebida con te blanco sabor a flor de cerezo,B,19900.0
61133,2024-05-21,store_a66708_351.7_natumalta bebida de malta,B,2110.0
61258,2024-05-21,store_a66708_749.1_blanco del valle aguardiente fiesta sin azucar,B,39700.0
61344,2024-05-21,store_e6e286_199.7_ponds limpiador facial juice collection gel,B,38950.0
61413,2024-05-21,store_e6e286_500.0_bebida hidratante powerade mountain blast 500ml,B,3500.0
61471,2024-05-21,store_216ad1_350.0_vive 100 energizante ultra,B,2450.0
61732,2024-05-21,store_6ebc6b_362.5_vive 100 energizante ultra,B,2900.0
61897,2024-05-21,store_68fff2_20.0_heets amber selection,B,11000.0
61985,2024-05-21,store_3284a3_11.9_activade bebida en polvo hidratante tropical fruit,B,1790.0
62203,2024-05-21,store_1c408d_200.0_yogurt deslactosado alpina melocoton vaso 200 g,B,3400.0
62273,2024-05-21,store_1c408d_400.0_postobon acqua agua saborizada sabor manzana,B,1200.0
62423,2024-05-21,store_0133c2_1.0_vape vapeador desechable pina mentolada 1500 puff vaal,B,37500.0
62433,2024-05-21,store_0133c2_1.0_vape vapeador raspberry lemonade 3000 puff juice head bars,B,75000.0
62518,2024-05-21,store_a1e267_1000.0_grand old parr 12 anos whisky escoces blended scotch premium,B,183000.0
62520,2024-05-21,store_a1e267_1162.5_h2oh agua saborizada limonata,B,4650.0
62646,2024-05-21,store_a1e267_699.2_olmeca tequila reposado,B,87400.0
62752,2024-05-21,store_33070a_1.0_colombiana refresco gaseoso econolitro,B,3100.0
62753,2024-05-21,store_33070a_1.0_cristal agua sin gas,B,2100.0
62771,2024-05-21,store_33070a_10.0_marlboro rojo x 10 cigarrillos,B,5250.0
62819,2024-05-21,store_33070a_250.0_smirnoff ice coctel sabor a manzana verde,B,7000.0
62957,2024-05-21,store_fde6f8_1721.8_blanco del valle aguardiente sin azucar,B,87810.0
62976,2024-05-21,store_fde6f8_2.0_pony malta bebida de malta,B,6100.0
63032,2024-05-21,store_fde6f8_496.0_mr tea bebida de te sabor durazno,B,2480.0
63084,2024-05-21,store_a6ddbe_1.0_andina cerveza light,B,14900.0
63106,2024-05-21,store_a6ddbe_1.5_pony malta bebida de malta,B,5600.0
63356,2024-05-21,store_a6ddbe_747.1_blanco del valle aguardiente fiesta sin azucar,B,38850.0
63386,2024-05-21,store_a6ddbe_750.0_dom perignon champagne luminous brut,B,1590000.0
63425,2024-05-21,store_27ea4e_1.5_mr tea bebida de te con sabor a durazno,B,5000.0
63629,2024-05-21,store_ae7481_1.0_vapeador desechable vuse go max berry blend 3 paquetex1und,B,33685.0
63671,2024-05-21,store_ae7481_14.0_alkaseltzer 100 mg 14 tabletas,B,20500.0
63721,2024-05-21,store_ae7481_228.6_fanta gaseosa rojo,B,3200.0
63790,2024-05-21,store_ae7481_403.6_choco krispis cereal de arroz sabor a chocolate,B,22600.0
63806,2024-05-21,store_ae7481_483.3_mr tea bebida de te sabor natural a limon,B,2900.0
63839,2024-05-21,store_ae7481_698.8_gran centenario tequila reposado,B,118800.0
63912,2024-05-21,store_37eccc_1.0_vapeador desechable vuse go max watermelon ice 3 paquetex1u,B,40000.0
64139,2024-05-22,store_3acafd_1.0_cristal agua sin gas,B,1600.0
64147,2024-05-22,store_3acafd_10.0_lucky strike cigarrillo fest,B,5500.0
64172,2024-05-22,store_3acafd_244.4_red bull bebida energizante sandia 250ml,B,6600.0
64248,2024-05-22,store_3acafd_699.2_don julio tequila reposado reservado 100 agave,B,274800.0
64348,2024-05-22,store_fbe6e6_369.0_del valle aguardiente balnco sin azucar,B,21400.0
64551,2024-05-22,store_8814bd_699.2_absolut vodka original,B,92300.0
64676,2024-05-22,store_8a69b0_697.8_gordons ginebra premium pink frambuesa,B,97000.0
64763,2024-05-22,store_a66708_1.0_hatsu bebida con te blanco sabor a flor de cerezo,B,19900.0
64902,2024-05-22,store_a66708_351.7_natumalta bebida de malta,B,2110.0
65001,2024-05-22,store_a66708_749.1_blanco del valle aguardiente fiesta sin azucar,B,39700.0
65066,2024-05-22,store_e6e286_199.7_ponds limpiador facial juice collection gel,B,38950.0
65137,2024-05-22,store_e6e286_500.0_bebida hidratante powerade mountain blast 500ml,B,3500.0
65196,2024-05-22,store_216ad1_350.0_vive 100 energizante ultra,B,2450.0
65319,2024-05-22,store_993204_370.3_smirnoff x1 vodka botella,B,23700.0
65418,2024-05-22,store_6ebc6b_362.5_vive 100 energizante ultra,B,2900.0
65673,2024-05-22,store_3284a3_11.9_activade bebida en polvo hidratante tropical fruit,B,1790.0
65920,2024-05-22,store_1c408d_400.0_postobon acqua agua saborizada sabor manzana,B,1200.0
66035,2024-05-22,store_0133c2_1.0_vape vapeador desechable pina mentolada 1500 puff vaal,B,37500.0
66047,2024-05-22,store_0133c2_1.0_vape vapeador raspberry lemonade 3000 puff juice head bars,B,75000.0
66134,2024-05-22,store_a1e267_1162.5_h2oh agua saborizada limonata,B,4650.0
66256,2024-05-22,store_a1e267_699.2_olmeca tequila reposado,B,87400.0
66339,2024-05-22,store_33070a_1.0_colombiana refresco gaseoso econolitro,B,3100.0
66340,2024-05-22,store_33070a_1.0_cristal agua sin gas,B,2100.0
66498,2024-05-22,store_fde6f8_1721.8_blanco del valle aguardiente sin azucar,B,87810.0
66513,2024-05-22,store_fde6f8_2.0_pony malta bebida de malta,B,6100.0
66570,2024-05-22,store_fde6f8_496.0_mr tea bebida de te sabor durazno,B,2480.0
66631,2024-05-22,store_a6ddbe_1.5_pony malta bebida de malta,B,5600.0
66839,2024-05-22,store_a6ddbe_747.1_blanco del valle aguardiente fiesta sin azucar,B,38850.0
66863,2024-05-22,store_a6ddbe_750.0_dom perignon champagne luminous brut,B,1590000.0
66896,2024-05-22,store_27ea4e_1.5_mr tea bebida de te con sabor a durazno,B,5000.0
67138,2024-05-22,store_ae7481_14.0_alkaseltzer 100 mg 14 tabletas,B,20500.0
67235,2024-05-22,store_ae7481_403.6_choco krispis cereal de arroz sabor a chocolate,B,22600.0
67250,2024-05-22,store_ae7481_483.3_mr tea bebida de te sabor natural a limon,B,2900.0
67286,2024-05-22,store_ae7481_698.8_gran centenario tequila reposado,B,118800.0
67343,2024-05-22,store_37eccc_1.0_vapeador desechable vuse go max watermelon ice 3 paquetex1u,B,40000.0
67545,2024-05-23,store_3acafd_1.0_cristal agua sin gas,B,1200.0
67556,2024-05-23,store_3acafd_10.0_lucky strike cigarrillo fest,B,5500.0
67586,2024-05-23,store_3acafd_244.4_red bull bebida energizante sandia 250ml,B,6600.0
67789,2024-05-23,store_fbe6e6_369.0_del valle aguardiente balnco sin azucar,B,21400.0
67919,2024-05-23,store_8814bd_20.0_marlboro gold x 20 cigarrillos,B,10500.0
68006,2024-05-23,store_8814bd_699.2_absolut vodka original,B,92300.0
68147,2024-05-23,store_8a69b0_697.8_gordons ginebra premium pink frambuesa,B,97000.0
68437,2024-05-23,store_a66708_1.0_hatsu bebida con te blanco sabor a flor de cerezo,B,19900.0
68592,2024-05-23,store_a66708_351.7_natumalta bebida de malta,B,2110.0
68691,2024-05-23,store_a66708_749.1_blanco del valle aguardiente fiesta sin azucar,B,39700.0
68770,2024-05-23,store_e6e286_199.7_ponds limpiador facial juice collection gel,B,38950.0
68846,2024-05-23,store_e6e286_500.0_bebida hidratante powerade mountain blast 500ml,B,3500.0
68902,2024-05-23,store_216ad1_350.0_vive 100 energizante ultra,B,2450.0
69023,2024-05-23,store_993204_370.3_smirnoff x1 vodka botella,B,23700.0
69133,2024-05-23,store_6ebc6b_362.5_vive 100 energizante ultra,B,2900.0
69290,2024-05-23,store_68fff2_20.0_heets amber selection,B,11000.0
69394,2024-05-23,store_3284a3_11.9_activade bebida en polvo hidratante tropical fruit,B,1790.0
69595,2024-05-23,store_1c408d_200.0_yogurt deslactosado alpina melocoton vaso 200 g,B,3400.0
69792,2024-05-23,store_0133c2_1.0_vape vapeador desechable pina mentolada 1500 puff vaal,B,37500.0
69798,2024-05-23,store_0133c2_1.0_vape vapeador raspberry lemonade 3000 puff juice head bars,B,75000.0
69886,2024-05-23,store_a1e267_1000.0_grand old parr 12 anos whisky escoces blended scotch premium,B,183000.0
70141,2024-05-23,store_33070a_1.0_colombiana refresco gaseoso econolitro,B,2170.0
70143,2024-05-23,store_33070a_1.0_cristal agua sin gas,B,1575.0
70162,2024-05-23,store_33070a_10.0_marlboro rojo x 10 cigarrillos,B,5250.0
70201,2024-05-23,store_33070a_250.0_smirnoff ice coctel sabor a manzana verde,B,7000.0
70308,2024-05-23,store_fde6f8_1721.8_blanco del valle aguardiente sin azucar,B,87810.0
70331,2024-05-23,store_fde6f8_2.0_pony malta bebida de malta,B,6100.0
70390,2024-05-23,store_fde6f8_496.0_mr tea bebida de te sabor durazno,B,2480.0
70444,2024-05-23,store_a6ddbe_1.0_andina cerveza light,B,14900.0
70462,2024-05-23,store_a6ddbe_1.5_pony malta bebida de malta,B,5600.0
70716,2024-05-23,store_a6ddbe_747.1_blanco del valle aguardiente fiesta sin azucar,B,38850.0
70753,2024-05-23,store_a6ddbe_750.0_dom perignon champagne luminous brut,B,1590000.0
70798,2024-05-23,store_27ea4e_1.5_mr tea bebida de te con sabor a durazno,B,5000.0
71003,2024-05-23,store_ae7481_1.0_vapeador desechable vuse go max berry blend 3 paquetex1und,B,40100.0
71048,2024-05-23,store_ae7481_14.0_alkaseltzer 100 mg 14 tabletas,B,20500.0
71091,2024-05-23,store_ae7481_228.6_fanta gaseosa rojo,B,3200.0
71159,2024-05-23,store_ae7481_403.6_choco krispis cereal de arroz sabor a chocolate,B,22600.0
71173,2024-05-23,store_ae7481_483.3_mr tea bebida de te sabor natural a limon,B,2900.0
71270,2024-05-23,store_37eccc_1.0_vapeador desechable vuse go max watermelon ice 3 paquetex1u,B,40000.0
71517,2024-05-24,store_3acafd_1.0_cristal agua sin gas,B,1600.0
71644,2024-05-24,store_3acafd_699.2_don julio tequila reposado reservado 100 agave,B,274800.0
71766,2024-05-24,store_fbe6e6_369.0_del valle aguardiente balnco sin azucar,B,21400.0
71910,2024-05-24,store_8814bd_20.0_marlboro gold x 20 cigarrillos,B,10500.0
71998,2024-05-24,store_8814bd_699.2_absolut vodka original,B,92300.0
72148,2024-05-24,store_8a69b0_697.8_gordons ginebra premium pink frambuesa,B,97000.0
72482,2024-05-24,store_a66708_1.0_hatsu bebida con te blanco sabor a flor de cerezo,B,19900.0
72648,2024-05-24,store_a66708_351.7_natumalta bebida de malta,B,2110.0
72764,2024-05-24,store_a66708_749.1_blanco del valle aguardiente fiesta sin azucar,B,39700.0
72923,2024-05-24,store_e6e286_500.0_bebida hidratante powerade mountain blast 500ml,B,3500.0
73002,2024-05-24,store_216ad1_4.0_nebido undecanoato de testosterona 1000 mg,B,308400.0
73135,2024-05-24,store_993204_370.3_smirnoff x1 vodka botella,B,23700.0
73449,2024-05-24,store_3284a3_11.9_activade bebida en polvo hidratante tropical fruit,B,1790.0
73525,2024-05-24,store_3284a3_50.0_darnel vaso 6 oz naturals bebidas calientes,B,7200.0
73677,2024-05-24,store_1c408d_200.0_yogurt deslactosado alpina melocoton vaso 200 g,B,3400.0
73748,2024-05-24,store_1c408d_400.0_postobon acqua agua saborizada sabor manzana,B,1200.0
73917,2024-05-24,store_0133c2_1.0_vape vapeador desechable pina mentolada 1500 puff vaal,B,37500.0
74003,2024-05-24,store_a1e267_1000.0_grand old parr 12 anos whisky escoces blended scotch premium,B,183000.0
74009,2024-05-24,store_a1e267_1162.5_h2oh agua saborizada limonata,B,4650.0
74130,2024-05-24,store_a1e267_699.2_olmeca tequila reposado,B,87400.0
74295,2024-05-24,store_33070a_1.0_colombiana refresco gaseoso econolitro,B,2170.0
74297,2024-05-24,store_33070a_1.0_cristal agua sin gas,B,2100.0
74315,2024-05-24,store_33070a_10.0_marlboro rojo x 10 cigarrillos,B,5250.0
74355,2024-05-24,store_33070a_250.0_smirnoff ice coctel sabor a manzana verde,B,7000.0
74466,2024-05-24,store_fde6f8_1721.8_blanco del valle aguardiente sin azucar,B,87810.0
74485,2024-05-24,store_fde6f8_2.0_pony malta bebida de malta,B,6100.0
74535,2024-05-24,store_fde6f8_496.0_mr tea bebida de te sabor durazno,B,2480.0
74584,2024-05-24,store_a6ddbe_1.0_andina cerveza light,B,14900.0
74607,2024-05-24,store_a6ddbe_1.5_pony malta bebida de malta,B,5600.0
74847,2024-05-24,store_a6ddbe_747.1_blanco del valle aguardiente fiesta sin azucar,B,38850.0
74876,2024-05-24,store_a6ddbe_750.0_dom perignon champagne luminous brut,B,1590000.0
74922,2024-05-24,store_27ea4e_1.5_mr tea bebida de te con sabor a durazno,B,5000.0
75130,2024-05-24,store_ae7481_1.0_vapeador desechable vuse go max berry blend 3 paquetex1und,B,40100.0
75182,2024-05-24,store_ae7481_14.0_alkaseltzer 100 mg 14 tabletas,B,20500.0
75217,2024-05-24,store_ae7481_20.0_marlboro vista summer x 20 cigarrillos,B,11100.0
75229,2024-05-24,store_ae7481_228.6_fanta gaseosa rojo,B,3200.0
75294,2024-05-24,store_ae7481_403.6_choco krispis cereal de arroz sabor a chocolate,B,22600.0
75305,2024-05-24,store_ae7481_483.3_mr tea bebida de te sabor natural a limon,B,2900.0
75338,2024-05-24,store_ae7481_698.8_gran centenario tequila reposado,B,95040.0
75415,2024-05-24,store_37eccc_1.0_vapeador desechable vuse go max watermelon ice 3 paquetex1u,B,40000.0
75788,2024-05-26,store_3acafd_1.0_cristal agua sin gas,B,1600.0
75804,2024-05-26,store_3acafd_10.0_lucky strike cigarrillo fest,B,5500.0
75833,2024-05-26,store_3acafd_244.4_red bull bebida energizante sandia 250ml,B,6600.0
75937,2024-05-26,store_3acafd_699.2_don julio tequila reposado reservado 100 agave,B,274800.0
76078,2024-05-26,store_fbe6e6_369.0_del valle aguardiente balnco sin azucar,B,21400.0
76382,2024-05-26,store_8814bd_699.2_absolut vodka original,B,92300.0
76579,2024-05-26,store_a66708_1.0_hatsu bebida con te blanco sabor a flor de cerezo,B,19900.0
76787,2024-05-26,store_a66708_351.7_natumalta bebida de malta,B,2110.0
76924,2024-05-26,store_a66708_748.8_columbia crest champagne brut,B,62900.0
76927,2024-05-26,store_a66708_749.1_blanco del valle aguardiente fiesta sin azucar,B,39700.0
77019,2024-05-26,store_e6e286_199.7_ponds limpiador facial juice collection gel,B,38950.0
77084,2024-05-26,store_e6e286_500.0_bebida hidratante powerade mountain blast 500ml,B,3500.0
77193,2024-05-26,store_216ad1_350.0_vive 100 energizante ultra,B,2450.0
77200,2024-05-26,store_216ad1_4.0_nebido undecanoato de testosterona 1000 mg,B,308400.0
77326,2024-05-26,store_993204_370.3_smirnoff x1 vodka botella,B,23700.0
77468,2024-05-26,store_6ebc6b_362.5_vive 100 energizante ultra,B,2900.0
77596,2024-05-26,store_3284a3_11.9_activade bebida en polvo hidratante tropical fruit,B,1790.0
77678,2024-05-26,store_3284a3_50.0_darnel vaso 6 oz naturals bebidas calientes,B,7200.0
77823,2024-05-26,store_1c408d_200.0_yogurt deslactosado alpina melocoton vaso 200 g,B,3400.0
77910,2024-05-26,store_1c408d_400.0_postobon acqua agua saborizada sabor manzana,B,1200.0
78087,2024-05-26,store_0133c2_1.0_vape vapeador desechable pina mentolada 1500 puff vaal,B,37500.0
78099,2024-05-26,store_0133c2_1.0_vape vapeador raspberry lemonade 3000 puff juice head bars,B,75000.0
78176,2024-05-26,store_a1e267_1000.0_grand old parr 12 anos whisky escoces blended scotch premium,B,183000.0
78181,2024-05-26,store_a1e267_1162.5_h2oh agua saborizada limonata,B,4650.0
78308,2024-05-26,store_a1e267_699.2_olmeca tequila reposado,B,87400.0
78454,2024-05-26,store_33070a_1.0_colombiana refresco gaseoso econolitro,B,2170.0
78456,2024-05-26,store_33070a_1.0_cristal agua sin gas,B,2100.0
78528,2024-05-26,store_33070a_250.0_smirnoff ice coctel sabor a manzana verde,B,7000.0
78690,2024-05-26,store_fde6f8_1721.8_blanco del valle aguardiente sin azucar,B,87810.0
78710,2024-05-26,store_fde6f8_2.0_pony malta bebida de malta,B,6100.0
78775,2024-05-26,store_fde6f8_496.0_mr tea bebida de te sabor durazno,B,2480.0
78830,2024-05-26,store_a6ddbe_1.0_andina cerveza light,B,14900.0
78857,2024-05-26,store_a6ddbe_1.5_pony malta bebida de malta,B,5600.0
79177,2024-05-26,store_a6ddbe_747.1_blanco del valle aguardiente fiesta sin azucar,B,38850.0
79213,2024-05-26,store_a6ddbe_750.0_dom perignon champagne luminous brut,B,1590000.0
79258,2024-05-26,store_27ea4e_1.5_mr tea bebida de te con sabor a durazno,B,5000.0
79504,2024-05-26,store_ae7481_1.0_vapeador desechable vuse go max berry blend 3 paquetex1und,B,40100.0
79564,2024-05-26,store_ae7481_14.0_alkaseltzer 100 mg 14 tabletas,B,20500.0
79682,2024-05-26,store_ae7481_403.6_choco krispis cereal de arroz sabor a chocolate,B,22600.0
79698,2024-05-26,store_ae7481_483.3_mr tea bebida de te sabor natural a limon,B,2900.0
79753,2024-05-26,store_ae7481_698.8_gran centenario tequila reposado,B,118800.0
79839,2024-05-26,store_37eccc_1.0_vapeador desechable vuse go max watermelon ice 3 paquetex1u,B,40000.0
80175,2024-05-27,store_3acafd_1.0_cristal agua sin gas,B,1600.0
80192,2024-05-27,store_3acafd_10.0_lucky strike cigarrillo fest,B,5500.0
80229,2024-05-27,store_3acafd_244.4_red bull bebida energizante sandia 250ml,B,6600.0
80309,2024-05-27,store_3acafd_699.2_don julio tequila reposado reservado 100 agave,B,274800.0
80431,2024-05-27,store_fbe6e6_369.0_del valle aguardiente balnco sin azucar,B,21400.0
80575,2024-05-27,store_8814bd_20.0_marlboro gold x 20 cigarrillos,B,10500.0
80813,2024-05-27,store_8a69b0_697.8_gordons ginebra premium pink frambuesa,B,97000.0
80921,2024-05-27,store_a66708_1.0_hatsu bebida con te blanco sabor a flor de cerezo,B,19900.0
81105,2024-05-27,store_a66708_351.7_natumalta bebida de malta,B,2110.0
81217,2024-05-27,store_a66708_748.8_columbia crest champagne brut,B,62900.0
81220,2024-05-27,store_a66708_749.1_blanco del valle aguardiente fiesta sin azucar,B,39700.0
81303,2024-05-27,store_e6e286_199.7_ponds limpiador facial juice collection gel,B,38950.0
81370,2024-05-27,store_e6e286_500.0_bebida hidratante powerade mountain blast 500ml,B,3500.0
81460,2024-05-27,store_216ad1_350.0_vive 100 energizante ultra,B,2450.0
81469,2024-05-27,store_216ad1_4.0_nebido undecanoato de testosterona 1000 mg,B,308400.0
81744,2024-05-27,store_6ebc6b_362.5_vive 100 energizante ultra,B,2900.0
81874,2024-05-27,store_68fff2_20.0_heets amber selection,B,11000.0
81948,2024-05-27,store_3284a3_11.9_activade bebida en polvo hidratante tropical fruit,B,1790.0
82036,2024-05-27,store_3284a3_50.0_darnel vaso 6 oz naturals bebidas calientes,B,7200.0
82157,2024-05-27,store_1c408d_200.0_yogurt deslactosado alpina melocoton vaso 200 g,B,3400.0
82363,2024-05-27,store_0133c2_1.0_vape vapeador desechable pina mentolada 1500 puff vaal,B,37500.0
82375,2024-05-27,store_0133c2_1.0_vape vapeador raspberry lemonade 3000 puff juice head bars,B,75000.0
82481,2024-05-27,store_a1e267_1000.0_grand old parr 12 anos whisky escoces blended scotch premium,B,183000.0
82486,2024-05-27,store_a1e267_1162.5_h2oh agua saborizada limonata,B,4650.0
82615,2024-05-27,store_a1e267_699.2_olmeca tequila reposado,B,87400.0
82740,2024-05-27,store_33070a_1.0_colombiana refresco gaseoso econolitro,B,3100.0
82741,2024-05-27,store_33070a_1.0_cristal agua sin gas,B,2100.0
82757,2024-05-27,store_33070a_10.0_marlboro rojo x 10 cigarrillos,B,5250.0
82805,2024-05-27,store_33070a_250.0_smirnoff ice coctel sabor a manzana verde,B,7000.0
82935,2024-05-27,store_fde6f8_1721.8_blanco del valle aguardiente sin azucar,B,87810.0
82952,2024-05-27,store_fde6f8_2.0_pony malta bebida de malta,B,6100.0
83013,2024-05-27,store_fde6f8_496.0_mr tea bebida de te sabor durazno,B,2480.0
83059,2024-05-27,store_a6ddbe_1.0_andina cerveza light,B,14900.0
83081,2024-05-27,store_a6ddbe_1.5_pony malta bebida de malta,B,5600.0
83329,2024-05-27,store_a6ddbe_747.1_blanco del valle aguardiente fiesta sin azucar,B,38850.0
83353,2024-05-27,store_a6ddbe_750.0_dom perignon champagne luminous brut,B,1590000.0
83392,2024-05-27,store_27ea4e_1.5_mr tea bebida de te con sabor a durazno,B,5000.0
83667,2024-05-27,store_ae7481_14.0_alkaseltzer 100 mg 14 tabletas,B,20500.0
83703,2024-05-27,store_ae7481_20.0_marlboro vista summer x 20 cigarrillos,B,11100.0
83715,2024-05-27,store_ae7481_228.6_fanta gaseosa rojo,B,3200.0
83778,2024-05-27,store_ae7481_403.6_choco krispis cereal de arroz sabor a chocolate,B,22600.0
83791,2024-05-27,store_ae7481_483.3_mr tea bebida de te sabor natural a limon,B,2900.0
83829,2024-05-27,store_ae7481_698.8_gran centenario tequila reposado,B,118800.0
83882,2024-05-27,store_37eccc_1.0_vapeador desechable vuse go max watermelon ice 3 paquetex1u,B,40000.0
84086,2024-05-28,store_3acafd_1.0_cristal agua sin gas,B,1600.0
84105,2024-05-28,store_3acafd_10.0_lucky strike cigarrillo fest,B,5500.0
84138,2024-05-28,store_3acafd_244.4_red bull bebida energizante sandia 250ml,B,6600.0
84209,2024-05-28,store_3acafd_699.2_don julio tequila reposado reservado 100 agave,B,274800.0
84339,2024-05-28,store_fbe6e6_369.0_del valle aguardiente balnco sin azucar,B,21400.0
84469,2024-05-28,store_8814bd_20.0_marlboro gold x 20 cigarrillos,B,10500.0
84565,2024-05-28,store_8814bd_699.2_absolut vodka original,B,92300.0
84665,2024-05-28,store_8a69b0_697.8_gordons ginebra premium pink frambuesa,B,97000.0
84807,2024-05-28,store_a66708_1.0_hatsu bebida con te blanco sabor a flor de cerezo,B,19900.0
84956,2024-05-28,store_a66708_351.7_natumalta bebida de malta,B,2110.0
85078,2024-05-28,store_a66708_748.8_columbia crest champagne brut,B,62900.0
85081,2024-05-28,store_a66708_749.1_blanco del valle aguardiente fiesta sin azucar,B,39700.0
85307,2024-05-28,store_216ad1_350.0_vive 100 energizante ultra,B,2450.0
85316,2024-05-28,store_216ad1_4.0_nebido undecanoato de testosterona 1000 mg,B,308400.0
85391,2024-05-28,store_993204_370.3_smirnoff x1 vodka botella,B,23700.0
85508,2024-05-28,store_6ebc6b_362.5_vive 100 energizante ultra,B,2900.0
85622,2024-05-28,store_68fff2_20.0_heets amber selection,B,11000.0
85702,2024-05-28,store_3284a3_11.9_activade bebida en polvo hidratante tropical fruit,B,1790.0
85786,2024-05-28,store_3284a3_50.0_darnel vaso 6 oz naturals bebidas calientes,B,7200.0
86155,2024-05-28,store_0133c2_1.0_vape vapeador desechable pina mentolada 1500 puff vaal,B,37500.0
86160,2024-05-28,store_0133c2_1.0_vape vapeador raspberry lemonade 3000 puff juice head bars,B,75000.0
86251,2024-05-28,store_a1e267_1000.0_grand old parr 12 anos whisky escoces blended scotch premium,B,183000.0
86255,2024-05-28,store_a1e267_1162.5_h2oh agua saborizada limonata,B,4650.0
86412,2024-05-28,store_a1e267_699.2_olmeca tequila reposado,B,87400.0
86522,2024-05-28,store_33070a_1.0_colombiana refresco gaseoso econolitro,B,3100.0
86523,2024-05-28,store_33070a_1.0_cristal agua sin gas,B,2100.0
86538,2024-05-28,store_33070a_10.0_marlboro rojo x 10 cigarrillos,B,5250.0
86572,2024-05-28,store_33070a_250.0_smirnoff ice coctel sabor a manzana verde,B,7000.0
86695,2024-05-28,store_fde6f8_1721.8_blanco del valle aguardiente sin azucar,B,87810.0
86709,2024-05-28,store_fde6f8_2.0_pony malta bebida de malta,B,6100.0
86764,2024-05-28,store_fde6f8_496.0_mr tea bebida de te sabor durazno,B,2480.0
86812,2024-05-28,store_a6ddbe_1.0_andina cerveza light,B,14900.0
86835,2024-05-28,store_a6ddbe_1.5_pony malta bebida de malta,B,5600.0
87092,2024-05-28,store_a6ddbe_747.1_blanco del valle aguardiente fiesta sin azucar,B,38850.0
87123,2024-05-28,store_a6ddbe_750.0_dom perignon champagne luminous brut,B,1590000.0
87165,2024-05-28,store_27ea4e_1.5_mr tea bebida de te con sabor a durazno,B,5000.0
87422,2024-05-28,store_ae7481_1.0_vapeador desechable vuse go max berry blend 3 paquetex1und,B,40100.0
87478,2024-05-28,store_ae7481_14.0_alkaseltzer 100 mg 14 tabletas,B,20500.0
87506,2024-05-28,store_ae7481_20.0_marlboro vista summer x 20 cigarrillos,B,11100.0
87513,2024-05-28,store_ae7481_228.6_fanta gaseosa rojo,B,3200.0
87581,2024-05-28,store_ae7481_403.6_choco krispis cereal de arroz sabor a chocolate,B,22600.0
87594,2024-05-28,store_ae7481_483.3_mr tea bebida de te sabor natural a limon,B,2900.0
87633,2024-05-28,store_ae7481_698.8_gran centenario tequila reposado,B,118800.0
87699,2024-05-28,store_37eccc_1.0_vapeador desechable vuse go max watermelon ice 3 paquetex1u,B,40000.0
87894,2024-05-29,store_3acafd_1.0_cristal agua sin gas,B,1600.0
87910,2024-05-29,store_3acafd_10.0_lucky strike cigarrillo fest,B,5500.0
88104,2024-05-29,store_fbe6e6_369.0_del valle aguardiente balnco sin azucar,B,21400.0
88224,2024-05-29,store_8814bd_20.0_marlboro gold x 20 cigarrillos,B,10500.0
88312,2024-05-29,store_8814bd_699.2_absolut vodka original,B,92300.0
88341,2024-05-29,store_8814bd_933.3_colanta leche liquida semidescremada,B,5600.0
88414,2024-05-29,store_8a69b0_697.8_gordons ginebra premium pink frambuesa,B,97000.0
88550,2024-05-29,store_a66708_1.0_hatsu bebida con te blanco sabor a flor de cerezo,B,19900.0
88715,2024-05-29,store_a66708_351.7_natumalta bebida de malta,B,2110.0
88832,2024-05-29,store_a66708_748.8_columbia crest champagne brut,B,62900.0
88834,2024-05-29,store_a66708_749.1_blanco del valle aguardiente fiesta sin azucar,B,39700.0
88913,2024-05-29,store_e6e286_199.7_ponds limpiador facial juice collection gel,B,38950.0
88972,2024-05-29,store_e6e286_500.0_bebida hidratante powerade mountain blast 500ml,B,3500.0
89036,2024-05-29,store_216ad1_4.0_nebido undecanoato de testosterona 1000 mg,B,308400.0
89135,2024-05-29,store_993204_370.3_smirnoff x1 vodka botella,B,23700.0
89349,2024-05-29,store_68fff2_20.0_heets amber selection,B,11000.0
89439,2024-05-29,store_3284a3_11.9_activade bebida en polvo hidratante tropical fruit,B,1790.0
89520,2024-05-29,store_3284a3_50.0_darnel vaso 6 oz naturals bebidas calientes,B,7200.0
89654,2024-05-29,store_1c408d_200.0_yogurt deslactosado alpina melocoton vaso 200 g,B,3400.0
89726,2024-05-29,store_1c408d_400.0_postobon acqua agua saborizada sabor manzana,B,1200.0
89878,2024-05-29,store_0133c2_1.0_vape vapeador desechable pina mentolada 1500 puff vaal,B,37500.0
89884,2024-05-29,store_0133c2_1.0_vape vapeador raspberry lemonade 3000 puff juice head bars,B,75000.0
89954,2024-05-29,store_a1e267_1000.0_grand old parr 12 anos whisky escoces blended scotch premium,B,183000.0
89959,2024-05-29,store_a1e267_1162.5_h2oh agua saborizada limonata,B,4650.0
90071,2024-05-29,store_a1e267_699.2_olmeca tequila reposado,B,87400.0
90196,2024-05-29,store_33070a_1.0_colombiana refresco gaseoso econolitro,B,3100.0
90198,2024-05-29,store_33070a_1.0_cristal agua sin gas,B,2100.0
90213,2024-05-29,store_33070a_10.0_marlboro rojo x 10 cigarrillos,B,5250.0
90369,2024-05-29,store_fde6f8_1721.8_blanco del valle aguardiente sin azucar,B,87810.0
90386,2024-05-29,store_fde6f8_2.0_pony malta bebida de malta,B,6100.0
90433,2024-05-29,store_fde6f8_496.0_mr tea bebida de te sabor durazno,B,2480.0
90480,2024-05-29,store_a6ddbe_1.0_andina cerveza light,B,14900.0
90499,2024-05-29,store_a6ddbe_1.5_pony malta bebida de malta,B,5600.0
90722,2024-05-29,store_a6ddbe_747.1_blanco del valle aguardiente fiesta sin azucar,B,38850.0
90755,2024-05-29,store_a6ddbe_750.0_dom perignon champagne luminous brut,B,1590000.0
90797,2024-05-29,store_27ea4e_1.5_mr tea bebida de te con sabor a durazno,B,5000.0
91019,2024-05-29,store_ae7481_1.0_vapeador desechable vuse go max berry blend 3 paquetex1und,B,40100.0
91069,2024-05-29,store_ae7481_14.0_alkaseltzer 100 mg 14 tabletas,B,20500.0
91107,2024-05-29,store_ae7481_20.0_marlboro vista summer x 20 cigarrillos,B,11100.0
91118,2024-05-29,store_ae7481_228.6_fanta gaseosa rojo,B,3200.0
91186,2024-05-29,store_ae7481_403.6_choco krispis cereal de arroz sabor a chocolate,B,22600.0
91198,2024-05-29,store_ae7481_483.3_mr tea bebida de te sabor natural a limon,B,2900.0
91230,2024-05-29,store_ae7481_698.8_gran centenario tequila reposado,B,118800.0
91304,2024-05-29,store_37eccc_1.0_vapeador desechable vuse go max watermelon ice 3 paquetex1u,B,40000.0
91506,2024-05-30,store_3acafd_10.0_lucky strike cigarrillo fest,B,5500.0
91668,2024-05-30,store_fbe6e6_369.0_del valle aguardiente balnco sin azucar,B,21400.0
91784,2024-05-30,store_8814bd_20.0_marlboro gold x 20 cigarrillos,B,10500.0
91888,2024-05-30,store_8814bd_699.2_absolut vodka original,B,92300.0
91920,2024-05-30,store_8814bd_933.3_colanta leche liquida semidescremada,B,5600.0
92014,2024-05-30,store_8a69b0_697.8_gordons ginebra premium pink frambuesa,B,97000.0
92135,2024-05-30,store_a66708_1.0_hatsu bebida con te blanco sabor a flor de cerezo,B,19900.0
92317,2024-05-30,store_a66708_351.7_natumalta bebida de malta,B,2110.0
92439,2024-05-30,store_a66708_748.8_columbia crest champagne brut,B,62900.0
92441,2024-05-30,store_a66708_749.1_blanco del valle aguardiente fiesta sin azucar,B,39700.0
92522,2024-05-30,store_e6e286_199.7_ponds limpiador facial juice collection gel,B,38950.0
92593,2024-05-30,store_e6e286_500.0_bebida hidratante powerade mountain blast 500ml,B,3500.0
92653,2024-05-30,store_216ad1_350.0_vive 100 energizante ultra,B,2450.0
92656,2024-05-30,store_216ad1_4.0_nebido undecanoato de testosterona 1000 mg,B,308400.0
92740,2024-05-30,store_993204_370.3_smirnoff x1 vodka botella,B,23700.0
92869,2024-05-30,store_6ebc6b_362.5_vive 100 energizante ultra,B,2900.0
93025,2024-05-30,store_68fff2_20.0_heets amber selection,B,11000.0
93131,2024-05-30,store_3284a3_11.9_activade bebida en polvo hidratante tropical fruit,B,1790.0
93204,2024-05-30,store_3284a3_50.0_darnel vaso 6 oz naturals bebidas calientes,B,7200.0
93347,2024-05-30,store_1c408d_200.0_yogurt deslactosado alpina melocoton vaso 200 g,B,3400.0
93440,2024-05-30,store_1c408d_400.0_postobon acqua agua saborizada sabor manzana,B,1200.0
93613,2024-05-30,store_0133c2_1.0_vape vapeador desechable pina mentolada 1500 puff vaal,B,37500.0
93619,2024-05-30,store_0133c2_1.0_vape vapeador raspberry lemonade 3000 puff juice head bars,B,75000.0
93689,2024-05-30,store_a1e267_1000.0_grand old parr 12 anos whisky escoces blended scotch premium,B,183000.0
93976,2024-05-30,store_33070a_1.0_cristal agua sin gas,B,1680.0
93989,2024-05-30,store_33070a_10.0_marlboro rojo x 10 cigarrillos,B,5250.0
94154,2024-05-30,store_fde6f8_1721.8_blanco del valle aguardiente sin azucar,B,87810.0
94183,2024-05-30,store_fde6f8_2.0_pony malta bebida de malta,B,6100.0
94245,2024-05-30,store_fde6f8_496.0_mr tea bebida de te sabor durazno,B,2480.0
94320,2024-05-30,store_a6ddbe_1.5_pony malta bebida de malta,B,5600.0
94581,2024-05-30,store_a6ddbe_747.1_blanco del valle aguardiente fiesta sin azucar,B,38850.0
94612,2024-05-30,store_a6ddbe_750.0_dom perignon champagne luminous brut,B,1590000.0
94654,2024-05-30,store_27ea4e_1.5_mr tea bebida de te con sabor a durazno,B,5000.0
94888,2024-05-30,store_ae7481_1.0_vapeador desechable vuse go max berry blend 3 paquetex1und,B,40100.0
94933,2024-05-30,store_ae7481_14.0_alkaseltzer 100 mg 14 tabletas,B,22400.0
94973,2024-05-30,store_ae7481_20.0_marlboro vista summer x 20 cigarrillos,B,11100.0
94985,2024-05-30,store_ae7481_228.6_fanta gaseosa rojo,B,3200.0
95036,2024-05-30,store_ae7481_317.7_flips cereal relleno con sabor a chocolate,B,19700.0
95055,2024-05-30,store_ae7481_403.6_choco krispis cereal de arroz sabor a chocolate,B,22600.0
95068,2024-05-30,store_ae7481_483.3_mr tea bebida de te sabor natural a limon,B,2900.0
95099,2024-05-30,store_ae7481_698.8_gran centenario tequila reposado,B,95040.0
95191,2024-05-30,store_37eccc_1.0_vapeador desechable vuse go max watermelon ice 3 paquetex1u,B,40000.0
95403,2024-05-31,store_3acafd_1.0_cristal agua sin gas,B,1280.0
95421,2024-05-31,store_3acafd_10.0_lucky strike cigarrillo fest,B,5500.0
95627,2024-05-31,store_fbe6e6_369.0_del valle aguardiente balnco sin azucar,B,21400.0
95740,2024-05-31,store_8814bd_20.0_marlboro gold x 20 cigarrillos,B,10500.0
95831,2024-05-31,store_8814bd_699.2_absolut vodka original,B,92300.0
95871,2024-05-31,store_8814bd_933.3_colanta leche liquida semidescremada,B,5600.0
95916,2024-05-31,store_8a69b0_697.8_gordons ginebra premium pink frambuesa,B,97000.0
96050,2024-05-31,store_a66708_1.0_hatsu bebida con te blanco sabor a flor de cerezo,B,19900.0
96219,2024-05-31,store_a66708_351.7_natumalta bebida de malta,B,2110.0
96326,2024-05-31,store_a66708_748.8_columbia crest champagne brut,B,62900.0
96329,2024-05-31,store_a66708_749.1_blanco del valle aguardiente fiesta sin azucar,B,39700.0
96565,2024-05-31,store_216ad1_350.0_vive 100 energizante ultra,B,2450.0
96574,2024-05-31,store_216ad1_4.0_nebido undecanoato de testosterona 1000 mg,B,308400.0
96662,2024-05-31,store_993204_370.3_smirnoff x1 vodka botella,B,23700.0
96890,2024-05-31,store_68fff2_20.0_heets amber selection,B,11000.0
97190,2024-05-31,store_1c408d_200.0_yogurt deslactosado alpina melocoton vaso 200 g,B,3400.0
97270,2024-05-31,store_1c408d_400.0_postobon acqua agua saborizada sabor manzana,B,1200.0
97435,2024-05-31,store_a1e267_1000.0_grand old parr 12 anos whisky escoces blended scotch premium,B,183000.0
97440,2024-05-31,store_a1e267_1162.5_h2oh agua saborizada limonata,B,4650.0
97716,2024-05-31,store_33070a_1.0_colombiana refresco gaseoso econolitro,B,3100.0
97717,2024-05-31,store_33070a_1.0_cristal agua sin gas,B,1680.0
97731,2024-05-31,store_33070a_10.0_marlboro rojo x 10 cigarrillos,B,5250.0
97905,2024-05-31,store_fde6f8_1721.8_blanco del valle aguardiente sin azucar,B,87810.0
97924,2024-05-31,store_fde6f8_2.0_pony malta bebida de malta,B,6100.0
97980,2024-05-31,store_fde6f8_496.0_mr tea bebida de te sabor durazno,B,2480.0
98029,2024-05-31,store_a6ddbe_1.0_andina cerveza light,B,14900.0
98047,2024-05-31,store_a6ddbe_1.5_pony malta bebida de malta,B,5600.0
98263,2024-05-31,store_a6ddbe_747.1_blanco del valle aguardiente fiesta sin azucar,B,38850.0
98291,2024-05-31,store_a6ddbe_750.0_dom perignon champagne luminous brut,B,1590000.0
98331,2024-05-31,store_27ea4e_1.5_mr tea bebida de te con sabor a durazno,B,5000.0
98539,2024-05-31,store_ae7481_1.0_vapeador desechable vuse go max berry blend 3 paquetex1und,B,24060.0
98585,2024-05-31,store_ae7481_14.0_alkaseltzer 100 mg 14 tabletas,B,22400.0
98625,2024-05-31,store_ae7481_20.0_marlboro vista summer x 20 cigarrillos,B,11100.0
98633,2024-05-31,store_ae7481_228.6_fanta gaseosa rojo,B,3200.0
98684,2024-05-31,store_ae7481_317.7_flips cereal relleno con sabor a chocolate,B,19700.0
98704,2024-05-31,store_ae7481_403.6_choco krispis cereal de arroz sabor a chocolate,B,22600.0
98716,2024-05-31,store_ae7481_483.3_mr tea bebida de te sabor natural a limon,B,2900.0
98742,2024-05-31,store_ae7481_698.8_gran centenario tequila reposado,B,95040.0
98978,2024-06-01,store_3acafd_1.0_cristal agua sin gas,B,1600.0
98984,2024-06-01,store_3acafd_10.0_lucky strike cigarrillo fest,B,5500.0
99253,2024-06-01,store_8814bd_20.0_marlboro gold x 20 cigarrillos,B,10500.0
99364,2024-06-01,store_8814bd_933.3_colanta leche liquida semidescremada,B,5600.0
99428,2024-06-01,store_8a69b0_697.8_gordons ginebra premium pink frambuesa,B,97000.0
99568,2024-06-01,store_a66708_1.0_hatsu bebida con te blanco sabor a flor de cerezo,B,19900.0
99717,2024-06-01,store_a66708_351.7_natumalta bebida de malta,B,2110.0
99828,2024-06-01,store_a66708_748.8_columbia crest champagne brut,B,62900.0
99830,2024-06-01,store_a66708_749.1_blanco del valle aguardiente fiesta sin azucar,B,39700.0
99898,2024-06-01,store_e6e286_199.7_ponds limpiador facial juice collection gel,B,38950.0
100046,2024-06-01,store_216ad1_350.0_vive 100 energizante ultra,B,2450.0
100345,2024-06-01,store_68fff2_20.0_heets amber selection,B,11000.0
100642,2024-06-01,store_1c408d_200.0_yogurt deslactosado alpina melocoton vaso 200 g,B,3400.0
100841,2024-06-01,store_0133c2_1.0_vape vapeador desechable pina mentolada 1500 puff vaal,B,37500.0
100846,2024-06-01,store_0133c2_1.0_vape vapeador raspberry lemonade 3000 puff juice head bars,B,75000.0
100912,2024-06-01,store_a1e267_1000.0_grand old parr 12 anos whisky escoces blended scotch premium,B,183000.0
101147,2024-06-01,store_33070a_1.0_colombiana refresco gaseoso econolitro,B,3100.0
101149,2024-06-01,store_33070a_1.0_cristal agua sin gas,B,2100.0
101159,2024-06-01,store_33070a_10.0_marlboro rojo x 10 cigarrillos,B,5250.0
101195,2024-06-01,store_33070a_250.0_smirnoff ice coctel sabor a manzana verde,B,7000.0
101380,2024-06-01,store_fde6f8_496.0_mr tea bebida de te sabor durazno,B,2480.0
101419,2024-06-01,store_a6ddbe_1.0_andina cerveza light,B,14900.0
101436,2024-06-01,store_a6ddbe_1.5_pony malta bebida de malta,B,5600.0
101659,2024-06-01,store_a6ddbe_747.1_blanco del valle aguardiente fiesta sin azucar,B,38850.0
101685,2024-06-01,store_a6ddbe_750.0_dom perignon champagne luminous brut,B,1590000.0
101945,2024-06-01,store_ae7481_1.0_vapeador desechable vuse go max berry blend 3 paquetex1und,B,40100.0
101997,2024-06-01,store_ae7481_14.0_alkaseltzer 100 mg 14 tabletas,B,22400.0
102034,2024-06-01,store_ae7481_20.0_marlboro vista summer x 20 cigarrillos,B,11100.0
102044,2024-06-01,store_ae7481_228.6_fanta gaseosa rojo,B,3200.0
102100,2024-06-01,store_ae7481_317.7_flips cereal relleno con sabor a chocolate,B,19700.0
102123,2024-06-01,store_ae7481_403.6_choco krispis cereal de arroz sabor a chocolate,B,22600.0
102137,2024-06-01,store_ae7481_483.3_mr tea bebida de te sabor natural a limon,B,2900.0
102172,2024-06-01,store_ae7481_698.8_gran centenario tequila reposado,B,118800.0
102256,2024-06-01,store_37eccc_1.0_vapeador desechable vuse go max watermelon ice 3 paquetex1u,B,40000.0
102602,2024-06-03,store_fbe6e6_369.0_del valle aguardiente balnco sin azucar,B,21400.0
102691,2024-06-03,store_8814bd_20.0_marlboro gold x 20 cigarrillos,B,10500.0
102815,2024-06-03,store_8814bd_933.3_colanta leche liquida semidescremada,B,5600.0
102886,2024-06-03,store_8a69b0_697.8_gordons ginebra premium pink frambuesa,B,97000.0
102991,2024-06-03,store_a66708_1.0_hatsu bebida con te blanco sabor a flor de cerezo,B,19900.0
103143,2024-06-03,store_a66708_351.7_natumalta bebida de malta,B,2110.0
103261,2024-06-03,store_a66708_748.8_columbia crest champagne brut,B,62900.0
103325,2024-06-03,store_e6e286_199.7_ponds limpiador facial juice collection gel,B,38950.0
103389,2024-06-03,store_e6e286_500.0_bebida hidratante powerade mountain blast 500ml,B,3500.0
103440,2024-06-03,store_216ad1_350.0_vive 100 energizante ultra,B,2450.0
103448,2024-06-03,store_216ad1_4.0_nebido undecanoato de testosterona 1000 mg,B,308400.0
103524,2024-06-03,store_993204_370.3_smirnoff x1 vodka botella,B,23700.0
103631,2024-06-03,store_6ebc6b_362.5_vive 100 energizante ultra,B,2900.0
103720,2024-06-03,store_3284a3_11.9_activade bebida en polvo hidratante tropical fruit,B,1790.0
103933,2024-06-03,store_1c408d_200.0_yogurt deslactosado alpina melocoton vaso 200 g,B,3400.0
104007,2024-06-03,store_1c408d_400.0_postobon acqua agua saborizada sabor manzana,B,1200.0
104127,2024-06-03,store_0133c2_1.0_vape vapeador raspberry lemonade 3000 puff juice head bars,B,75000.0
104189,2024-06-03,store_a1e267_1000.0_grand old parr 12 anos whisky escoces blended scotch premium,B,183000.0
104424,2024-06-03,store_33070a_1.0_colombiana refresco gaseoso econolitro,B,3100.0
104436,2024-06-03,store_33070a_10.0_marlboro rojo x 10 cigarrillos,B,5250.0
104474,2024-06-03,store_33070a_250.0_smirnoff ice coctel sabor a manzana verde,B,7000.0
104591,2024-06-03,store_fde6f8_1721.8_blanco del valle aguardiente sin azucar,B,87810.0
104609,2024-06-03,store_fde6f8_2.0_pony malta bebida de malta,B,6100.0
104674,2024-06-03,store_fde6f8_496.0_mr tea bebida de te sabor durazno,B,2480.0
104731,2024-06-03,store_a6ddbe_1.0_andina cerveza light,B,14900.0
104748,2024-06-03,store_a6ddbe_1.5_pony malta bebida de malta,B,5600.0
104966,2024-06-03,store_a6ddbe_747.1_blanco del valle aguardiente fiesta sin azucar,B,38850.0
104990,2024-06-03,store_a6ddbe_750.0_dom perignon champagne luminous brut,B,1590000.0
105024,2024-06-03,store_27ea4e_1.5_mr tea bebida de te con sabor a durazno,B,5000.0
105249,2024-06-03,store_ae7481_14.0_alkaseltzer 100 mg 14 tabletas,B,22400.0
105284,2024-06-03,store_ae7481_20.0_marlboro vista summer x 20 cigarrillos,B,11100.0
105341,2024-06-03,store_ae7481_317.7_flips cereal relleno con sabor a chocolate,B,19700.0
105357,2024-06-03,store_ae7481_403.6_choco krispis cereal de arroz sabor a chocolate,B,22600.0
105372,2024-06-03,store_ae7481_483.3_mr tea bebida de te sabor natural a limon,B,2900.0
105410,2024-06-03,store_ae7481_698.8_gran centenario tequila reposado,B,118800.0
105737,2024-06-04,store_3acafd_244.4_red bull bebida energizante sandia 250ml,B,6600.0
106126,2024-06-04,store_8814bd_20.0_marlboro gold x 20 cigarrillos,B,10500.0
106262,2024-06-04,store_8814bd_933.3_colanta leche liquida semidescremada,B,5600.0
106342,2024-06-04,store_8a69b0_697.8_gordons ginebra premium pink frambuesa,B,97000.0
106679,2024-06-04,store_a66708_351.7_natumalta bebida de malta,B,2110.0
106811,2024-06-04,store_a66708_748.8_columbia crest champagne brut,B,62900.0
107054,2024-06-04,store_216ad1_350.0_vive 100 energizante ultra,B,2450.0
107062,2024-06-04,store_216ad1_4.0_nebido undecanoato de testosterona 1000 mg,B,308400.0
107131,2024-06-04,store_993204_370.3_smirnoff x1 vodka botella,B,23700.0
107238,2024-06-04,store_6ebc6b_362.5_vive 100 energizante ultra,B,2900.0
107449,2024-06-04,store_3284a3_11.9_activade bebida en polvo hidratante tropical fruit,B,1790.0
107642,2024-06-04,store_1c408d_200.0_yogurt deslactosado alpina melocoton vaso 200 g,B,3400.0
107812,2024-06-04,store_0133c2_1.0_vape vapeador desechable pina mentolada 1500 puff vaal,B,37500.0
107863,2024-06-04,store_a1e267_1000.0_grand old parr 12 anos whisky escoces blended scotch premium,B,183000.0
107868,2024-06-04,store_a1e267_1162.5_h2oh agua saborizada limonata,B,4650.0
108016,2024-06-04,store_a1e267_699.2_olmeca tequila reposado,B,87400.0
108119,2024-06-04,store_33070a_1.0_colombiana refresco gaseoso econolitro,B,3100.0
108133,2024-06-04,store_33070a_10.0_marlboro rojo x 10 cigarrillos,B,5250.0
108328,2024-06-04,store_fde6f8_2.0_pony malta bebida de malta,B,6100.0
108403,2024-06-04,store_a6ddbe_1.0_andina cerveza light,B,14900.0
108420,2024-06-04,store_a6ddbe_1.5_pony malta bebida de malta,B,5600.0
108699,2024-06-04,store_a6ddbe_750.0_dom perignon champagne luminous brut,B,1590000.0
108954,2024-06-04,store_ae7481_1.0_vapeador desechable vuse go max berry blend 3 paquetex1und,B,40100.0
109031,2024-06-04,store_ae7481_20.0_marlboro vista summer x 20 cigarrillos,B,11100.0
109038,2024-06-04,store_ae7481_228.6_fanta gaseosa rojo,B,3200.0
109084,2024-06-04,store_ae7481_317.7_flips cereal relleno con sabor a chocolate,B,19700.0
109116,2024-06-04,store_ae7481_403.6_choco krispis cereal de arroz sabor a chocolate,B,22600.0
109172,2024-06-04,store_ae7481_698.8_gran centenario tequila reposado,B,118800.0
109450,2024-06-05,store_3acafd_1.0_cristal agua sin gas,B,1600.0
109458,2024-06-05,store_3acafd_10.0_lucky strike cigarrillo fest,B,5500.0
109492,2024-06-05,store_3acafd_244.4_red bull bebida energizante sandia 250ml,B,6600.0
109676,2024-06-05,store_fbe6e6_369.0_del valle aguardiente balnco sin azucar,B,21400.0
109778,2024-06-05,store_8814bd_20.0_marlboro gold x 20 cigarrillos,B,10500.0
109886,2024-06-05,store_8814bd_933.3_colanta leche liquida semidescremada,B,5600.0
109934,2024-06-05,store_8a69b0_697.8_gordons ginebra premium pink frambuesa,B,97000.0
110351,2024-06-05,store_a66708_748.8_columbia crest champagne brut,B,62900.0
110508,2024-06-05,store_e6e286_500.0_bebida hidratante powerade mountain blast 500ml,B,3500.0
110620,2024-06-05,store_216ad1_350.0_vive 100 energizante ultra,B,2450.0
110628,2024-06-05,store_216ad1_4.0_nebido undecanoato de testosterona 1000 mg,B,308400.0
110725,2024-06-05,store_993204_370.3_smirnoff x1 vodka botella,B,23700.0
110835,2024-06-05,store_6ebc6b_362.5_vive 100 energizante ultra,B,2900.0
110952,2024-06-05,store_68fff2_20.0_heets amber selection,B,11000.0
111048,2024-06-05,store_3284a3_11.9_activade bebida en polvo hidratante tropical fruit,B,1790.0
111241,2024-06-05,store_1c408d_200.0_yogurt deslactosado alpina melocoton vaso 200 g,B,3400.0
111445,2024-06-05,store_0133c2_1.0_vape vapeador desechable pina mentolada 1500 puff vaal,B,37500.0
111450,2024-06-05,store_0133c2_1.0_vape vapeador raspberry lemonade 3000 puff juice head bars,B,75000.0
111565,2024-06-05,store_a1e267_1000.0_grand old parr 12 anos whisky escoces blended scotch premium,B,183000.0
111571,2024-06-05,store_a1e267_1162.5_h2oh agua saborizada limonata,B,4650.0
111713,2024-06-05,store_a1e267_699.2_olmeca tequila reposado,B,87400.0
111879,2024-06-05,store_33070a_1.0_colombiana refresco gaseoso econolitro,B,3100.0
111881,2024-06-05,store_33070a_1.0_cristal agua sin gas,B,2100.0
111892,2024-06-05,store_33070a_10.0_marlboro rojo x 10 cigarrillos,B,5250.0
111936,2024-06-05,store_33070a_250.0_smirnoff ice coctel sabor a manzana verde,B,7000.0
112042,2024-06-05,store_fde6f8_1721.8_blanco del valle aguardiente sin azucar,B,87810.0
112119,2024-06-05,store_fde6f8_496.0_mr tea bebida de te sabor durazno,B,2480.0
112168,2024-06-05,store_a6ddbe_1.0_andina cerveza light,B,14900.0
112184,2024-06-05,store_a6ddbe_1.5_pony malta bebida de malta,B,5600.0
112375,2024-06-05,store_a6ddbe_747.1_blanco del valle aguardiente fiesta sin azucar,B,38850.0
112404,2024-06-05,store_a6ddbe_750.0_dom perignon champagne luminous brut,B,1590000.0
112443,2024-06-05,store_27ea4e_1.5_mr tea bebida de te con sabor a durazno,B,5000.0
112689,2024-06-05,store_ae7481_1.0_vapeador desechable vuse go max berry blend 3 paquetex1und,B,40100.0
112750,2024-06-05,store_ae7481_14.0_alkaseltzer 100 mg 14 tabletas,B,22400.0
112787,2024-06-05,store_ae7481_20.0_marlboro vista summer x 20 cigarrillos,B,11100.0
112794,2024-06-05,store_ae7481_228.6_fanta gaseosa rojo,B,3200.0
112840,2024-06-05,store_ae7481_317.7_flips cereal relleno con sabor a chocolate,B,19700.0
112862,2024-06-05,store_ae7481_403.6_choco krispis cereal de arroz sabor a chocolate,B,22600.0
112878,2024-06-05,store_ae7481_483.3_mr tea bebida de te sabor natural a limon,B,2900.0
112915,2024-06-05,store_ae7481_698.8_gran centenario tequila reposado,B,118800.0
113242,2024-06-06,store_3acafd_10.0_lucky strike cigarrillo fest,B,5500.0
113275,2024-06-06,store_3acafd_244.4_red bull bebida energizante sandia 250ml,B,6600.0
113449,2024-06-06,store_fbe6e6_369.0_del valle aguardiente balnco sin azucar,B,21400.0
113578,2024-06-06,store_8814bd_20.0_marlboro gold x 20 cigarrillos,B,10500.0
113693,2024-06-06,store_8814bd_933.3_colanta leche liquida semidescremada,B,5600.0
113750,2024-06-06,store_a66708_1.0_hatsu bebida con te blanco sabor a flor de cerezo,B,19900.0
113930,2024-06-06,store_a66708_351.7_natumalta bebida de malta,B,2110.0
114056,2024-06-06,store_a66708_748.8_columbia crest champagne brut,B,62900.0
114060,2024-06-06,store_a66708_749.1_blanco del valle aguardiente fiesta sin azucar,B,39700.0
114119,2024-06-06,store_e6e286_199.7_ponds limpiador facial juice collection gel,B,38950.0
114177,2024-06-06,store_e6e286_500.0_bebida hidratante powerade mountain blast 500ml,B,3500.0
114230,2024-06-06,store_216ad1_350.0_vive 100 energizante ultra,B,2450.0
114237,2024-06-06,store_216ad1_4.0_nebido undecanoato de testosterona 1000 mg,B,308400.0
114366,2024-06-06,store_993204_370.3_smirnoff x1 vodka botella,B,23700.0
114444,2024-06-06,store_6ebc6b_362.5_vive 100 energizante ultra,B,2900.0
114551,2024-06-06,store_68fff2_20.0_heets amber selection,B,11000.0
114639,2024-06-06,store_3284a3_11.9_activade bebida en polvo hidratante tropical fruit,B,1790.0
114970,2024-06-06,store_0133c2_1.0_vape vapeador desechable pina mentolada 1500 puff vaal,B,37500.0
114977,2024-06-06,store_0133c2_1.0_vape vapeador raspberry lemonade 3000 puff juice head bars,B,75000.0
115042,2024-06-06,store_a1e267_1162.5_h2oh agua saborizada limonata,B,4650.0
115156,2024-06-06,store_a1e267_699.2_olmeca tequila reposado,B,87400.0
115290,2024-06-06,store_33070a_1.0_cristal agua sin gas,B,2100.0
115299,2024-06-06,store_33070a_10.0_marlboro rojo x 10 cigarrillos,B,5250.0
115340,2024-06-06,store_33070a_250.0_smirnoff ice coctel sabor a manzana verde,B,7000.0
115447,2024-06-06,store_fde6f8_1721.8_blanco del valle aguardiente sin azucar,B,87810.0
115517,2024-06-06,store_fde6f8_496.0_mr tea bebida de te sabor durazno,B,2480.0
115563,2024-06-06,store_a6ddbe_1.0_andina cerveza light,B,14900.0
115578,2024-06-06,store_a6ddbe_1.5_pony malta bebida de malta,B,5600.0
115801,2024-06-06,store_a6ddbe_747.1_blanco del valle aguardiente fiesta sin azucar,B,38850.0
115823,2024-06-06,store_a6ddbe_750.0_dom perignon champagne luminous brut,B,1290000.0
115864,2024-06-06,store_27ea4e_1.5_mr tea bebida de te con sabor a durazno,B,5000.0
116107,2024-06-06,store_ae7481_1.0_vapeador desechable vuse go max berry blend 3 paquetex1und,B,40100.0
116159,2024-06-06,store_ae7481_14.0_alkaseltzer 100 mg 14 tabletas,B,22400.0
116199,2024-06-06,store_ae7481_20.0_marlboro vista summer x 20 cigarrillos,B,11100.0
116210,2024-06-06,store_ae7481_228.6_fanta gaseosa rojo,B,3200.0
116263,2024-06-06,store_ae7481_317.7_flips cereal relleno con sabor a chocolate,B,19700.0
116286,2024-06-06,store_ae7481_403.6_choco krispis cereal de arroz sabor a chocolate,B,22600.0
116298,2024-06-06,store_ae7481_483.3_mr tea bebida de te sabor natural a limon,B,2900.0
116337,2024-06-06,store_ae7481_698.8_gran centenario tequila reposado,B,118800.0
116664,2024-06-07,store_3acafd_10.0_lucky strike cigarrillo fest,B,5500.0
116753,2024-06-07,store_3acafd_699.2_don julio tequila reposado reservado 100 agave,B,274800.0
116863,2024-06-07,store_fbe6e6_369.0_del valle aguardiente balnco sin azucar,B,21400.0
116970,2024-06-07,store_8814bd_20.0_marlboro gold x 20 cigarrillos,B,10500.0
117178,2024-06-07,store_8a69b0_697.8_gordons ginebra premium pink frambuesa,B,97000.0
117285,2024-06-07,store_a66708_1.0_hatsu bebida con te blanco sabor a flor de cerezo,B,19900.0
117571,2024-06-07,store_a66708_748.8_columbia crest champagne brut,B,62900.0
117576,2024-06-07,store_a66708_749.1_blanco del valle aguardiente fiesta sin azucar,B,39700.0
117644,2024-06-07,store_e6e286_199.7_ponds limpiador facial juice collection gel,B,38950.0
117707,2024-06-07,store_e6e286_500.0_bebida hidratante powerade mountain blast 500ml,B,3500.0
117780,2024-06-07,store_216ad1_350.0_vive 100 energizante ultra,B,2450.0
117788,2024-06-07,store_216ad1_4.0_nebido undecanoato de testosterona 1000 mg,B,308400.0
117871,2024-06-07,store_993204_370.3_smirnoff x1 vodka botella,B,23700.0
118048,2024-06-07,store_68fff2_20.0_heets amber selection,B,11000.0
118126,2024-06-07,store_3284a3_11.9_activade bebida en polvo hidratante tropical fruit,B,1790.0
118198,2024-06-07,store_3284a3_50.0_darnel vaso 6 oz naturals bebidas calientes,B,7200.0
118297,2024-06-07,store_1c408d_200.0_yogurt deslactosado alpina melocoton vaso 200 g,B,3400.0
118492,2024-06-07,store_0133c2_1.0_vape vapeador desechable pina mentolada 1500 puff vaal,B,37500.0
118498,2024-06-07,store_0133c2_1.0_vape vapeador raspberry lemonade 3000 puff juice head bars,B,75000.0
118565,2024-06-07,store_a1e267_1000.0_grand old parr 12 anos whisky escoces blended scotch premium,B,183000.0
118569,2024-06-07,store_a1e267_1162.5_h2oh agua saborizada limonata,B,4650.0
118678,2024-06-07,store_a1e267_699.2_olmeca tequila reposado,B,87400.0
118793,2024-06-07,store_33070a_1.0_colombiana refresco gaseoso econolitro,B,3100.0
118794,2024-06-07,store_33070a_1.0_cristal agua sin gas,B,2100.0
118807,2024-06-07,store_33070a_10.0_marlboro rojo x 10 cigarrillos,B,5250.0
118849,2024-06-07,store_33070a_250.0_smirnoff ice coctel sabor a manzana verde,B,7000.0
118971,2024-06-07,store_fde6f8_1721.8_blanco del valle aguardiente sin azucar,B,87810.0
119032,2024-06-07,store_fde6f8_496.0_mr tea bebida de te sabor durazno,B,2480.0
119330,2024-06-07,store_a6ddbe_747.1_blanco del valle aguardiente fiesta sin azucar,B,38850.0
119361,2024-06-07,store_a6ddbe_750.0_dom perignon champagne luminous brut,B,1290000.0
119394,2024-06-07,store_27ea4e_1.5_mr tea bebida de te con sabor a durazno,B,5000.0
119568,2024-06-07,store_ae7481_1.0_vapeador desechable vuse go max berry blend 3 paquetex1und,B,35290.0
119611,2024-06-07,store_ae7481_14.0_alkaseltzer 100 mg 14 tabletas,B,22400.0
119651,2024-06-07,store_ae7481_20.0_marlboro vista summer x 20 cigarrillos,B,11100.0
119661,2024-06-07,store_ae7481_228.6_fanta gaseosa rojo,B,3200.0
119705,2024-06-07,store_ae7481_317.7_flips cereal relleno con sabor a chocolate,B,19700.0
119725,2024-06-07,store_ae7481_403.6_choco krispis cereal de arroz sabor a chocolate,B,22600.0
119740,2024-06-07,store_ae7481_483.3_mr tea bebida de te sabor natural a limon,B,2900.0
119778,2024-06-07,store_ae7481_698.8_gran centenario tequila reposado,B,95040.0
120106,2024-06-08,store_3acafd_1.0_cristal agua sin gas,B,1600.0
120123,2024-06-08,store_3acafd_10.0_lucky strike cigarrillo fest,B,5500.0
120163,2024-06-08,store_3acafd_244.4_red bull bebida energizante sandia 250ml,B,6600.0
120244,2024-06-08,store_3acafd_699.2_don julio tequila reposado reservado 100 agave,B,274800.0
120386,2024-06-08,store_fbe6e6_369.0_del valle aguardiente balnco sin azucar,B,21400.0
120509,2024-06-08,store_8814bd_20.0_marlboro gold x 20 cigarrillos,B,10500.0
120780,2024-06-08,store_8a69b0_697.8_gordons ginebra premium pink frambuesa,B,97000.0
120924,2024-06-08,store_a66708_1.0_hatsu bebida con te blanco sabor a flor de cerezo,B,19900.0
121108,2024-06-08,store_a66708_351.7_natumalta bebida de malta,B,2110.0
121242,2024-06-08,store_a66708_748.8_columbia crest champagne brut,B,62900.0
121247,2024-06-08,store_a66708_749.1_blanco del valle aguardiente fiesta sin azucar,B,39700.0
121328,2024-06-08,store_e6e286_199.7_ponds limpiador facial juice collection gel,B,38950.0
121387,2024-06-08,store_e6e286_500.0_bebida hidratante powerade mountain blast 500ml,B,3500.0
121456,2024-06-08,store_216ad1_350.0_vive 100 energizante ultra,B,2450.0
121592,2024-06-08,store_993204_370.3_smirnoff x1 vodka botella,B,23700.0
121703,2024-06-08,store_6ebc6b_362.5_vive 100 energizante ultra,B,2900.0
121846,2024-06-08,store_68fff2_20.0_heets amber selection,B,11000.0
121935,2024-06-08,store_3284a3_11.9_activade bebida en polvo hidratante tropical fruit,B,1790.0
122155,2024-06-08,store_1c408d_200.0_yogurt deslactosado alpina melocoton vaso 200 g,B,3400.0
122361,2024-06-08,store_0133c2_1.0_vape vapeador desechable pina mentolada 1500 puff vaal,B,37500.0
122368,2024-06-08,store_0133c2_1.0_vape vapeador raspberry lemonade 3000 puff juice head bars,B,75000.0
122449,2024-06-08,store_a1e267_1000.0_grand old parr 12 anos whisky escoces blended scotch premium,B,183000.0
122452,2024-06-08,store_a1e267_1162.5_h2oh agua saborizada limonata,B,4650.0
122578,2024-06-08,store_a1e267_699.2_olmeca tequila reposado,B,87400.0
122709,2024-06-08,store_33070a_1.0_colombiana refresco gaseoso econolitro,B,3100.0
122710,2024-06-08,store_33070a_1.0_cristal agua sin gas,B,2100.0
122721,2024-06-08,store_33070a_10.0_marlboro rojo x 10 cigarrillos,B,5250.0
122775,2024-06-08,store_33070a_250.0_smirnoff ice coctel sabor a manzana verde,B,7000.0
122900,2024-06-08,store_fde6f8_1721.8_blanco del valle aguardiente sin azucar,B,87810.0
122919,2024-06-08,store_fde6f8_2.0_pony malta bebida de malta,B,6100.0
123000,2024-06-08,store_fde6f8_496.0_mr tea bebida de te sabor durazno,B,2480.0
123060,2024-06-08,store_a6ddbe_1.0_andina cerveza light,B,11900.0
123358,2024-06-08,store_a6ddbe_747.1_blanco del valle aguardiente fiesta sin azucar,B,38850.0
123389,2024-06-08,store_a6ddbe_750.0_dom perignon champagne luminous brut,B,1290000.0
123436,2024-06-08,store_27ea4e_1.5_mr tea bebida de te con sabor a durazno,B,5000.0
123678,2024-06-08,store_ae7481_1.0_vapeador desechable vuse go max berry blend 3 paquetex1und,B,25260.0
123744,2024-06-08,store_ae7481_14.0_alkaseltzer 100 mg 14 tabletas,B,22400.0
123786,2024-06-08,store_ae7481_20.0_marlboro vista summer x 20 cigarrillos,B,11100.0
123795,2024-06-08,store_ae7481_228.6_fanta gaseosa rojo,B,3200.0
123852,2024-06-08,store_ae7481_317.7_flips cereal relleno con sabor a chocolate,B,19700.0
123875,2024-06-08,store_ae7481_403.6_choco krispis cereal de arroz sabor a chocolate,B,22600.0
123890,2024-06-08,store_ae7481_483.3_mr tea bebida de te sabor natural a limon,B,2900.0
123932,2024-06-08,store_ae7481_698.8_gran centenario tequila reposado,B,95040.0
124266,2024-06-09,store_3acafd_10.0_lucky strike cigarrillo fest,B,5500.0
124387,2024-06-09,store_3acafd_699.2_don julio tequila reposado reservado 100 agave,B,274800.0
124526,2024-06-09,store_fbe6e6_369.0_del valle aguardiente balnco sin azucar,B,21400.0
124666,2024-06-09,store_8814bd_20.0_marlboro gold x 20 cigarrillos,B,10500.0
124843,2024-06-09,store_8814bd_933.3_colanta leche liquida semidescremada,B,5600.0
124913,2024-06-09,store_8a69b0_697.8_gordons ginebra premium pink frambuesa,B,97000.0
125224,2024-06-09,store_a66708_351.7_natumalta bebida de malta,B,2110.0
125364,2024-06-09,store_a66708_748.8_columbia crest champagne brut,B,62900.0
125368,2024-06-09,store_a66708_749.1_blanco del valle aguardiente fiesta sin azucar,B,39700.0
125453,2024-06-09,store_e6e286_199.7_ponds limpiador facial juice collection gel,B,38950.0
125523,2024-06-09,store_e6e286_500.0_bebida hidratante powerade mountain blast 500ml,B,3500.0
125596,2024-06-09,store_216ad1_350.0_vive 100 energizante ultra,B,2450.0
125603,2024-06-09,store_216ad1_4.0_nebido undecanoato de testosterona 1000 mg,B,308400.0
125717,2024-06-09,store_993204_370.3_smirnoff x1 vodka botella,B,23700.0
125835,2024-06-09,store_6ebc6b_362.5_vive 100 energizante ultra,B,2900.0
125943,2024-06-09,store_3284a3_11.9_activade bebida en polvo hidratante tropical fruit,B,1790.0
126047,2024-06-09,store_3284a3_50.0_darnel vaso 6 oz naturals bebidas calientes,B,7200.0
126169,2024-06-09,store_1c408d_200.0_yogurt deslactosado alpina melocoton vaso 200 g,B,3400.0
126407,2024-06-09,store_a1e267_1000.0_grand old parr 12 anos whisky escoces blended scotch premium,B,183000.0
126410,2024-06-09,store_a1e267_1162.5_h2oh agua saborizada limonata,B,4650.0
126534,2024-06-09,store_a1e267_699.2_olmeca tequila reposado,B,87400.0
126653,2024-06-09,store_33070a_1.0_colombiana refresco gaseoso econolitro,B,3100.0
126655,2024-06-09,store_33070a_1.0_cristal agua sin gas,B,2100.0
126671,2024-06-09,store_33070a_10.0_marlboro rojo x 10 cigarrillos,B,5250.0
126731,2024-06-09,store_33070a_250.0_smirnoff ice coctel sabor a manzana verde,B,7000.0
126895,2024-06-09,store_fde6f8_2.0_pony malta bebida de malta,B,6100.0
126970,2024-06-09,store_fde6f8_496.0_mr tea bebida de te sabor durazno,B,2480.0
127019,2024-06-09,store_a6ddbe_1.0_andina cerveza light,B,11900.0
127035,2024-06-09,store_a6ddbe_1.5_pony malta bebida de malta,B,5600.0
127297,2024-06-09,store_a6ddbe_750.0_dom perignon champagne luminous brut,B,1290000.0
127333,2024-06-09,store_27ea4e_1.5_mr tea bebida de te con sabor a durazno,B,5000.0
127541,2024-06-09,store_ae7481_1.0_vapeador desechable vuse go max berry blend 3 paquetex1und,B,35290.0
127592,2024-06-09,store_ae7481_14.0_alkaseltzer 100 mg 14 tabletas,B,22400.0
127632,2024-06-09,store_ae7481_20.0_marlboro vista summer x 20 cigarrillos,B,11100.0
127642,2024-06-09,store_ae7481_228.6_fanta gaseosa rojo,B,3200.0
127691,2024-06-09,store_ae7481_317.7_flips cereal relleno con sabor a chocolate,B,19700.0
127726,2024-06-09,store_ae7481_403.6_choco krispis cereal de arroz sabor a chocolate,B,22600.0
127741,2024-06-09,store_ae7481_483.3_mr tea bebida de te sabor natural a limon,B,2900.0
127777,2024-06-09,store_ae7481_698.8_gran centenario tequila reposado,B,95040.0
128109,2024-06-10,store_3acafd_10.0_lucky strike cigarrillo fest,B,5500.0
128288,2024-06-10,store_fbe6e6_369.0_del valle aguardiente balnco sin azucar,B,21400.0
128426,2024-06-10,store_8814bd_20.0_marlboro gold x 20 cigarrillos,B,10500.0
128544,2024-06-10,store_8814bd_699.2_absolut vodka original,B,92300.0
128581,2024-06-10,store_8814bd_933.3_colanta leche liquida semidescremada,B,5600.0
128653,2024-06-10,store_8a69b0_697.8_gordons ginebra premium pink frambuesa,B,97000.0
128743,2024-06-10,store_a66708_1.0_hatsu bebida con te blanco sabor a flor de cerezo,B,21100.0
128939,2024-06-10,store_a66708_351.7_natumalta bebida de malta,B,2110.0
129078,2024-06-10,store_a66708_748.8_columbia crest champagne brut,B,62900.0
129082,2024-06-10,store_a66708_749.1_blanco del valle aguardiente fiesta sin azucar,B,39700.0
129165,2024-06-10,store_e6e286_199.7_ponds limpiador facial juice collection gel,B,38950.0
129231,2024-06-10,store_e6e286_500.0_bebida hidratante powerade mountain blast 500ml,B,3500.0
129325,2024-06-10,store_216ad1_350.0_vive 100 energizante ultra,B,2450.0
129331,2024-06-10,store_216ad1_4.0_nebido undecanoato de testosterona 1000 mg,B,308400.0
129466,2024-06-10,store_993204_370.3_smirnoff x1 vodka botella,B,23700.0
129602,2024-06-10,store_6ebc6b_362.5_vive 100 energizante ultra,B,2900.0
129688,2024-06-10,store_3284a3_11.9_activade bebida en polvo hidratante tropical fruit,B,1790.0
129798,2024-06-10,store_3284a3_50.0_darnel vaso 6 oz naturals bebidas calientes,B,7200.0
129917,2024-06-10,store_1c408d_200.0_yogurt deslactosado alpina melocoton vaso 200 g,B,3400.0
130130,2024-06-10,store_a1e267_1000.0_grand old parr 12 anos whisky escoces blended scotch premium,B,183000.0
130133,2024-06-10,store_a1e267_1162.5_h2oh agua saborizada limonata,B,4650.0
130326,2024-06-10,store_33070a_1.0_colombiana refresco gaseoso econolitro,B,3100.0
130346,2024-06-10,store_33070a_10.0_marlboro rojo x 10 cigarrillos,B,5250.0
130406,2024-06-10,store_33070a_250.0_smirnoff ice coctel sabor a manzana verde,B,7000.0
130515,2024-06-10,store_fde6f8_1721.8_blanco del valle aguardiente sin azucar,B,87810.0
130533,2024-06-10,store_fde6f8_2.0_pony malta bebida de malta,B,6100.0
130643,2024-06-10,store_a6ddbe_1.5_pony malta bebida de malta,B,5600.0
130874,2024-06-10,store_a6ddbe_747.1_blanco del valle aguardiente fiesta sin azucar,B,38850.0
130897,2024-06-10,store_a6ddbe_750.0_dom perignon champagne luminous brut,B,1290000.0
131128,2024-06-10,store_ae7481_1.0_vapeador desechable vuse go max berry blend 3 paquetex1und,B,35290.0
131181,2024-06-10,store_ae7481_14.0_alkaseltzer 100 mg 14 tabletas,B,22400.0
131221,2024-06-10,store_ae7481_20.0_marlboro vista summer x 20 cigarrillos,B,11100.0
131231,2024-06-10,store_ae7481_228.6_fanta gaseosa rojo,B,3200.0
131270,2024-06-10,store_ae7481_317.7_flips cereal relleno con sabor a chocolate,B,19700.0
131293,2024-06-10,store_ae7481_403.6_choco krispis cereal de arroz sabor a chocolate,B,22600.0
131307,2024-06-10,store_ae7481_483.3_mr tea bebida de te sabor natural a limon,B,2900.0
131595,2024-06-11,store_3acafd_1.0_cristal agua sin gas,B,1600.0
131614,2024-06-11,store_3acafd_10.0_lucky strike cigarrillo fest,B,5500.0
131661,2024-06-11,store_3acafd_244.4_red bull bebida energizante sandia 250ml,B,6600.0
131745,2024-06-11,store_3acafd_699.2_don julio tequila reposado reservado 100 agave,B,274800.0
131862,2024-06-11,store_fbe6e6_369.0_del valle aguardiente balnco sin azucar,B,21400.0
131993,2024-06-11,store_8814bd_20.0_marlboro gold x 20 cigarrillos,B,10500.0
132093,2024-06-11,store_8814bd_699.2_absolut vodka original,B,92300.0
132141,2024-06-11,store_8814bd_933.3_colanta leche liquida semidescremada,B,5600.0
132199,2024-06-11,store_8a69b0_697.8_gordons ginebra premium pink frambuesa,B,97000.0
132335,2024-06-11,store_a66708_1.0_hatsu bebida con te blanco sabor a flor de cerezo,B,19900.0
132523,2024-06-11,store_a66708_351.7_natumalta bebida de malta,B,2110.0
132652,2024-06-11,store_a66708_748.8_columbia crest champagne brut,B,62900.0
132657,2024-06-11,store_a66708_749.1_blanco del valle aguardiente fiesta sin azucar,B,39700.0
132740,2024-06-11,store_e6e286_199.7_ponds limpiador facial juice collection gel,B,38950.0
132802,2024-06-11,store_e6e286_500.0_bebida hidratante powerade mountain blast 500ml,B,3500.0
132882,2024-06-11,store_216ad1_350.0_vive 100 energizante ultra,B,2450.0
132887,2024-06-11,store_216ad1_4.0_nebido undecanoato de testosterona 1000 mg,B,308400.0
133002,2024-06-11,store_993204_370.3_smirnoff x1 vodka botella,B,23700.0
133107,2024-06-11,store_6ebc6b_362.5_vive 100 energizante ultra,B,2900.0
133188,2024-06-11,store_68fff2_20.0_heets amber selection,B,11000.0
133293,2024-06-11,store_3284a3_11.9_activade bebida en polvo hidratante tropical fruit,B,1790.0
133379,2024-06-11,store_3284a3_50.0_darnel vaso 6 oz naturals bebidas calientes,B,7200.0
133499,2024-06-11,store_1c408d_200.0_yogurt deslactosado alpina melocoton vaso 200 g,B,3400.0
133684,2024-06-11,store_0133c2_1.0_vape vapeador raspberry lemonade 3000 puff juice head bars,B,75000.0
133751,2024-06-11,store_a1e267_1000.0_grand old parr 12 anos whisky escoces blended scotch premium,B,183000.0
133755,2024-06-11,store_a1e267_1162.5_h2oh agua saborizada limonata,B,4650.0
133889,2024-06-11,store_a1e267_699.2_olmeca tequila reposado,B,87400.0
133991,2024-06-11,store_33070a_1.0_colombiana refresco gaseoso econolitro,B,3100.0
133992,2024-06-11,store_33070a_1.0_cristal agua sin gas,B,2100.0
134011,2024-06-11,store_33070a_10.0_marlboro rojo x 10 cigarrillos,B,5250.0
134067,2024-06-11,store_33070a_250.0_smirnoff ice coctel sabor a manzana verde,B,7000.0
134185,2024-06-11,store_fde6f8_1721.8_blanco del valle aguardiente sin azucar,B,87810.0
134204,2024-06-11,store_fde6f8_2.0_pony malta bebida de malta,B,6100.0
134271,2024-06-11,store_fde6f8_496.0_mr tea bebida de te sabor durazno,B,2480.0
134318,2024-06-11,store_a6ddbe_1.0_andina cerveza light,B,14900.0
134341,2024-06-11,store_a6ddbe_1.5_pony malta bebida de malta,B,5600.0
134568,2024-06-11,store_a6ddbe_747.1_blanco del valle aguardiente fiesta sin azucar,B,38850.0
134592,2024-06-11,store_a6ddbe_750.0_dom perignon champagne luminous brut,B,1290000.0
134627,2024-06-11,store_27ea4e_1.5_mr tea bebida de te con sabor a durazno,B,5000.0
134871,2024-06-11,store_ae7481_14.0_alkaseltzer 100 mg 14 tabletas,B,22400.0
134907,2024-06-11,store_ae7481_20.0_marlboro vista summer x 20 cigarrillos,B,11100.0
134957,2024-06-11,store_ae7481_317.7_flips cereal relleno con sabor a chocolate,B,19700.0
134981,2024-06-11,store_ae7481_403.6_choco krispis cereal de arroz sabor a chocolate,B,22600.0
134993,2024-06-11,store_ae7481_483.3_mr tea bebida de te sabor natural a limon,B,2900.0
135028,2024-06-11,store_ae7481_698.8_gran centenario tequila reposado,B,95040.0
135272,2024-06-12,store_3acafd_1.0_cristal agua sin gas,B,1600.0
135344,2024-06-12,store_3acafd_244.4_red bull bebida energizante sandia 250ml,B,6600.0
135428,2024-06-12,store_3acafd_699.2_don julio tequila reposado reservado 100 agave,B,274800.0
135568,2024-06-12,store_fbe6e6_369.0_del valle aguardiente balnco sin azucar,B,21400.0
135699,2024-06-12,store_8814bd_20.0_marlboro gold x 20 cigarrillos,B,10500.0
135795,2024-06-12,store_8814bd_699.2_absolut vodka original,B,92300.0
135883,2024-06-12,store_8a69b0_697.8_gordons ginebra premium pink frambuesa,B,97000.0
136008,2024-06-12,store_a66708_1.0_hatsu bebida con te blanco sabor a flor de cerezo,B,19900.0
136185,2024-06-12,store_a66708_351.7_natumalta bebida de malta,B,2110.0
136313,2024-06-12,store_a66708_748.8_columbia crest champagne brut,B,62900.0
136318,2024-06-12,store_a66708_749.1_blanco del valle aguardiente fiesta sin azucar,B,39700.0
136397,2024-06-12,store_e6e286_199.7_ponds limpiador facial juice collection gel,B,38950.0
136467,2024-06-12,store_e6e286_500.0_bebida hidratante powerade mountain blast 500ml,B,3500.0
136537,2024-06-12,store_216ad1_350.0_vive 100 energizante ultra,B,2450.0
136544,2024-06-12,store_216ad1_4.0_nebido undecanoato de testosterona 1000 mg,B,308400.0
136651,2024-06-12,store_993204_370.3_smirnoff x1 vodka botella,B,23700.0
136844,2024-06-12,store_68fff2_20.0_heets amber selection,B,11000.0
137016,2024-06-12,store_3284a3_50.0_darnel vaso 6 oz naturals bebidas calientes,B,7200.0
137333,2024-06-12,store_0133c2_1.0_vape vapeador desechable pina mentolada 1500 puff vaal,B,37500.0
137341,2024-06-12,store_0133c2_1.0_vape vapeador raspberry lemonade 3000 puff juice head bars,B,75000.0
137399,2024-06-12,store_a1e267_1000.0_grand old parr 12 anos whisky escoces blended scotch premium,B,183000.0
137402,2024-06-12,store_a1e267_1162.5_h2oh agua saborizada limonata,B,4650.0
137511,2024-06-12,store_a1e267_699.2_olmeca tequila reposado,B,87400.0
137600,2024-06-12,store_33070a_1.0_colombiana refresco gaseoso econolitro,B,3100.0
137601,2024-06-12,store_33070a_1.0_cristal agua sin gas,B,2100.0
137620,2024-06-12,store_33070a_10.0_marlboro rojo x 10 cigarrillos,B,5250.0
137675,2024-06-12,store_33070a_250.0_smirnoff ice coctel sabor a manzana verde,B,7000.0
137799,2024-06-12,store_fde6f8_1721.8_blanco del valle aguardiente sin azucar,B,87810.0
137811,2024-06-12,store_fde6f8_2.0_pony malta bebida de malta,B,6100.0
137884,2024-06-12,store_fde6f8_496.0_mr tea bebida de te sabor durazno,B,2480.0
137938,2024-06-12,store_a6ddbe_1.0_andina cerveza light,B,14900.0
137956,2024-06-12,store_a6ddbe_1.5_pony malta bebida de malta,B,5600.0
138155,2024-06-12,store_a6ddbe_747.1_blanco del valle aguardiente fiesta sin azucar,B,38850.0
138181,2024-06-12,store_a6ddbe_750.0_dom perignon champagne luminous brut,B,1290000.0
138211,2024-06-12,store_27ea4e_1.5_mr tea bebida de te con sabor a durazno,B,5000.0
138407,2024-06-12,store_ae7481_1.0_vapeador desechable vuse go max berry blend 3 paquetex1und,B,35290.0
138463,2024-06-12,store_ae7481_14.0_alkaseltzer 100 mg 14 tabletas,B,22400.0
138499,2024-06-12,store_ae7481_20.0_marlboro vista summer x 20 cigarrillos,B,11100.0
138510,2024-06-12,store_ae7481_228.6_fanta gaseosa rojo,B,3200.0
138556,2024-06-12,store_ae7481_317.7_flips cereal relleno con sabor a chocolate,B,19700.0
138580,2024-06-12,store_ae7481_403.6_choco krispis cereal de arroz sabor a chocolate,B,22600.0
138596,2024-06-12,store_ae7481_483.3_mr tea bebida de te sabor natural a limon,B,2900.0
138626,2024-06-12,store_ae7481_698.8_gran centenario tequila reposado,B,95040.0
138696,2024-06-12,store_37eccc_1.0_vapeador desechable vuse go max watermelon ice 3 paquetex1u,B,35000.0
138978,2024-06-13,store_3acafd_1.0_cristal agua sin gas,B,1600.0
139028,2024-06-13,store_3acafd_244.4_red bull bebida energizante sandia 250ml,B,6600.0
139221,2024-06-13,store_fbe6e6_369.0_del valle aguardiente balnco sin azucar,B,21400.0
139501,2024-06-13,store_8814bd_699.2_absolut vodka original,B,92300.0
139648,2024-06-13,store_8a69b0_697.8_gordons ginebra premium pink frambuesa,B,97000.0
139779,2024-06-13,store_a66708_1.0_hatsu bebida con te blanco sabor a flor de cerezo,B,19900.0
139977,2024-06-13,store_a66708_351.7_natumalta bebida de malta,B,2110.0
140126,2024-06-13,store_a66708_748.8_columbia crest champagne brut,B,62900.0
140131,2024-06-13,store_a66708_749.1_blanco del valle aguardiente fiesta sin azucar,B,39700.0
140189,2024-06-13,store_e6e286_199.7_ponds limpiador facial juice collection gel,B,38950.0
140362,2024-06-13,store_216ad1_350.0_vive 100 energizante ultra,B,2450.0
140368,2024-06-13,store_216ad1_4.0_nebido undecanoato de testosterona 1000 mg,B,308400.0
140454,2024-06-13,store_993204_370.3_smirnoff x1 vodka botella,B,23700.0
140540,2024-06-13,store_6ebc6b_362.5_vive 100 energizante ultra,B,2900.0
140802,2024-06-13,store_3284a3_50.0_darnel vaso 6 oz naturals bebidas calientes,B,7200.0
141025,2024-06-13,store_0133c2_1.0_vape vapeador desechable pina mentolada 1500 puff vaal,B,37500.0
141035,2024-06-13,store_0133c2_1.0_vape vapeador raspberry lemonade 3000 puff juice head bars,B,75000.0
141125,2024-06-13,store_a1e267_1000.0_grand old parr 12 anos whisky escoces blended scotch premium,B,183000.0
141128,2024-06-13,store_a1e267_1162.5_h2oh agua saborizada limonata,B,4650.0
141388,2024-06-13,store_33070a_1.0_colombiana refresco gaseoso econolitro,B,3100.0
141389,2024-06-13,store_33070a_1.0_cristal agua sin gas,B,2100.0
141461,2024-06-13,store_33070a_250.0_smirnoff ice coctel sabor a manzana verde,B,7000.0
141587,2024-06-13,store_fde6f8_1721.8_blanco del valle aguardiente sin azucar,B,87810.0
141601,2024-06-13,store_fde6f8_2.0_pony malta bebida de malta,B,6100.0
141655,2024-06-13,store_fde6f8_496.0_mr tea bebida de te sabor durazno,B,2480.0
141687,2024-06-13,store_a6ddbe_1.0_andina cerveza light,B,14900.0
141714,2024-06-13,store_a6ddbe_1.5_pony malta bebida de malta,B,5600.0
141959,2024-06-13,store_a6ddbe_747.1_blanco del valle aguardiente fiesta sin azucar,B,38850.0
141996,2024-06-13,store_a6ddbe_750.0_dom perignon champagne luminous brut,B,1290000.0
142025,2024-06-13,store_27ea4e_1.5_mr tea bebida de te con sabor a durazno,B,5000.0
142187,2024-06-13,store_ae7481_1.0_vapeador desechable vuse go max berry blend 3 paquetex1und,B,35290.0
142332,2024-06-13,store_ae7481_317.7_flips cereal relleno con sabor a chocolate,B,19700.0
142361,2024-06-13,store_ae7481_403.6_choco krispis cereal de arroz sabor a chocolate,B,22600.0
142379,2024-06-13,store_ae7481_483.3_mr tea bebida de te sabor natural a limon,B,2900.0
142515,2024-06-13,store_37eccc_1.0_vapeador desechable vuse go max watermelon ice 3 paquetex1u,B,35000.0
142883,2024-06-14,store_3acafd_699.2_don julio tequila reposado reservado 100 agave,B,274800.0
142970,2024-06-14,store_fbe6e6_369.0_del valle aguardiente balnco sin azucar,B,21400.0
143067,2024-06-14,store_8814bd_20.0_marlboro gold x 20 cigarrillos,B,10500.0
143174,2024-06-14,store_8814bd_699.2_absolut vodka original,B,92300.0
143220,2024-06-14,store_8814bd_933.3_colanta leche liquida semidescremada,B,5600.0
143386,2024-06-14,store_a66708_1.0_hatsu bebida con te blanco sabor a flor de cerezo,B,19900.0
143570,2024-06-14,store_a66708_351.7_natumalta bebida de malta,B,2110.0
143710,2024-06-14,store_a66708_748.8_columbia crest champagne brut,B,62900.0
143715,2024-06-14,store_a66708_749.1_blanco del valle aguardiente fiesta sin azucar,B,39700.0
143867,2024-06-14,store_e6e286_500.0_bebida hidratante powerade mountain blast 500ml,B,3500.0
143924,2024-06-14,store_216ad1_4.0_nebido undecanoato de testosterona 1000 mg,B,308400.0
144154,2024-06-14,store_6ebc6b_362.5_vive 100 energizante ultra,B,2900.0
144288,2024-06-14,store_68fff2_20.0_heets amber selection,B,11000.0
144432,2024-06-14,store_3284a3_50.0_darnel vaso 6 oz naturals bebidas calientes,B,7200.0
144542,2024-06-14,store_1c408d_200.0_yogurt deslactosado alpina melocoton vaso 200 g,B,3400.0
144727,2024-06-14,store_0133c2_1.0_vape vapeador desechable pina mentolada 1500 puff vaal,B,37500.0
144737,2024-06-14,store_0133c2_1.0_vape vapeador raspberry lemonade 3000 puff juice head bars,B,75000.0
144812,2024-06-14,store_a1e267_1000.0_grand old parr 12 anos whisky escoces blended scotch premium,B,183000.0
144819,2024-06-14,store_a1e267_1162.5_h2oh agua saborizada limonata,B,4650.0
144935,2024-06-14,store_a1e267_699.2_olmeca tequila reposado,B,87400.0
145006,2024-06-14,store_33070a_1.0_cristal agua sin gas,B,2100.0
145014,2024-06-14,store_33070a_10.0_marlboro rojo x 10 cigarrillos,B,5250.0
145053,2024-06-14,store_33070a_250.0_smirnoff ice coctel sabor a manzana verde,B,7000.0
145145,2024-06-14,store_fde6f8_1721.8_blanco del valle aguardiente sin azucar,B,87810.0
145160,2024-06-14,store_fde6f8_2.0_pony malta bebida de malta,B,6100.0
145225,2024-06-14,store_fde6f8_496.0_mr tea bebida de te sabor durazno,B,2480.0
145274,2024-06-14,store_a6ddbe_1.0_andina cerveza light,B,11300.0
145300,2024-06-14,store_a6ddbe_1.5_pony malta bebida de malta,B,5600.0
145531,2024-06-14,store_a6ddbe_747.1_blanco del valle aguardiente fiesta sin azucar,B,38850.0
145551,2024-06-14,store_a6ddbe_750.0_dom perignon champagne luminous brut,B,1290000.0
145775,2024-06-14,store_ae7481_1.0_vapeador desechable vuse go max berry blend 3 paquetex1und,B,19250.0
145847,2024-06-14,store_ae7481_14.0_alkaseltzer 100 mg 14 tabletas,B,22400.0
145896,2024-06-14,store_ae7481_20.0_marlboro vista summer x 20 cigarrillos,B,11100.0
145956,2024-06-14,store_ae7481_317.7_flips cereal relleno con sabor a chocolate,B,19700.0
145987,2024-06-14,store_ae7481_403.6_choco krispis cereal de arroz sabor a chocolate,B,22600.0
146004,2024-06-14,store_ae7481_483.3_mr tea bebida de te sabor natural a limon,B,2900.0
146099,2024-06-14,store_37eccc_1.0_vapeador desechable vuse go max watermelon ice 3 paquetex1u,B,35000.0
146367,2024-06-16,store_3acafd_244.4_red bull bebida energizante sandia 250ml,B,6600.0
146410,2024-06-16,store_3acafd_699.2_don julio tequila reposado reservado 100 agave,B,274800.0
146506,2024-06-16,store_fbe6e6_369.0_del valle aguardiente balnco sin azucar,B,21400.0
146629,2024-06-16,store_8814bd_20.0_marlboro gold x 20 cigarrillos,B,10500.0
146814,2024-06-16,store_8814bd_933.3_colanta leche liquida semidescremada,B,5600.0
147110,2024-06-16,store_a66708_351.7_natumalta bebida de malta,B,2110.0
147240,2024-06-16,store_a66708_748.8_columbia crest champagne brut,B,62900.0
147244,2024-06-16,store_a66708_749.1_blanco del valle aguardiente fiesta sin azucar,B,39700.0
147392,2024-06-16,store_e6e286_500.0_bebida hidratante powerade mountain blast 500ml,B,3500.0
147466,2024-06-16,store_216ad1_350.0_vive 100 energizante ultra,B,2450.0
147469,2024-06-16,store_216ad1_4.0_nebido undecanoato de testosterona 1000 mg,B,308400.0
147649,2024-06-16,store_6ebc6b_362.5_vive 100 energizante ultra,B,2900.0
147769,2024-06-16,store_3284a3_11.9_activade bebida en polvo hidratante tropical fruit,B,1790.0
147878,2024-06-16,store_3284a3_50.0_darnel vaso 6 oz naturals bebidas calientes,B,7200.0
147990,2024-06-16,store_1c408d_200.0_yogurt deslactosado alpina melocoton vaso 200 g,B,3400.0
148027,2024-06-16,store_1c408d_400.0_postobon acqua agua saborizada sabor manzana,B,1200.0
148157,2024-06-16,store_0133c2_1.0_vape vapeador desechable pina mentolada 1500 puff vaal,B,37500.0
148169,2024-06-16,store_0133c2_1.0_vape vapeador raspberry lemonade 3000 puff juice head bars,B,75000.0
148229,2024-06-16,store_a1e267_1162.5_h2oh agua saborizada limonata,B,4650.0
148346,2024-06-16,store_a1e267_699.2_olmeca tequila reposado,B,87400.0
148469,2024-06-16,store_33070a_1.0_cristal agua sin gas,B,2100.0
148482,2024-06-16,store_33070a_10.0_marlboro rojo x 10 cigarrillos,B,5250.0
148518,2024-06-16,store_33070a_250.0_smirnoff ice coctel sabor a manzana verde,B,7000.0
148626,2024-06-16,store_fde6f8_1721.8_blanco del valle aguardiente sin azucar,B,87810.0
148769,2024-06-16,store_a6ddbe_1.5_pony malta bebida de malta,B,5600.0
149018,2024-06-16,store_a6ddbe_747.1_blanco del valle aguardiente fiesta sin azucar,B,38850.0
149039,2024-06-16,store_a6ddbe_750.0_dom perignon champagne luminous brut,B,1290000.0
149294,2024-06-16,store_ae7481_1.0_vapeador desechable vuse go max berry blend 3 paquetex1und,B,28070.0
149407,2024-06-16,store_ae7481_20.0_marlboro vista summer x 20 cigarrillos,B,11100.0
149424,2024-06-16,store_ae7481_228.6_fanta gaseosa rojo,B,3200.0
149472,2024-06-16,store_ae7481_317.7_flips cereal relleno con sabor a chocolate,B,19700.0
149493,2024-06-16,store_ae7481_403.6_choco krispis cereal de arroz sabor a chocolate,B,22600.0
149601,2024-06-16,store_37eccc_1.0_vapeador desechable vuse go max watermelon ice 3 paquetex1u,B,35000.0
149908,2024-06-17,store_3acafd_244.4_red bull bebida energizante sandia 250ml,B,6600.0
150075,2024-06-17,store_fbe6e6_369.0_del valle aguardiente balnco sin azucar,B,21400.0
150216,2024-06-17,store_8814bd_20.0_marlboro gold x 20 cigarrillos,B,10500.0
150427,2024-06-17,store_8814bd_933.3_colanta leche liquida semidescremada,B,5600.0
150577,2024-06-17,store_a66708_1.0_hatsu bebida con te blanco sabor a flor de cerezo,B,19900.0
150772,2024-06-17,store_a66708_351.7_natumalta bebida de malta,B,2110.0
150958,2024-06-17,store_a66708_748.8_columbia crest champagne brut,B,62900.0
150962,2024-06-17,store_a66708_749.1_blanco del valle aguardiente fiesta sin azucar,B,39700.0
151091,2024-06-17,store_e6e286_500.0_bebida hidratante powerade mountain blast 500ml,B,3500.0
151165,2024-06-17,store_216ad1_350.0_vive 100 energizante ultra,B,2450.0
151240,2024-06-17,store_993204_370.3_smirnoff x1 vodka botella,B,23700.0
151333,2024-06-17,store_6ebc6b_362.5_vive 100 energizante ultra,B,2900.0
151450,2024-06-17,store_68fff2_20.0_heets amber selection,B,11000.0
151510,2024-06-17,store_3284a3_11.9_activade bebida en polvo hidratante tropical fruit,B,1790.0
151621,2024-06-17,store_3284a3_50.0_darnel vaso 6 oz naturals bebidas calientes,B,7200.0
151768,2024-06-17,store_1c408d_200.0_yogurt deslactosado alpina melocoton vaso 200 g,B,3400.0
152007,2024-06-17,store_0133c2_1.0_vape vapeador desechable pina mentolada 1500 puff vaal,B,37500.0
152017,2024-06-17,store_0133c2_1.0_vape vapeador raspberry lemonade 3000 puff juice head bars,B,75000.0
152104,2024-06-17,store_a1e267_1000.0_grand old parr 12 anos whisky escoces blended scotch premium,B,183000.0
152113,2024-06-17,store_a1e267_1162.5_h2oh agua saborizada limonata,B,4650.0
152250,2024-06-17,store_a1e267_699.2_olmeca tequila reposado,B,87400.0
152309,2024-06-17,store_33070a_1.0_colombiana refresco gaseoso econolitro,B,3100.0
152321,2024-06-17,store_33070a_10.0_marlboro rojo x 10 cigarrillos,B,5250.0
152442,2024-06-17,store_fde6f8_1721.8_blanco del valle aguardiente sin azucar,B,87810.0
152531,2024-06-17,store_fde6f8_496.0_mr tea bebida de te sabor durazno,B,2480.0
152587,2024-06-17,store_a6ddbe_1.0_andina cerveza light,B,11300.0
152621,2024-06-17,store_a6ddbe_1.5_pony malta bebida de malta,B,5600.0
152899,2024-06-17,store_a6ddbe_747.1_blanco del valle aguardiente fiesta sin azucar,B,38850.0
152927,2024-06-17,store_a6ddbe_750.0_dom perignon champagne luminous brut,B,1290000.0
153171,2024-06-17,store_ae7481_1.0_vapeador desechable vuse go max berry blend 3 paquetex1und,B,28070.0
153296,2024-06-17,store_ae7481_20.0_marlboro vista summer x 20 cigarrillos,B,11100.0
153313,2024-06-17,store_ae7481_228.6_fanta gaseosa rojo,B,3200.0
153371,2024-06-17,store_ae7481_317.7_flips cereal relleno con sabor a chocolate,B,19700.0
153417,2024-06-17,store_ae7481_403.6_choco krispis cereal de arroz sabor a chocolate,B,22600.0
153437,2024-06-17,store_ae7481_483.3_mr tea bebida de te sabor natural a limon,B,2900.0
153580,2024-06-17,store_37eccc_1.0_vapeador desechable vuse go max watermelon ice 3 paquetex1u,B,35000.0
154139,2024-06-19,store_8814bd_20.0_marlboro gold x 20 cigarrillos,B,10500.0
154268,2024-06-19,store_8814bd_699.2_absolut vodka original,B,92300.0
154470,2024-06-19,store_a66708_1.0_hatsu bebida con te blanco sabor a flor de cerezo,B,19900.0
154667,2024-06-19,store_a66708_351.7_natumalta bebida de malta,B,2110.0
154796,2024-06-19,store_a66708_748.8_columbia crest champagne brut,B,62900.0
154799,2024-06-19,store_a66708_749.1_blanco del valle aguardiente fiesta sin azucar,B,39700.0
154938,2024-06-19,store_e6e286_500.0_bebida hidratante powerade mountain blast 500ml,B,3500.0
155131,2024-06-19,store_6ebc6b_362.5_vive 100 energizante ultra,B,2900.0
155462,2024-06-19,store_3284a3_50.0_darnel vaso 6 oz naturals bebidas calientes,B,7200.0
155585,2024-06-19,store_1c408d_200.0_yogurt deslactosado alpina melocoton vaso 200 g,B,3400.0
155648,2024-06-19,store_1c408d_400.0_postobon acqua agua saborizada sabor manzana,B,1200.0
155784,2024-06-19,store_0133c2_1.0_vape vapeador desechable pina mentolada 1500 puff vaal,B,37500.0
155794,2024-06-19,store_0133c2_1.0_vape vapeador raspberry lemonade 3000 puff juice head bars,B,75000.0
155851,2024-06-19,store_a1e267_1000.0_grand old parr 12 anos whisky escoces blended scotch premium,B,183000.0
156031,2024-06-19,store_33070a_10.0_marlboro rojo x 10 cigarrillos,B,5250.0
156177,2024-06-19,store_fde6f8_1721.8_blanco del valle aguardiente sin azucar,B,87810.0
156255,2024-06-19,store_fde6f8_496.0_mr tea bebida de te sabor durazno,B,2480.0
156295,2024-06-19,store_a6ddbe_1.0_andina cerveza light,B,14900.0
156317,2024-06-19,store_a6ddbe_1.5_pony malta bebida de malta,B,5600.0
156530,2024-06-19,store_a6ddbe_747.1_blanco del valle aguardiente fiesta sin azucar,B,38850.0
156558,2024-06-19,store_a6ddbe_750.0_dom perignon champagne luminous brut,B,1290000.0
156598,2024-06-19,store_27ea4e_1.5_mr tea bebida de te con sabor a durazno,B,5000.0
156824,2024-06-19,store_ae7481_1.0_vapeador desechable vuse go max berry blend 3 paquetex1und,B,28070.0
156907,2024-06-19,store_ae7481_14.0_alkaseltzer 100 mg 14 tabletas,B,22400.0
156959,2024-06-19,store_ae7481_20.0_marlboro vista summer x 20 cigarrillos,B,11100.0
156974,2024-06-19,store_ae7481_228.6_fanta gaseosa rojo,B,3200.0
157025,2024-06-19,store_ae7481_317.7_flips cereal relleno con sabor a chocolate,B,19700.0
157061,2024-06-19,store_ae7481_403.6_choco krispis cereal de arroz sabor a chocolate,B,22600.0
157076,2024-06-19,store_ae7481_483.3_mr tea bebida de te sabor natural a limon,B,2900.0
157167,2024-06-19,store_37eccc_1.0_vapeador desechable vuse go max watermelon ice 3 paquetex1u,B,35000.0
157417,2024-06-21,store_3acafd_1.0_cristal agua sin gas,B,1600.0
157431,2024-06-21,store_3acafd_10.0_lucky strike cigarrillo fest,B,5500.0
157470,2024-06-21,store_3acafd_244.4_red bull bebida energizante sandia 250ml,B,6600.0
157638,2024-06-21,store_fbe6e6_369.0_del valle aguardiente balnco sin azucar,B,21400.0
157744,2024-06-21,store_8814bd_20.0_marlboro gold x 20 cigarrillos,B,10500.0
157857,2024-06-21,store_8814bd_699.2_absolut vodka original,B,92300.0
157907,2024-06-21,store_8814bd_933.3_colanta leche liquida semidescremada,B,5600.0
158247,2024-06-21,store_a66708_351.7_natumalta bebida de malta,B,2110.0
158424,2024-06-21,store_a66708_748.8_columbia crest champagne brut,B,62900.0
158574,2024-06-21,store_e6e286_500.0_bebida hidratante powerade mountain blast 500ml,B,3500.0
158665,2024-06-21,store_216ad1_350.0_vive 100 energizante ultra,B,2450.0
158669,2024-06-21,store_216ad1_4.0_nebido undecanoato de testosterona 1000 mg,B,308400.0
158774,2024-06-21,store_993204_370.3_smirnoff x1 vodka botella,B,23700.0
158862,2024-06-21,store_6ebc6b_362.5_vive 100 energizante ultra,B,2900.0
159183,2024-06-21,store_3284a3_50.0_darnel vaso 6 oz naturals bebidas calientes,B,7200.0
159463,2024-06-21,store_0133c2_1.0_vape vapeador desechable pina mentolada 1500 puff vaal,B,37500.0
159526,2024-06-21,store_a1e267_1000.0_grand old parr 12 anos whisky escoces blended scotch premium,B,183000.0
159651,2024-06-21,store_a1e267_699.2_olmeca tequila reposado,B,87400.0
159723,2024-06-21,store_33070a_1.0_colombiana refresco gaseoso econolitro,B,3100.0
159724,2024-06-21,store_33070a_1.0_cristal agua sin gas,B,2100.0
159900,2024-06-21,store_fde6f8_1721.8_blanco del valle aguardiente sin azucar,B,87810.0
159984,2024-06-21,store_fde6f8_496.0_mr tea bebida de te sabor durazno,B,2480.0
160080,2024-06-21,store_a6ddbe_1.5_pony malta bebida de malta,B,5600.0
160296,2024-06-21,store_a6ddbe_747.1_blanco del valle aguardiente fiesta sin azucar,B,38850.0
160336,2024-06-21,store_a6ddbe_750.0_dom perignon champagne luminous brut,B,1290000.0
160374,2024-06-21,store_27ea4e_1.5_mr tea bebida de te con sabor a durazno,B,5000.0
160599,2024-06-21,store_ae7481_1.0_vapeador desechable vuse go max berry blend 3 paquetex1und,B,28070.0
160693,2024-06-21,store_ae7481_20.0_marlboro vista summer x 20 cigarrillos,B,11100.0
160750,2024-06-21,store_ae7481_317.7_flips cereal relleno con sabor a chocolate,B,19700.0
160789,2024-06-21,store_ae7481_483.3_mr tea bebida de te sabor natural a limon,B,2900.0
161265,2024-06-22,store_3acafd_10.0_lucky strike cigarrillo fest,B,5500.0
161440,2024-06-22,store_fbe6e6_369.0_del valle aguardiente balnco sin azucar,B,21400.0
161589,2024-06-22,store_8814bd_20.0_marlboro gold x 20 cigarrillos,B,10500.0
161776,2024-06-22,store_8814bd_699.2_absolut vodka original,B,92300.0
161856,2024-06-22,store_8814bd_933.3_colanta leche liquida semidescremada,B,5600.0
162268,2024-06-22,store_a66708_351.7_natumalta bebida de malta,B,2110.0
162573,2024-06-22,store_e6e286_199.7_ponds limpiador facial juice collection gel,B,38950.0
162810,2024-06-22,store_216ad1_350.0_vive 100 energizante ultra,B,2450.0
162902,2024-06-22,store_993204_370.3_smirnoff x1 vodka botella,B,23700.0
162993,2024-06-22,store_6ebc6b_362.5_vive 100 energizante ultra,B,2900.0
163074,2024-06-22,store_68fff2_20.0_heets amber selection,B,11000.0
163298,2024-06-22,store_3284a3_50.0_darnel vaso 6 oz naturals bebidas calientes,B,7200.0
163447,2024-06-22,store_1c408d_200.0_yogurt deslactosado alpina melocoton vaso 200 g,B,3400.0
163714,2024-06-22,store_0133c2_1.0_vape vapeador desechable pina mentolada 1500 puff vaal,B,37500.0
163720,2024-06-22,store_0133c2_1.0_vape vapeador raspberry lemonade 3000 puff juice head bars,B,75000.0
163782,2024-06-22,store_a1e267_1000.0_grand old parr 12 anos whisky escoces blended scotch premium,B,183000.0
163790,2024-06-22,store_a1e267_1162.5_h2oh agua saborizada limonata,B,4650.0
163895,2024-06-22,store_a1e267_699.2_olmeca tequila reposado,B,87400.0
163976,2024-06-22,store_33070a_1.0_colombiana refresco gaseoso econolitro,B,3100.0
163978,2024-06-22,store_33070a_1.0_cristal agua sin gas,B,2100.0
163988,2024-06-22,store_33070a_10.0_marlboro rojo x 10 cigarrillos,B,5250.0
164137,2024-06-22,store_fde6f8_1721.8_blanco del valle aguardiente sin azucar,B,87810.0
164236,2024-06-22,store_fde6f8_496.0_mr tea bebida de te sabor durazno,B,2480.0
164317,2024-06-22,store_a6ddbe_1.0_andina cerveza light,B,11300.0
164347,2024-06-22,store_a6ddbe_1.5_pony malta bebida de malta,B,5600.0
164686,2024-06-22,store_a6ddbe_747.1_blanco del valle aguardiente fiesta sin azucar,B,38850.0
164780,2024-06-22,store_27ea4e_1.5_mr tea bebida de te con sabor a durazno,B,5000.0
165013,2024-06-22,store_ae7481_1.0_vapeador desechable vuse go max berry blend 3 paquetex1und,B,28070.0
165139,2024-06-22,store_ae7481_20.0_marlboro vista summer x 20 cigarrillos,B,11100.0
165154,2024-06-22,store_ae7481_228.6_fanta gaseosa rojo,B,3200.0
165212,2024-06-22,store_ae7481_317.7_flips cereal relleno con sabor a chocolate,B,19700.0
165258,2024-06-22,store_ae7481_483.3_mr tea bebida de te sabor natural a limon,B,2900.0
165958,2024-06-23,store_fbe6e6_369.0_del valle aguardiente balnco sin azucar,B,21400.0
166116,2024-06-23,store_8814bd_20.0_marlboro gold x 20 cigarrillos,B,10500.0
166244,2024-06-23,store_8814bd_699.2_absolut vodka original,B,92300.0
166338,2024-06-23,store_8814bd_933.3_colanta leche liquida semidescremada,B,5600.0
166415,2024-06-23,store_8a69b0_697.8_gordons ginebra premium pink frambuesa,B,97000.0
166722,2024-06-23,store_a66708_351.7_natumalta bebida de malta,B,2110.0
166934,2024-06-23,store_a66708_748.8_columbia crest champagne brut,B,62900.0
167101,2024-06-23,store_e6e286_500.0_bebida hidratante powerade mountain blast 500ml,B,3500.0
167337,2024-06-23,store_993204_370.3_smirnoff x1 vodka botella,B,23700.0
167400,2024-06-23,store_6ebc6b_362.5_vive 100 energizante ultra,B,2900.0
167591,2024-06-23,store_3284a3_50.0_darnel vaso 6 oz naturals bebidas calientes,B,7200.0
167968,2024-06-23,store_0133c2_1.0_vape vapeador desechable pina mentolada 1500 puff vaal,B,37500.0
167978,2024-06-23,store_0133c2_1.0_vape vapeador raspberry lemonade 3000 puff juice head bars,B,75000.0
168257,2024-06-23,store_33070a_1.0_colombiana refresco gaseoso econolitro,B,3100.0
168258,2024-06-23,store_33070a_1.0_cristal agua sin gas,B,2100.0
168272,2024-06-23,store_33070a_10.0_marlboro rojo x 10 cigarrillos,B,5250.0
168410,2024-06-23,store_fde6f8_1721.8_blanco del valle aguardiente sin azucar,B,87810.0
168477,2024-06-23,store_fde6f8_496.0_mr tea bebida de te sabor durazno,B,2480.0
168522,2024-06-23,store_a6ddbe_1.0_andina cerveza light,B,11300.0
168548,2024-06-23,store_a6ddbe_1.5_pony malta bebida de malta,B,5600.0
168841,2024-06-23,store_a6ddbe_747.1_blanco del valle aguardiente fiesta sin azucar,B,38850.0
168874,2024-06-23,store_a6ddbe_750.0_dom perignon champagne luminous brut,B,1290000.0
168925,2024-06-23,store_27ea4e_1.5_mr tea bebida de te con sabor a durazno,B,5000.0
169142,2024-06-23,store_ae7481_1.0_vapeador desechable vuse go max berry blend 3 paquetex1und,B,28070.0
169228,2024-06-23,store_ae7481_14.0_alkaseltzer 100 mg 14 tabletas,B,22400.0
169278,2024-06-23,store_ae7481_20.0_marlboro vista summer x 20 cigarrillos,B,11100.0
169292,2024-06-23,store_ae7481_228.6_fanta gaseosa rojo,B,3200.0
169354,2024-06-23,store_ae7481_317.7_flips cereal relleno con sabor a chocolate,B,19700.0
169412,2024-06-23,store_ae7481_483.3_mr tea bebida de te sabor natural a limon,B,2900.0
169540,2024-06-23,store_37eccc_1.0_vapeador desechable vuse go max watermelon ice 3 paquetex1u,B,35000.0
169803,2024-06-24,store_3acafd_1.0_cristal agua sin gas,B,1600.0
169887,2024-06-24,store_3acafd_699.2_don julio tequila reposado reservado 100 agave,B,274800.0
169975,2024-06-24,store_fbe6e6_369.0_del valle aguardiente balnco sin azucar,B,21400.0
170117,2024-06-24,store_8814bd_20.0_marlboro gold x 20 cigarrillos,B,10500.0
170351,2024-06-24,store_8814bd_933.3_colanta leche liquida semidescremada,B,5600.0
170404,2024-06-24,store_8a69b0_697.8_gordons ginebra premium pink frambuesa,B,97000.0
170480,2024-06-24,store_a66708_1.0_hatsu bebida con te blanco sabor a flor de cerezo,B,19900.0
170875,2024-06-24,store_a66708_748.8_columbia crest champagne brut,B,62900.0
170986,2024-06-24,store_e6e286_199.7_ponds limpiador facial juice collection gel,B,38950.0
171073,2024-06-24,store_e6e286_500.0_bebida hidratante powerade mountain blast 500ml,B,3500.0
171249,2024-06-24,store_216ad1_4.0_nebido undecanoato de testosterona 1000 mg,B,308400.0
171375,2024-06-24,store_993204_370.3_smirnoff x1 vodka botella,B,23700.0
171455,2024-06-24,store_6ebc6b_362.5_vive 100 energizante ultra,B,2900.0
171577,2024-06-24,store_68fff2_20.0_heets amber selection,B,11000.0
171730,2024-06-24,store_3284a3_50.0_darnel vaso 6 oz naturals bebidas calientes,B,7200.0
171886,2024-06-24,store_1c408d_200.0_yogurt deslactosado alpina melocoton vaso 200 g,B,3400.0
171951,2024-06-24,store_1c408d_400.0_postobon acqua agua saborizada sabor manzana,B,1200.0
172105,2024-06-24,store_0133c2_1.0_vape vapeador desechable pina mentolada 1500 puff vaal,B,37500.0
172116,2024-06-24,store_0133c2_1.0_vape vapeador raspberry lemonade 3000 puff juice head bars,B,75000.0
172174,2024-06-24,store_a1e267_1000.0_grand old parr 12 anos whisky escoces blended scotch premium,B,183000.0
172266,2024-06-24,store_a1e267_699.2_olmeca tequila reposado,B,87400.0
172343,2024-06-24,store_33070a_1.0_cristal agua sin gas,B,2100.0
172359,2024-06-24,store_33070a_10.0_marlboro rojo x 10 cigarrillos,B,5250.0
172412,2024-06-24,store_33070a_250.0_smirnoff ice coctel sabor a manzana verde,B,7000.0
172542,2024-06-24,store_fde6f8_1721.8_blanco del valle aguardiente sin azucar,B,87810.0
172620,2024-06-24,store_fde6f8_496.0_mr tea bebida de te sabor durazno,B,2480.0
172695,2024-06-24,store_a6ddbe_1.5_pony malta bebida de malta,B,5600.0
172957,2024-06-24,store_a6ddbe_747.1_blanco del valle aguardiente fiesta sin azucar,B,38850.0
172992,2024-06-24,store_a6ddbe_750.0_dom perignon champagne luminous brut,B,1290000.0
173037,2024-06-24,store_27ea4e_1.5_mr tea bebida de te con sabor a durazno,B,5000.0
173246,2024-06-24,store_ae7481_1.0_vapeador desechable vuse go max berry blend 3 paquetex1und,B,28070.0
173380,2024-06-24,store_ae7481_20.0_marlboro vista summer x 20 cigarrillos,B,11100.0
173395,2024-06-24,store_ae7481_228.6_fanta gaseosa rojo,B,3200.0
173446,2024-06-24,store_ae7481_317.7_flips cereal relleno con sabor a chocolate,B,19700.0
173491,2024-06-24,store_ae7481_483.3_mr tea bebida de te sabor natural a limon,B,2900.0
173627,2024-06-24,store_37eccc_1.0_vapeador desechable vuse go max watermelon ice 3 paquetex1u,B,35000.0
173965,2024-06-25,store_3acafd_1.0_cristal agua sin gas,B,1600.0
174051,2024-06-25,store_3acafd_699.2_don julio tequila reposado reservado 100 agave,B,274800.0
174148,2024-06-25,store_fbe6e6_369.0_del valle aguardiente balnco sin azucar,B,21400.0
174294,2024-06-25,store_8814bd_20.0_marlboro gold x 20 cigarrillos,B,10500.0
174464,2024-06-25,store_8814bd_699.2_absolut vodka original,B,92300.0
174527,2024-06-25,store_8814bd_933.3_colanta leche liquida semidescremada,B,5600.0
174714,2024-06-25,store_a66708_1.0_hatsu bebida con te blanco sabor a flor de cerezo,B,19900.0
175103,2024-06-25,store_a66708_748.8_columbia crest champagne brut,B,62900.0
175226,2024-06-25,store_e6e286_500.0_bebida hidratante powerade mountain blast 500ml,B,3500.0
175386,2024-06-25,store_216ad1_4.0_nebido undecanoato de testosterona 1000 mg,B,308400.0
175548,2024-06-25,store_6ebc6b_362.5_vive 100 energizante ultra,B,2900.0
175657,2024-06-25,store_68fff2_20.0_heets amber selection,B,11000.0
175796,2024-06-25,store_3284a3_50.0_darnel vaso 6 oz naturals bebidas calientes,B,7200.0
175903,2024-06-25,store_1c408d_200.0_yogurt deslactosado alpina melocoton vaso 200 g,B,3400.0
175959,2024-06-25,store_1c408d_400.0_postobon acqua agua saborizada sabor manzana,B,1200.0
176123,2024-06-25,store_0133c2_1.0_vape vapeador desechable pina mentolada 1500 puff vaal,B,37500.0
176133,2024-06-25,store_0133c2_1.0_vape vapeador raspberry lemonade 3000 puff juice head bars,B,75000.0
176183,2024-06-25,store_a1e267_1000.0_grand old parr 12 anos whisky escoces blended scotch premium,B,183000.0
176277,2024-06-25,store_a1e267_699.2_olmeca tequila reposado,B,87400.0
176363,2024-06-25,store_33070a_1.0_cristal agua sin gas,B,2100.0
176372,2024-06-25,store_33070a_10.0_marlboro rojo x 10 cigarrillos,B,5250.0
176412,2024-06-25,store_33070a_250.0_smirnoff ice coctel sabor a manzana verde,B,7000.0
176509,2024-06-25,store_fde6f8_1721.8_blanco del valle aguardiente sin azucar,B,87810.0
176654,2024-06-25,store_a6ddbe_1.5_pony malta bebida de malta,B,5600.0
176902,2024-06-25,store_a6ddbe_747.1_blanco del valle aguardiente fiesta sin azucar,B,38850.0
176938,2024-06-25,store_a6ddbe_750.0_dom perignon champagne luminous brut,B,1290000.0
177147,2024-06-25,store_ae7481_1.0_vapeador desechable vuse go max berry blend 3 paquetex1und,B,35290.0
177268,2024-06-25,store_ae7481_20.0_marlboro vista summer x 20 cigarrillos,B,11100.0
177281,2024-06-25,store_ae7481_228.6_fanta gaseosa rojo,B,3200.0
177340,2024-06-25,store_ae7481_317.7_flips cereal relleno con sabor a chocolate,B,19700.0
177423,2024-06-25,store_ae7481_698.8_gran centenario tequila reposado,B,118800.0
177498,2024-06-25,store_37eccc_1.0_vapeador desechable vuse go max watermelon ice 3 paquetex1u,B,35000.0
177872,2024-06-26,store_3acafd_1.0_cristal agua sin gas,B,1600.0
177923,2024-06-26,store_3acafd_244.4_red bull bebida energizante sandia 250ml,B,6600.0
177980,2024-06-26,store_3acafd_699.2_don julio tequila reposado reservado 100 agave,B,274800.0
178121,2024-06-26,store_fbe6e6_369.0_del valle aguardiente balnco sin azucar,B,21400.0
178310,2024-06-26,store_8814bd_20.0_marlboro gold x 20 cigarrillos,B,10500.0
178463,2024-06-26,store_8814bd_699.2_absolut vodka original,B,92300.0
178560,2024-06-26,store_8814bd_933.3_colanta leche liquida semidescremada,B,5600.0
178625,2024-06-26,store_8a69b0_697.8_gordons ginebra premium pink frambuesa,B,97000.0
178770,2024-06-26,store_a66708_1.0_hatsu bebida con te blanco sabor a flor de cerezo,B,19900.0
179210,2024-06-26,store_a66708_748.8_columbia crest champagne brut,B,62900.0
179377,2024-06-26,store_e6e286_500.0_bebida hidratante powerade mountain blast 500ml,B,3500.0
179499,2024-06-26,store_216ad1_350.0_vive 100 energizante ultra,B,2450.0
179506,2024-06-26,store_216ad1_4.0_nebido undecanoato de testosterona 1000 mg,B,308400.0
179648,2024-06-26,store_6ebc6b_362.5_vive 100 energizante ultra,B,2900.0
179755,2024-06-26,store_68fff2_20.0_heets amber selection,B,11000.0
179926,2024-06-26,store_3284a3_50.0_darnel vaso 6 oz naturals bebidas calientes,B,7200.0
180131,2024-06-26,store_1c408d_400.0_postobon acqua agua saborizada sabor manzana,B,1200.0
180281,2024-06-26,store_0133c2_1.0_vape vapeador desechable pina mentolada 1500 puff vaal,B,37500.0
180290,2024-06-26,store_0133c2_1.0_vape vapeador raspberry lemonade 3000 puff juice head bars,B,75000.0
180348,2024-06-26,store_a1e267_1000.0_grand old parr 12 anos whisky escoces blended scotch premium,B,183000.0
180511,2024-06-26,store_a1e267_699.2_olmeca tequila reposado,B,87400.0
180603,2024-06-26,store_33070a_1.0_colombiana refresco gaseoso econolitro,B,2015.0
180604,2024-06-26,store_33070a_1.0_cristal agua sin gas,B,2100.0
180815,2024-06-26,store_fde6f8_1721.8_blanco del valle aguardiente sin azucar,B,87810.0
180838,2024-06-26,store_fde6f8_2.0_pony malta bebida de malta,B,6100.0
180908,2024-06-26,store_fde6f8_496.0_mr tea bebida de te sabor durazno,B,2480.0
180963,2024-06-26,store_a6ddbe_1.0_andina cerveza light,B,14900.0
180997,2024-06-26,store_a6ddbe_1.5_pony malta bebida de malta,B,5600.0
181233,2024-06-26,store_a6ddbe_747.1_blanco del valle aguardiente fiesta sin azucar,B,38850.0
181253,2024-06-26,store_a6ddbe_750.0_dom perignon champagne luminous brut,B,1290000.0
181297,2024-06-26,store_27ea4e_1.5_mr tea bebida de te con sabor a durazno,B,5000.0
181488,2024-06-26,store_ae7481_1.0_vapeador desechable vuse go max berry blend 3 paquetex1und,B,35290.0
181645,2024-06-26,store_ae7481_20.0_marlboro vista summer x 20 cigarrillos,B,11100.0
181660,2024-06-26,store_ae7481_228.6_fanta gaseosa rojo,B,3200.0
181716,2024-06-26,store_ae7481_317.7_flips cereal relleno con sabor a chocolate,B,19700.0
181812,2024-06-26,store_ae7481_698.8_gran centenario tequila reposado,B,118800.0
181926,2024-06-26,store_37eccc_1.0_vapeador desechable vuse go max watermelon ice 3 paquetex1u,B,35000.0
182520,2024-06-27,store_8814bd_20.0_marlboro gold x 20 cigarrillos,B,10500.0
182712,2024-06-27,store_8814bd_699.2_absolut vodka original,B,92300.0
182913,2024-06-27,store_a66708_1.0_hatsu bebida con te blanco sabor a flor de cerezo,B,19900.0
183353,2024-06-27,store_a66708_748.8_columbia crest champagne brut,B,62900.0
183555,2024-06-27,store_6ebc6b_362.5_vive 100 energizante ultra,B,2900.0
183997,2024-06-27,store_1c408d_400.0_postobon acqua agua saborizada sabor manzana,B,1200.0
184115,2024-06-27,store_a1e267_1000.0_grand old parr 12 anos whisky escoces blended scotch premium,B,183000.0
184265,2024-06-27,store_33070a_1.0_cristal agua sin gas,B,2100.0
184304,2024-06-27,store_33070a_250.0_smirnoff ice coctel sabor a manzana verde,B,7000.0
184428,2024-06-27,store_fde6f8_1721.8_blanco del valle aguardiente sin azucar,B,87810.0
184453,2024-06-27,store_fde6f8_2.0_pony malta bebida de malta,B,6100.0
184512,2024-06-27,store_fde6f8_496.0_mr tea bebida de te sabor durazno,B,2480.0
184609,2024-06-27,store_a6ddbe_1.5_pony malta bebida de malta,B,5600.0
184856,2024-06-27,store_a6ddbe_747.1_blanco del valle aguardiente fiesta sin azucar,B,38850.0
185067,2024-06-27,store_ae7481_1.0_vapeador desechable vuse go max berry blend 3 paquetex1und,B,35290.0
185225,2024-06-27,store_ae7481_20.0_marlboro vista summer x 20 cigarrillos,B,11100.0
185243,2024-06-27,store_ae7481_228.6_fanta gaseosa rojo,B,3200.0
185313,2024-06-27,store_ae7481_317.7_flips cereal relleno con sabor a chocolate,B,19700.0
185378,2024-06-27,store_ae7481_483.3_mr tea bebida de te sabor natural a limon,B,2900.0
185447,2024-06-27,store_ae7481_698.8_gran centenario tequila reposado,B,118800.0
185576,2024-06-27,store_37eccc_1.0_vapeador desechable vuse go max watermelon ice 3 paquetex1u,B,35000.0
186389,2024-06-28,store_8814bd_699.2_absolut vodka original,B,92300.0
186588,2024-06-28,store_a66708_1.0_hatsu bebida con te blanco sabor a flor de cerezo,B,19900.0
187045,2024-06-28,store_a66708_748.8_columbia crest champagne brut,B,62900.0
187181,2024-06-28,store_e6e286_500.0_bebida hidratante powerade mountain blast 500ml,B,3500.0
187288,2024-06-28,store_6ebc6b_362.5_vive 100 energizante ultra,B,2900.0
187633,2024-06-28,store_1c408d_200.0_yogurt deslactosado alpina melocoton vaso 200 g,B,3400.0
187711,2024-06-28,store_1c408d_400.0_postobon acqua agua saborizada sabor manzana,B,1200.0
187876,2024-06-28,store_0133c2_1.0_vape vapeador desechable pina mentolada 1500 puff vaal,B,37500.0
187886,2024-06-28,store_0133c2_1.0_vape vapeador raspberry lemonade 3000 puff juice head bars,B,75000.0
188103,2024-06-28,store_33070a_250.0_smirnoff ice coctel sabor a manzana verde,B,7000.0
188239,2024-06-28,store_fde6f8_1721.8_blanco del valle aguardiente sin azucar,B,87810.0
188267,2024-06-28,store_fde6f8_2.0_pony malta bebida de malta,B,6100.0
188350,2024-06-28,store_fde6f8_496.0_mr tea bebida de te sabor durazno,B,2480.0
188418,2024-06-28,store_a6ddbe_1.0_andina cerveza light,B,14900.0
188458,2024-06-28,store_a6ddbe_1.5_pony malta bebida de malta,B,5600.0
188732,2024-06-28,store_a6ddbe_747.1_blanco del valle aguardiente fiesta sin azucar,B,38850.0
188894,2024-06-28,store_ae7481_1.0_vapeador desechable vuse go max berry blend 3 paquetex1und,B,28070.0
189047,2024-06-28,store_ae7481_228.6_fanta gaseosa rojo,B,3200.0
189122,2024-06-28,store_ae7481_317.7_flips cereal relleno con sabor a chocolate,B,19700.0
189198,2024-06-28,store_ae7481_483.3_mr tea bebida de te sabor natural a limon,B,2900.0
189390,2024-06-28,store_37eccc_1.0_vapeador desechable vuse go max watermelon ice 3 paquetex1u,B,35000.0
189730,2024-07-03,store_3acafd_10.0_lucky strike cigarrillo fest,B,5500.0
189811,2024-07-03,store_fbe6e6_369.0_del valle aguardiente balnco sin azucar,B,21400.0
189947,2024-07-03,store_8814bd_20.0_marlboro gold x 20 cigarrillos,B,10500.0
190158,2024-07-03,store_8814bd_699.2_absolut vodka original,B,92300.0
190346,2024-07-03,store_a66708_1.0_hatsu bebida con te blanco sabor a flor de cerezo,B,19900.0
190574,2024-07-03,store_a66708_351.7_natumalta bebida de malta,B,2110.0
190760,2024-07-03,store_a66708_748.8_columbia crest champagne brut,B,62900.0
190764,2024-07-03,store_a66708_749.1_blanco del valle aguardiente fiesta sin azucar,B,39700.0
190921,2024-07-03,store_e6e286_500.0_bebida hidratante powerade mountain blast 500ml,B,3500.0
191156,2024-07-03,store_6ebc6b_362.5_vive 100 energizante ultra,B,2900.0
191312,2024-07-03,store_68fff2_20.0_heets amber selection,B,11000.0
191581,2024-07-03,store_1c408d_400.0_postobon acqua agua saborizada sabor manzana,B,1200.0
191726,2024-07-03,store_0133c2_1.0_vape vapeador desechable pina mentolada 1500 puff vaal,B,37500.0
191735,2024-07-03,store_0133c2_1.0_vape vapeador raspberry lemonade 3000 puff juice head bars,B,75000.0
191788,2024-07-03,store_a1e267_1162.5_h2oh agua saborizada limonata,B,4650.0
191922,2024-07-03,store_33070a_1.0_colombiana refresco gaseoso econolitro,B,3000.0
191941,2024-07-03,store_33070a_10.0_marlboro rojo x 10 cigarrillos,B,5250.0
192108,2024-07-03,store_fde6f8_1721.8_blanco del valle aguardiente sin azucar,B,87810.0
192127,2024-07-03,store_fde6f8_2.0_pony malta bebida de malta,B,6100.0
192196,2024-07-03,store_fde6f8_496.0_mr tea bebida de te sabor durazno,B,2480.0
192258,2024-07-03,store_a6ddbe_1.0_andina cerveza light,B,11300.0
192296,2024-07-03,store_a6ddbe_1.5_pony malta bebida de malta,B,5600.0
192558,2024-07-03,store_a6ddbe_747.1_blanco del valle aguardiente fiesta sin azucar,B,38850.0
192591,2024-07-03,store_a6ddbe_750.0_dom perignon champagne luminous brut,B,1290000.0
192770,2024-07-03,store_ae7481_1.0_vapeador desechable vuse go max berry blend 3 paquetex1und,B,40000.0
192932,2024-07-03,store_ae7481_20.0_marlboro vista summer x 20 cigarrillos,B,11100.0
192953,2024-07-03,store_ae7481_228.6_fanta gaseosa rojo,B,3200.0
193014,2024-07-03,store_ae7481_317.7_flips cereal relleno con sabor a chocolate,B,19700.0
193060,2024-07-03,store_ae7481_403.6_choco krispis cereal de arroz sabor a chocolate,B,22600.0
193083,2024-07-03,store_ae7481_483.3_mr tea bebida de te sabor natural a limon,B,2900.0
193138,2024-07-03,store_ae7481_698.8_gran centenario tequila reposado,B,118800.0
193268,2024-07-03,store_37eccc_1.0_vapeador desechable vuse go max watermelon ice 3 paquetex1u,B,35000.0
193469,2024-07-04,store_3acafd_10.0_lucky strike cigarrillo fest,B,5500.0
193579,2024-07-04,store_fbe6e6_369.0_del valle aguardiente balnco sin azucar,B,21400.0
193731,2024-07-04,store_8814bd_20.0_marlboro gold x 20 cigarrillos,B,10500.0
193914,2024-07-04,store_8814bd_699.2_absolut vodka original,B,92300.0
194099,2024-07-04,store_a66708_1.0_hatsu bebida con te blanco sabor a flor de cerezo,B,19900.0
194346,2024-07-04,store_a66708_351.7_natumalta bebida de malta,B,2110.0
194677,2024-07-04,store_e6e286_500.0_bebida hidratante powerade mountain blast 500ml,B,3500.0
194890,2024-07-04,store_6ebc6b_362.5_vive 100 energizante ultra,B,2900.0
195350,2024-07-04,store_1c408d_400.0_postobon acqua agua saborizada sabor manzana,B,1200.0
195478,2024-07-04,store_0133c2_1.0_vape vapeador desechable pina mentolada 1500 puff vaal,B,50000.0
195488,2024-07-04,store_0133c2_1.0_vape vapeador raspberry lemonade 3000 puff juice head bars,B,48750.0
195593,2024-07-04,store_a1e267_1162.5_h2oh agua saborizada limonata,B,4650.0
195780,2024-07-04,store_33070a_1.0_colombiana refresco gaseoso econolitro,B,3000.0
195938,2024-07-04,store_fde6f8_1721.8_blanco del valle aguardiente sin azucar,B,87810.0
195966,2024-07-04,store_fde6f8_2.0_pony malta bebida de malta,B,6100.0
196031,2024-07-04,store_fde6f8_496.0_mr tea bebida de te sabor durazno,B,2480.0
196111,2024-07-04,store_a6ddbe_1.0_andina cerveza light,B,14900.0
196152,2024-07-04,store_a6ddbe_1.5_pony malta bebida de malta,B,5600.0
196452,2024-07-04,store_a6ddbe_747.1_blanco del valle aguardiente fiesta sin azucar,B,38850.0
196484,2024-07-04,store_a6ddbe_750.0_dom perignon champagne luminous brut,B,1290000.0
196779,2024-07-04,store_ae7481_1.0_vapeador desechable vuse go max berry blend 3 paquetex1und,B,40000.0
196934,2024-07-04,store_ae7481_20.0_marlboro vista summer x 20 cigarrillos,B,11100.0
196955,2024-07-04,store_ae7481_228.6_fanta gaseosa rojo,B,3200.0
197015,2024-07-04,store_ae7481_317.7_flips cereal relleno con sabor a chocolate,B,19700.0
197062,2024-07-04,store_ae7481_403.6_choco krispis cereal de arroz sabor a chocolate,B,22600.0
197086,2024-07-04,store_ae7481_483.3_mr tea bebida de te sabor natural a limon,B,2900.0
197148,2024-07-04,store_ae7481_698.8_gran centenario tequila reposado,B,118800.0
197270,2024-07-04,store_37eccc_1.0_vapeador desechable vuse go max watermelon ice 3 paquetex1u,B,35000.0
197563,2024-07-05,store_3acafd_10.0_lucky strike cigarrillo fest,B,5500.0
197683,2024-07-05,store_fbe6e6_369.0_del valle aguardiente balnco sin azucar,B,21400.0
197825,2024-07-05,store_8814bd_20.0_marlboro gold x 20 cigarrillos,B,10500.0
198006,2024-07-05,store_8814bd_699.2_absolut vodka original,B,92300.0
198367,2024-07-05,store_a66708_351.7_natumalta bebida de malta,B,2110.0
198630,2024-07-05,store_e6e286_500.0_bebida hidratante powerade mountain blast 500ml,B,3500.0
198769,2024-07-05,store_6ebc6b_362.5_vive 100 energizante ultra,B,2900.0
198920,2024-07-05,store_68fff2_20.0_heets amber selection,B,11000.0
199293,2024-07-05,store_1c408d_400.0_postobon acqua agua saborizada sabor manzana,B,1200.0
199450,2024-07-05,store_0133c2_1.0_vape vapeador desechable pina mentolada 1500 puff vaal,B,50000.0
199459,2024-07-05,store_0133c2_1.0_vape vapeador raspberry lemonade 3000 puff juice head bars,B,48750.0
199508,2024-07-05,store_a1e267_1162.5_h2oh agua saborizada limonata,B,4650.0
199839,2024-07-05,store_fde6f8_1721.8_blanco del valle aguardiente sin azucar,B,87810.0
199857,2024-07-05,store_fde6f8_2.0_pony malta bebida de malta,B,6100.0
199965,2024-07-05,store_a6ddbe_1.0_andina cerveza light,B,11300.0
199991,2024-07-05,store_a6ddbe_1.5_pony malta bebida de malta,B,5600.0
200230,2024-07-05,store_a6ddbe_747.1_blanco del valle aguardiente fiesta sin azucar,B,38850.0
200251,2024-07-05,store_a6ddbe_750.0_dom perignon champagne luminous brut,B,1290000.0
200511,2024-07-05,store_ae7481_1.0_vapeador desechable vuse go max berry blend 3 paquetex1und,B,28000.0
200671,2024-07-05,store_ae7481_20.0_marlboro vista summer x 20 cigarrillos,B,11100.0
200694,2024-07-05,store_ae7481_228.6_fanta gaseosa rojo,B,3200.0
200748,2024-07-05,store_ae7481_317.7_flips cereal relleno con sabor a chocolate,B,19700.0
200975,2024-07-05,store_37eccc_1.0_vapeador desechable vuse go max watermelon ice 3 paquetex1u,B,35000.0
201229,2024-07-06,store_3acafd_10.0_lucky strike cigarrillo fest,B,5500.0
201466,2024-07-06,store_8814bd_20.0_marlboro gold x 20 cigarrillos,B,10500.0
201641,2024-07-06,store_8814bd_699.2_absolut vodka original,B,92300.0
201801,2024-07-06,store_a66708_1.0_hatsu bebida con te blanco sabor a flor de cerezo,B,19900.0
202032,2024-07-06,store_a66708_351.7_natumalta bebida de malta,B,2110.0
202359,2024-07-06,store_e6e286_500.0_bebida hidratante powerade mountain blast 500ml,B,3500.0
202612,2024-07-06,store_6ebc6b_362.5_vive 100 energizante ultra,B,2900.0
202717,2024-07-06,store_68fff2_20.0_heets amber selection,B,11000.0
203025,2024-07-06,store_1c408d_400.0_postobon acqua agua saborizada sabor manzana,B,1200.0
203144,2024-07-06,store_0133c2_1.0_vape vapeador desechable pina mentolada 1500 puff vaal,B,50000.0
203153,2024-07-06,store_0133c2_1.0_vape vapeador raspberry lemonade 3000 puff juice head bars,B,48750.0
203365,2024-07-06,store_33070a_1.0_colombiana refresco gaseoso econolitro,B,3000.0
203451,2024-07-06,store_fde6f8_1721.8_blanco del valle aguardiente sin azucar,B,87810.0
203511,2024-07-06,store_fde6f8_496.0_mr tea bebida de te sabor durazno,B,2480.0
203566,2024-07-06,store_a6ddbe_1.0_andina cerveza light,B,11300.0
203600,2024-07-06,store_a6ddbe_1.5_pony malta bebida de malta,B,5600.0
203881,2024-07-06,store_a6ddbe_747.1_blanco del valle aguardiente fiesta sin azucar,B,38850.0
204152,2024-07-06,store_ae7481_1.0_vapeador desechable vuse go max berry blend 3 paquetex1und,B,28000.0
204308,2024-07-06,store_ae7481_20.0_marlboro vista summer x 20 cigarrillos,B,11100.0
204332,2024-07-06,store_ae7481_228.6_fanta gaseosa rojo,B,3200.0
204394,2024-07-06,store_ae7481_317.7_flips cereal relleno con sabor a chocolate,B,19700.0
204472,2024-07-06,store_ae7481_483.3_mr tea bebida de te sabor natural a limon,B,2900.0
204531,2024-07-06,store_ae7481_698.8_gran centenario tequila reposado,B,118800.0
204662,2024-07-06,store_37eccc_1.0_vapeador desechable vuse go max watermelon ice 3 paquetex1u,B,35000.0
204961,2024-07-07,store_3acafd_10.0_lucky strike cigarrillo fest,B,5500.0
205218,2024-07-07,store_8814bd_20.0_marlboro gold x 20 cigarrillos,B,10500.0
205565,2024-07-07,store_a66708_1.0_hatsu bebida con te blanco sabor a flor de cerezo,B,19900.0
205825,2024-07-07,store_a66708_351.7_natumalta bebida de malta,B,2110.0
206136,2024-07-07,store_e6e286_500.0_bebida hidratante powerade mountain blast 500ml,B,3500.0
206797,2024-07-07,store_1c408d_400.0_postobon acqua agua saborizada sabor manzana,B,1200.0
206950,2024-07-07,store_0133c2_1.0_vape vapeador desechable pina mentolada 1500 puff vaal,B,50000.0
206958,2024-07-07,store_0133c2_1.0_vape vapeador raspberry lemonade 3000 puff juice head bars,B,48750.0
207010,2024-07-07,store_a1e267_1162.5_h2oh agua saborizada limonata,B,4650.0
207160,2024-07-07,store_33070a_1.0_colombiana refresco gaseoso econolitro,B,3000.0
207275,2024-07-07,store_fde6f8_1721.8_blanco del valle aguardiente sin azucar,B,87810.0
207289,2024-07-07,store_fde6f8_2.0_pony malta bebida de malta,B,6100.0
207346,2024-07-07,store_fde6f8_496.0_mr tea bebida de te sabor durazno,B,2480.0
207441,2024-07-07,store_a6ddbe_1.5_pony malta bebida de malta,B,5600.0
207751,2024-07-07,store_a6ddbe_747.1_blanco del valle aguardiente fiesta sin azucar,B,38850.0
208059,2024-07-07,store_ae7481_1.0_vapeador desechable vuse go max berry blend 3 paquetex1und,B,28000.0
208214,2024-07-07,store_ae7481_20.0_marlboro vista summer x 20 cigarrillos,B,11100.0
208236,2024-07-07,store_ae7481_228.6_fanta gaseosa rojo,B,3200.0
208291,2024-07-07,store_ae7481_317.7_flips cereal relleno con sabor a chocolate,B,19700.0
208349,2024-07-07,store_ae7481_483.3_mr tea bebida de te sabor natural a limon,B,2900.0
208411,2024-07-07,store_ae7481_698.8_gran centenario tequila reposado,B,118800.0
208540,2024-07-07,store_37eccc_1.0_vapeador desechable vuse go max watermelon ice 3 paquetex1u,B,35000.0
208778,2024-07-08,store_3acafd_10.0_lucky strike cigarrillo fest,B,5500.0
208833,2024-07-08,store_fbe6e6_369.0_del valle aguardiente balnco sin azucar,B,21400.0
208943,2024-07-08,store_8814bd_20.0_marlboro gold x 20 cigarrillos,B,10500.0
209102,2024-07-08,store_8814bd_699.2_absolut vodka original,B,92300.0
209492,2024-07-08,store_a66708_351.7_natumalta bebida de malta,B,2110.0
209820,2024-07-08,store_e6e286_500.0_bebida hidratante powerade mountain blast 500ml,B,3500.0
210033,2024-07-08,store_6ebc6b_362.5_vive 100 energizante ultra,B,2900.0
210135,2024-07-08,store_68fff2_20.0_heets amber selection,B,11000.0
210452,2024-07-08,store_1c408d_400.0_postobon acqua agua saborizada sabor manzana,B,1200.0
210596,2024-07-08,store_0133c2_1.0_vape vapeador desechable pina mentolada 1500 puff vaal,B,50000.0
210607,2024-07-08,store_0133c2_1.0_vape vapeador raspberry lemonade 3000 puff juice head bars,B,48750.0
210692,2024-07-08,store_a1e267_1162.5_h2oh agua saborizada limonata,B,4650.0
210867,2024-07-08,store_33070a_1.0_colombiana refresco gaseoso econolitro,B,3000.0
210973,2024-07-08,store_fde6f8_1721.8_blanco del valle aguardiente sin azucar,B,87810.0
210991,2024-07-08,store_fde6f8_2.0_pony malta bebida de malta,B,6100.0
211089,2024-07-08,store_a6ddbe_1.0_andina cerveza light,B,11300.0
211118,2024-07-08,store_a6ddbe_1.5_pony malta bebida de malta,B,5600.0
211362,2024-07-08,store_a6ddbe_747.1_blanco del valle aguardiente fiesta sin azucar,B,38850.0
211597,2024-07-08,store_ae7481_1.0_vapeador desechable vuse go max berry blend 3 paquetex1und,B,28000.0
211751,2024-07-08,store_ae7481_20.0_marlboro vista summer x 20 cigarrillos,B,11100.0
211773,2024-07-08,store_ae7481_228.6_fanta gaseosa rojo,B,3200.0
211946,2024-07-08,store_ae7481_698.8_gran centenario tequila reposado,B,118800.0
212067,2024-07-08,store_37eccc_1.0_vapeador desechable vuse go max watermelon ice 3 paquetex1u,B,35000.0
212360,2024-07-10,store_3acafd_10.0_lucky strike cigarrillo fest,B,5500.0
212634,2024-07-10,store_8814bd_20.0_marlboro gold x 20 cigarrillos,B,10500.0
212818,2024-07-10,store_8814bd_699.2_absolut vodka original,B,92300.0
212973,2024-07-10,store_a66708_1.0_hatsu bebida con te blanco sabor a flor de cerezo,B,19900.0
213526,2024-07-10,store_e6e286_500.0_bebida hidratante powerade mountain blast 500ml,B,3500.0
213721,2024-07-10,store_6ebc6b_362.5_vive 100 energizante ultra,B,2900.0
213900,2024-07-10,store_68fff2_20.0_heets amber selection,B,11000.0
214246,2024-07-10,store_1c408d_400.0_postobon acqua agua saborizada sabor manzana,B,1200.0
214390,2024-07-10,store_0133c2_1.0_vape vapeador desechable pina mentolada 1500 puff vaal,B,50000.0
214401,2024-07-10,store_0133c2_1.0_vape vapeador raspberry lemonade 3000 puff juice head bars,B,48750.0
214468,2024-07-10,store_a1e267_1162.5_h2oh agua saborizada limonata,B,4650.0
214652,2024-07-10,store_33070a_1.0_colombiana refresco gaseoso econolitro,B,3000.0
214860,2024-07-10,store_a6ddbe_1.0_andina cerveza light,B,14900.0
214901,2024-07-10,store_a6ddbe_1.5_pony malta bebida de malta,B,5600.0
215182,2024-07-10,store_a6ddbe_747.1_blanco del valle aguardiente fiesta sin azucar,B,38850.0
215415,2024-07-10,store_ae7481_1.0_vapeador desechable vuse go max berry blend 3 paquetex1und,B,28000.0
215567,2024-07-10,store_ae7481_20.0_marlboro vista summer x 20 cigarrillos,B,11100.0
215590,2024-07-10,store_ae7481_228.6_fanta gaseosa rojo,B,3200.0
215648,2024-07-10,store_ae7481_317.7_flips cereal relleno con sabor a chocolate,B,19700.0
215723,2024-07-10,store_ae7481_483.3_mr tea bebida de te sabor natural a limon,B,2900.0
215779,2024-07-10,store_ae7481_698.8_gran centenario tequila reposado,B,95040.0
215898,2024-07-10,store_37eccc_1.0_vapeador desechable vuse go max watermelon ice 3 paquetex1u,B,35000.0
216238,2024-07-11,store_3acafd_10.0_lucky strike cigarrillo fest,B,5500.0
216498,2024-07-11,store_8814bd_20.0_marlboro gold x 20 cigarrillos,B,10500.0
216820,2024-07-11,store_a66708_1.0_hatsu bebida con te blanco sabor a flor de cerezo,B,19900.0
217038,2024-07-11,store_a66708_351.7_natumalta bebida de malta,B,2110.0
217369,2024-07-11,store_e6e286_500.0_bebida hidratante powerade mountain blast 500ml,B,3500.0
217562,2024-07-11,store_6ebc6b_362.5_vive 100 energizante ultra,B,2900.0
217958,2024-07-11,store_1c408d_400.0_postobon acqua agua saborizada sabor manzana,B,1200.0
218061,2024-07-11,store_a1e267_1162.5_h2oh agua saborizada limonata,B,4650.0
218237,2024-07-11,store_33070a_1.0_colombiana refresco gaseoso econolitro,B,3000.0
218363,2024-07-11,store_fde6f8_2.0_pony malta bebida de malta,B,6100.0
218485,2024-07-11,store_a6ddbe_1.5_pony malta bebida de malta,B,5600.0
218874,2024-07-11,store_ae7481_1.0_vapeador desechable vuse go max berry blend 3 paquetex1und,B,28000.0
219019,2024-07-11,store_ae7481_20.0_marlboro vista summer x 20 cigarrillos,B,11100.0
219039,2024-07-11,store_ae7481_228.6_fanta gaseosa rojo,B,3200.0
219158,2024-07-11,store_ae7481_483.3_mr tea bebida de te sabor natural a limon,B,2900.0
219201,2024-07-11,store_ae7481_698.8_gran centenario tequila reposado,B,95040.0
219311,2024-07-11,store_37eccc_1.0_vapeador desechable vuse go max watermelon ice 3 paquetex1u,B,35000.0
